experiment,child_id,condition,scenario,verb,question,response,distal,proximal,age_days,age_years,age_group,gender
exp1,FXC3NZ,physical,shock,,lexical,proximal,0,1,2010,5.5,5,f
exp1,FXC3NZ,physical,shock,,cause,distal,1,0,2010,5.5,5,f
exp1,FXC3NZ,physical,hurt,,lexical,proximal,0,1,2010,5.5,5,f
exp1,FXC3NZ,physical,hurt,,cause,distal,1,0,2010,5.5,5,f
exp1,G3RHJW,mental,shock,,lexical,distal,1,0,1920,5.26,5,m
exp1,G3RHJW,mental,shock,,cause,distal,1,0,1920,5.26,5,m
exp1,G3RHJW,mental,hurt,,lexical,distal,1,0,1920,5.26,5,m
exp1,G3RHJW,mental,hurt,,cause,distal,1,0,1920,5.26,5,m
exp1,4A3734,mental,hurt,,lexical,distal,1,0,2130,5.83,5,m
exp1,4A3734,mental,hurt,,cause,distal,1,0,2130,5.83,5,m
exp1,4A3734,mental,shock,,lexical,distal,1,0,2130,5.83,5,m
exp1,4A3734,mental,shock,,cause,proximal,0,1,2130,5.83,5,m
exp1,2N3Ldc,physical,hurt,,lexical,proximal,0,1,2490,6.82,6,f
exp1,2N3Ldc,physical,hurt,,cause,distal,1,0,2490,6.82,6,f
exp1,2N3Ldc,physical,shock,,lexical,proximal,0,1,2490,6.82,6,f
exp1,2N3Ldc,physical,shock,,cause,distal,1,0,2490,6.82,6,f
exp1,QJTTU3,physical,hurt,,cause,distal,1,0,2520,6.9,6,o
exp1,QJTTU3,physical,hurt,,lexical,distal,1,0,2520,6.9,6,o
exp1,QJTTU3,physical,shock,,cause,distal,1,0,2520,6.9,6,o
exp1,QJTTU3,physical,shock,,lexical,proximal,0,1,2520,6.9,6,o
exp1,dFTYQ4,physical,hurt,,cause,distal,1,0,2790,7.64,7,m
exp1,dFTYQ4,physical,hurt,,lexical,proximal,0,1,2790,7.64,7,m
exp1,dFTYQ4,physical,shock,,cause,distal,1,0,2790,7.64,7,m
exp1,dFTYQ4,physical,shock,,lexical,proximal,0,1,2790,7.64,7,m
exp1,S7XKTV,physical,shock,,cause,proximal,0,1,1230,3.37,3,f
exp1,S7XKTV,physical,shock,,lexical,proximal,0,1,1230,3.37,3,f
exp1,S7XKTV,physical,hurt,,cause,proximal,0,1,1230,3.37,3,f
exp1,S7XKTV,physical,hurt,,lexical,proximal,0,1,1230,3.37,3,f
exp1,ASEWWK,mental,hurt,,cause,proximal,0,1,2580,7.06,7,f
exp1,ASEWWK,mental,hurt,,lexical,proximal,0,1,2580,7.06,7,f
exp1,ASEWWK,mental,shock,,cause,proximal,0,1,2580,7.06,7,f
exp1,ASEWWK,mental,shock,,lexical,proximal,0,1,2580,7.06,7,f
exp1,3KKLWX,mental,shock,,cause,distal,1,0,1500,4.11,4,f
exp1,3KKLWX,mental,shock,,lexical,distal,1,0,1500,4.11,4,f
exp1,3KKLWX,mental,hurt,,cause,distal,1,0,1500,4.11,4,f
exp1,3KKLWX,mental,hurt,,lexical,distal,1,0,1500,4.11,4,f
exp1,WdMdCV,physical,shock,,lexical,proximal,0,1,2100,5.75,5,m
exp1,WdMdCV,physical,shock,,cause,distal,1,0,2100,5.75,5,m
exp1,WdMdCV,physical,hurt,,lexical,proximal,0,1,2100,5.75,5,m
exp1,WdMdCV,physical,hurt,,cause,distal,1,0,2100,5.75,5,m
exp1,YRVcJV,physical,shock,,cause,proximal,0,1,2850,7.8,7,f
exp1,YRVcJV,physical,shock,,lexical,proximal,0,1,2850,7.8,7,f
exp1,YRVcJV,physical,hurt,,cause,distal,1,0,2850,7.8,7,f
exp1,YRVcJV,physical,hurt,,lexical,proximal,0,1,2850,7.8,7,f
exp1,7KKVdH,physical,hurt,,lexical,proximal,0,1,1320,3.61,3,f
exp1,7KKVdH,physical,hurt,,cause,distal,1,0,1320,3.61,3,f
exp1,7KKVdH,physical,shock,,lexical,proximal,0,1,1320,3.61,3,f
exp1,7KKVdH,physical,shock,,cause,distal,1,0,1320,3.61,3,f
exp1,ELHZXP,mental,shock,,cause,distal,1,0,1740,4.76,4,f
exp1,ELHZXP,mental,shock,,lexical,proximal,0,1,1740,4.76,4,f
exp1,ELHZXP,mental,hurt,,cause,proximal,0,1,1740,4.76,4,f
exp1,ELHZXP,mental,hurt,,lexical,distal,1,0,1740,4.76,4,f
exp1,RRKPR4,mental,hurt,,lexical,distal,1,0,3420,9.36,9,f
exp1,RRKPR4,mental,hurt,,cause,proximal,0,1,3420,9.36,9,f
exp1,RRKPR4,mental,shock,,lexical,distal,1,0,3420,9.36,9,f
exp1,RRKPR4,mental,shock,,cause,proximal,0,1,3420,9.36,9,f
exp1,GDFRPF,physical,shock,,cause,proximal,0,1,2760,7.56,7,f
exp1,GDFRPF,physical,shock,,lexical,proximal,0,1,2760,7.56,7,f
exp1,GDFRPF,physical,hurt,,cause,proximal,0,1,2760,7.56,7,f
exp1,GDFRPF,physical,hurt,,lexical,proximal,0,1,2760,7.56,7,f
exp1,QJcFYN,physical,shock,,cause,distal,1,0,2640,7.23,7,f
exp1,QJcFYN,physical,shock,,lexical,proximal,0,1,2640,7.23,7,f
exp1,QJcFYN,physical,hurt,,cause,distal,1,0,2640,7.23,7,f
exp1,QJcFYN,physical,hurt,,lexical,proximal,0,1,2640,7.23,7,f
exp1,6NCUdM,mental,shock,,lexical,distal,1,0,3540,9.69,9,m
exp1,6NCUdM,mental,shock,,cause,proximal,0,1,3540,9.69,9,m
exp1,6NCUdM,mental,hurt,,lexical,distal,1,0,3540,9.69,9,m
exp1,6NCUdM,mental,hurt,,cause,proximal,0,1,3540,9.69,9,m
exp1,5T6Vcd,mental,hurt,,lexical,proximal,0,1,1560,4.27,4,f
exp1,5T6Vcd,mental,hurt,,cause,distal,1,0,1560,4.27,4,f
exp1,5T6Vcd,mental,shock,,lexical,distal,1,0,1560,4.27,4,f
exp1,5T6Vcd,mental,shock,,cause,proximal,0,1,1560,4.27,4,f
exp1,5DQLFY,physical,shock,,cause,distal,1,0,2160,5.91,5,f
exp1,5DQLFY,physical,shock,,lexical,proximal,0,1,2160,5.91,5,f
exp1,5DQLFY,physical,hurt,,cause,distal,1,0,2160,5.91,5,f
exp1,5DQLFY,physical,hurt,,lexical,proximal,0,1,2160,5.91,5,f
exp1,ASY5EV,physical,hurt,,cause,proximal,0,1,2940,8.05,8,m
exp1,ASY5EV,physical,hurt,,lexical,proximal,0,1,2940,8.05,8,m
exp1,ASY5EV,physical,shock,,cause,proximal,0,1,2940,8.05,8,m
exp1,ASY5EV,physical,shock,,lexical,proximal,0,1,2940,8.05,8,m
exp1,CdSRVY,mental,hurt,,cause,distal,1,0,3480,9.53,9,f
exp1,CdSRVY,mental,hurt,,lexical,distal,1,0,3480,9.53,9,f
exp1,CdSRVY,mental,shock,,cause,proximal,0,1,3480,9.53,9,f
exp1,CdSRVY,mental,shock,,lexical,distal,1,0,3480,9.53,9,f
exp1,YKc42V,physical,shock,,cause,distal,1,0,2580,7.06,7,f
exp1,YKc42V,physical,shock,,lexical,distal,1,0,2580,7.06,7,f
exp1,YKc42V,physical,hurt,,cause,distal,1,0,2580,7.06,7,f
exp1,YKc42V,physical,hurt,,lexical,distal,1,0,2580,7.06,7,f
exp1,d7YWEZ,mental,hurt,,lexical,distal,1,0,3390,9.28,9,f
exp1,d7YWEZ,mental,hurt,,cause,distal,1,0,3390,9.28,9,f
exp1,d7YWEZ,mental,shock,,lexical,distal,1,0,3390,9.28,9,f
exp1,d7YWEZ,mental,shock,,cause,distal,1,0,3390,9.28,9,f
exp1,644V4K,mental,shock,,cause,proximal,0,1,3450,9.45,9,m
exp1,644V4K,mental,shock,,lexical,proximal,0,1,3450,9.45,9,m
exp1,644V4K,mental,hurt,,cause,distal,1,0,3450,9.45,9,m
exp1,644V4K,mental,hurt,,lexical,proximal,0,1,3450,9.45,9,m
exp1,YcWZDK,physical,hurt,,cause,distal,1,0,3480,9.53,9,f
exp1,YcWZDK,physical,hurt,,lexical,proximal,0,1,3480,9.53,9,f
exp1,YcWZDK,physical,shock,,cause,distal,1,0,3480,9.53,9,f
exp1,YcWZDK,physical,shock,,lexical,proximal,0,1,3480,9.53,9,f
exp1,EWBJ5C,physical,hurt,,cause,proximal,0,1,2160,5.91,5,m
exp1,EWBJ5C,physical,hurt,,lexical,proximal,0,1,2160,5.91,5,m
exp1,EWBJ5C,physical,shock,,cause,proximal,0,1,2160,5.91,5,m
exp1,EWBJ5C,physical,shock,,lexical,proximal,0,1,2160,5.91,5,m
exp1,6UDVdF,mental,shock,,cause,proximal,0,1,2280,6.24,6,m
exp1,6UDVdF,mental,shock,,lexical,distal,1,0,2280,6.24,6,m
exp1,6UDVdF,mental,hurt,,cause,proximal,0,1,2280,6.24,6,m
exp1,6UDVdF,mental,hurt,,lexical,distal,1,0,2280,6.24,6,m
exp1,WBDV77,physical,shock,,lexical,distal,1,0,1290,3.53,3,f
exp1,WBDV77,physical,shock,,cause,distal,1,0,1290,3.53,3,f
exp1,WBDV77,physical,hurt,,lexical,distal,1,0,1290,3.53,3,f
exp1,WBDV77,physical,hurt,,cause,distal,1,0,1290,3.53,3,f
exp1,TH55QG,mental,shock,,cause,distal,1,0,2940,8.05,8,m
exp1,TH55QG,mental,shock,,lexical,distal,1,0,2940,8.05,8,m
exp1,TH55QG,mental,hurt,,cause,distal,1,0,2940,8.05,8,m
exp1,TH55QG,mental,hurt,,lexical,proximal,0,1,2940,8.05,8,m
exp1,ZdUPP4,mental,hurt,,lexical,distal,1,0,2520,6.9,6,f
exp1,ZdUPP4,mental,hurt,,cause,distal,1,0,2520,6.9,6,f
exp1,ZdUPP4,mental,shock,,lexical,distal,1,0,2520,6.9,6,f
exp1,ZdUPP4,mental,shock,,cause,proximal,0,1,2520,6.9,6,f
exp1,CCHdBB,mental,hurt,,lexical,distal,1,0,2250,6.16,6,f
exp1,CCHdBB,mental,hurt,,cause,distal,1,0,2250,6.16,6,f
exp1,CCHdBB,mental,shock,,lexical,proximal,0,1,2250,6.16,6,f
exp1,CCHdBB,mental,shock,,cause,distal,1,0,2250,6.16,6,f
exp1,VAPLRH,physical,hurt,,lexical,proximal,0,1,2760,7.56,7,f
exp1,VAPLRH,physical,hurt,,cause,distal,1,0,2760,7.56,7,f
exp1,VAPLRH,physical,shock,,lexical,proximal,0,1,2760,7.56,7,f
exp1,VAPLRH,physical,shock,,cause,distal,1,0,2760,7.56,7,f
exp1,c2TDVX,physical,shock,,cause,distal,1,0,1920,5.26,5,m
exp1,c2TDVX,physical,shock,,lexical,proximal,0,1,1920,5.26,5,m
exp1,c2TDVX,physical,hurt,,cause,distal,1,0,1920,5.26,5,m
exp1,c2TDVX,physical,hurt,,lexical,proximal,0,1,1920,5.26,5,m
exp1,5RNFdT,mental,shock,,lexical,proximal,0,1,1260,3.45,3,m
exp1,5RNFdT,mental,shock,,cause,proximal,0,1,1260,3.45,3,m
exp1,5RNFdT,mental,hurt,,lexical,proximal,0,1,1260,3.45,3,m
exp1,5RNFdT,mental,hurt,,cause,proximal,0,1,1260,3.45,3,m
exp1,c3UVNX,mental,shock,,lexical,proximal,0,1,3330,9.12,9,m
exp1,c3UVNX,mental,shock,,cause,distal,1,0,3330,9.12,9,m
exp1,c3UVNX,mental,hurt,,lexical,proximal,0,1,3330,9.12,9,m
exp1,c3UVNX,mental,hurt,,cause,distal,1,0,3330,9.12,9,m
exp1,SZZUUU,mental,shock,,lexical,distal,1,0,3420,9.36,9,m
exp1,SZZUUU,mental,shock,,cause,proximal,0,1,3420,9.36,9,m
exp1,SZZUUU,mental,hurt,,lexical,proximal,0,1,3420,9.36,9,m
exp1,SZZUUU,mental,hurt,,cause,distal,1,0,3420,9.36,9,m
exp1,N3XKZZ,mental,shock,,lexical,distal,1,0,1200,3.29,3,f
exp1,N3XKZZ,mental,shock,,cause,distal,1,0,1200,3.29,3,f
exp1,N3XKZZ,mental,hurt,,lexical,proximal,0,1,1200,3.29,3,f
exp1,N3XKZZ,mental,hurt,,cause,proximal,0,1,1200,3.29,3,f
exp1,HNYZRA,mental,shock,,cause,distal,1,0,1830,5.01,5,m
exp1,HNYZRA,mental,shock,,lexical,proximal,0,1,1830,5.01,5,m
exp1,HNYZRA,mental,hurt,,cause,distal,1,0,1830,5.01,5,m
exp1,HNYZRA,mental,hurt,,lexical,proximal,0,1,1830,5.01,5,m
exp1,7RZ3YK,physical,shock,,lexical,proximal,0,1,3480,9.53,9,f
exp1,7RZ3YK,physical,shock,,cause,distal,1,0,3480,9.53,9,f
exp1,7RZ3YK,physical,hurt,,lexical,proximal,0,1,3480,9.53,9,f
exp1,7RZ3YK,physical,hurt,,cause,distal,1,0,3480,9.53,9,f
exp1,MQM6H6,physical,shock,,cause,distal,1,0,1440,3.94,3,m
exp1,MQM6H6,physical,shock,,lexical,distal,1,0,1440,3.94,3,m
exp1,MQM6H6,physical,hurt,,cause,proximal,0,1,1440,3.94,3,m
exp1,MQM6H6,physical,hurt,,lexical,proximal,0,1,1440,3.94,3,m
exp1,L3SCWH,mental,shock,,lexical,distal,1,0,1860,5.09,5,f
exp1,L3SCWH,mental,shock,,cause,distal,1,0,1860,5.09,5,f
exp1,L3SCWH,mental,hurt,,lexical,distal,1,0,1860,5.09,5,f
exp1,L3SCWH,mental,hurt,,cause,distal,1,0,1860,5.09,5,f
exp1,TGNGM4,mental,hurt,,cause,distal,1,0,1350,3.7,3,f
exp1,TGNGM4,mental,hurt,,lexical,proximal,0,1,1350,3.7,3,f
exp1,TGNGM4,mental,shock,,cause,proximal,0,1,1350,3.7,3,f
exp1,TGNGM4,mental,shock,,lexical,proximal,0,1,1350,3.7,3,f
exp1,QPW244,mental,shock,,cause,proximal,0,1,1320,3.61,3,f
exp1,QPW244,mental,shock,,lexical,distal,1,0,1320,3.61,3,f
exp1,QPW244,mental,hurt,,cause,distal,1,0,1320,3.61,3,f
exp1,QPW244,mental,hurt,,lexical,proximal,0,1,1320,3.61,3,f
exp1,C2SQHZ,mental,hurt,,cause,distal,1,0,3150,8.62,8,f
exp1,C2SQHZ,mental,hurt,,lexical,distal,1,0,3150,8.62,8,f
exp1,C2SQHZ,mental,shock,,cause,distal,1,0,3150,8.62,8,f
exp1,C2SQHZ,mental,shock,,lexical,distal,1,0,3150,8.62,8,f
exp1,AHP6Q2,mental,hurt,,cause,distal,1,0,2220,6.08,6,m
exp1,AHP6Q2,mental,hurt,,lexical,distal,1,0,2220,6.08,6,m
exp1,AHP6Q2,mental,shock,,cause,distal,1,0,2220,6.08,6,m
exp1,AHP6Q2,mental,shock,,lexical,distal,1,0,2220,6.08,6,m
exp1,JPFJ3W,physical,hurt,,lexical,distal,1,0,1140,3.12,3,f
exp1,JPFJ3W,physical,hurt,,cause,proximal,0,1,1140,3.12,3,f
exp1,JPFJ3W,physical,shock,,lexical,proximal,0,1,1140,3.12,3,f
exp1,JPFJ3W,physical,shock,,cause,proximal,0,1,1140,3.12,3,f
exp1,JSSM5L,mental,hurt,,cause,distal,1,0,2700,7.39,7,f
exp1,JSSM5L,mental,hurt,,lexical,distal,1,0,2700,7.39,7,f
exp1,JSSM5L,mental,shock,,cause,proximal,0,1,2700,7.39,7,f
exp1,JSSM5L,mental,shock,,lexical,distal,1,0,2700,7.39,7,f
exp1,4QS52F,mental,shock,,lexical,proximal,0,1,1650,4.52,4,f
exp1,4QS52F,mental,shock,,cause,distal,1,0,1650,4.52,4,f
exp1,4QS52F,mental,hurt,,lexical,proximal,0,1,1650,4.52,4,f
exp1,4QS52F,mental,hurt,,cause,distal,1,0,1650,4.52,4,f
exp1,AM2T3R,physical,hurt,,cause,distal,1,0,3360,9.2,9,m
exp1,AM2T3R,physical,hurt,,lexical,proximal,0,1,3360,9.2,9,m
exp1,AM2T3R,physical,shock,,cause,distal,1,0,3360,9.2,9,m
exp1,AM2T3R,physical,shock,,lexical,proximal,0,1,3360,9.2,9,m
exp1,GZWLdY,physical,hurt,,lexical,proximal,0,1,3060,8.38,8,m
exp1,GZWLdY,physical,hurt,,cause,distal,1,0,3060,8.38,8,m
exp1,GZWLdY,physical,shock,,lexical,distal,1,0,3060,8.38,8,m
exp1,GZWLdY,physical,shock,,cause,distal,1,0,3060,8.38,8,m
exp1,Z3YXL2,physical,hurt,,cause,proximal,0,1,2010,5.5,5,m
exp1,Z3YXL2,physical,hurt,,lexical,proximal,0,1,2010,5.5,5,m
exp1,Z3YXL2,physical,shock,,cause,distal,1,0,2010,5.5,5,m
exp1,Z3YXL2,physical,shock,,lexical,proximal,0,1,2010,5.5,5,m
exp1,PVd57M,mental,shock,,lexical,distal,1,0,1440,3.94,3,f
exp1,PVd57M,mental,shock,,cause,distal,1,0,1440,3.94,3,f
exp1,PVd57M,mental,hurt,,lexical,distal,1,0,1440,3.94,3,f
exp1,PVd57M,mental,hurt,,cause,proximal,0,1,1440,3.94,3,f
exp1,d4A4Ec,mental,shock,,cause,distal,1,0,1350,3.7,3,f
exp1,d4A4Ec,mental,shock,,lexical,proximal,0,1,1350,3.7,3,f
exp1,d4A4Ec,mental,hurt,,cause,proximal,0,1,1350,3.7,3,f
exp1,d4A4Ec,mental,hurt,,lexical,distal,1,0,1350,3.7,3,f
exp1,LZKcJU,physical,shock,,lexical,proximal,0,1,1470,4.02,4,m
exp1,LZKcJU,physical,shock,,cause,distal,1,0,1470,4.02,4,m
exp1,LZKcJU,physical,hurt,,lexical,proximal,0,1,1470,4.02,4,m
exp1,LZKcJU,physical,hurt,,cause,distal,1,0,1470,4.02,4,m
exp1,KD4UPM,mental,hurt,,lexical,distal,1,0,1740,4.76,4,f
exp1,KD4UPM,mental,hurt,,cause,proximal,0,1,1740,4.76,4,f
exp1,KD4UPM,mental,shock,,lexical,distal,1,0,1740,4.76,4,f
exp1,KD4UPM,mental,shock,,cause,proximal,0,1,1740,4.76,4,f
exp1,EC4MHV,mental,shock,,cause,distal,1,0,2190,6.0,5,f
exp1,EC4MHV,mental,shock,,lexical,proximal,0,1,2190,6.0,5,f
exp1,EC4MHV,mental,hurt,,cause,proximal,0,1,2190,6.0,5,f
exp1,EC4MHV,mental,hurt,,lexical,proximal,0,1,2190,6.0,5,f
exp1,5B2dZF,physical,hurt,,lexical,proximal,0,1,1800,4.93,4,m
exp1,5B2dZF,physical,hurt,,cause,distal,1,0,1800,4.93,4,m
exp1,5B2dZF,physical,shock,,lexical,distal,1,0,1800,4.93,4,m
exp1,5B2dZF,physical,shock,,cause,distal,1,0,1800,4.93,4,m
exp1,AcD5CA,physical,hurt,,lexical,proximal,0,1,3390,9.28,9,f
exp1,AcD5CA,physical,hurt,,cause,distal,1,0,3390,9.28,9,f
exp1,AcD5CA,physical,shock,,lexical,proximal,0,1,3390,9.28,9,f
exp1,AcD5CA,physical,shock,,cause,distal,1,0,3390,9.28,9,f
exp1,G6NC47,physical,shock,,lexical,proximal,0,1,3000,8.21,8,f
exp1,G6NC47,physical,shock,,cause,distal,1,0,3000,8.21,8,f
exp1,G6NC47,physical,hurt,,lexical,distal,1,0,3000,8.21,8,f
exp1,G6NC47,physical,hurt,,cause,proximal,0,1,3000,8.21,8,f
exp1,6GM7UK,physical,shock,,lexical,distal,1,0,2700,7.39,7,m
exp1,6GM7UK,physical,shock,,cause,proximal,0,1,2700,7.39,7,m
exp1,6GM7UK,physical,hurt,,lexical,proximal,0,1,2700,7.39,7,m
exp1,6GM7UK,physical,hurt,,cause,distal,1,0,2700,7.39,7,m
exp1,d5MBLP,physical,hurt,,lexical,proximal,0,1,2280,6.24,6,f
exp1,d5MBLP,physical,hurt,,cause,proximal,0,1,2280,6.24,6,f
exp1,d5MBLP,physical,shock,,lexical,proximal,0,1,2280,6.24,6,f
exp1,d5MBLP,physical,shock,,cause,distal,1,0,2280,6.24,6,f
exp1,BdcKKH,physical,hurt,,lexical,proximal,0,1,2610,7.15,7,m
exp1,BdcKKH,physical,hurt,,cause,distal,1,0,2610,7.15,7,m
exp1,BdcKKH,physical,shock,,lexical,proximal,0,1,2610,7.15,7,m
exp1,BdcKKH,physical,shock,,cause,distal,1,0,2610,7.15,7,m
exp1,PT33EX,mental,shock,,lexical,proximal,0,1,3210,8.79,8,f
exp1,PT33EX,mental,shock,,cause,distal,1,0,3210,8.79,8,f
exp1,PT33EX,mental,hurt,,lexical,distal,1,0,3210,8.79,8,f
exp1,PT33EX,mental,hurt,,cause,distal,1,0,3210,8.79,8,f
exp1,Md5XHN,physical,hurt,,lexical,distal,1,0,2010,5.5,5,f
exp1,Md5XHN,physical,hurt,,cause,distal,1,0,2010,5.5,5,f
exp1,Md5XHN,physical,shock,,lexical,distal,1,0,2010,5.5,5,f
exp1,Md5XHN,physical,shock,,cause,distal,1,0,2010,5.5,5,f
exp1,UWULSY,mental,hurt,,cause,distal,1,0,1770,4.85,4,m
exp1,UWULSY,mental,hurt,,lexical,distal,1,0,1770,4.85,4,m
exp1,UWULSY,mental,shock,,cause,distal,1,0,1770,4.85,4,m
exp1,UWULSY,mental,shock,,lexical,distal,1,0,1770,4.85,4,m
exp1,CYC2PP,physical,hurt,,lexical,proximal,0,1,3150,8.62,8,m
exp1,CYC2PP,physical,hurt,,cause,distal,1,0,3150,8.62,8,m
exp1,CYC2PP,physical,shock,,lexical,proximal,0,1,3150,8.62,8,m
exp1,CYC2PP,physical,shock,,cause,distal,1,0,3150,8.62,8,m
exp1,YGYRDU,physical,shock,,cause,proximal,0,1,2040,5.59,5,m
exp1,YGYRDU,physical,shock,,lexical,proximal,0,1,2040,5.59,5,m
exp1,YGYRDU,physical,hurt,,cause,distal,1,0,2040,5.59,5,m
exp1,YGYRDU,physical,hurt,,lexical,proximal,0,1,2040,5.59,5,m
exp1,25c7G2,mental,shock,,cause,distal,1,0,3360,9.2,9,m
exp1,25c7G2,mental,shock,,lexical,distal,1,0,3360,9.2,9,m
exp1,25c7G2,mental,hurt,,cause,distal,1,0,3360,9.2,9,m
exp1,25c7G2,mental,hurt,,lexical,distal,1,0,3360,9.2,9,m
exp1,DAY2F4,mental,shock,,lexical,proximal,0,1,1560,4.27,4,f
exp1,DAY2F4,mental,shock,,cause,distal,1,0,1560,4.27,4,f
exp1,DAY2F4,mental,hurt,,lexical,proximal,0,1,1560,4.27,4,f
exp1,DAY2F4,mental,hurt,,cause,distal,1,0,1560,4.27,4,f
exp1,XJPAG4,physical,hurt,,cause,proximal,0,1,1350,3.7,3,m
exp1,XJPAG4,physical,hurt,,lexical,proximal,0,1,1350,3.7,3,m
exp1,XJPAG4,physical,shock,,cause,proximal,0,1,1350,3.7,3,m
exp1,XJPAG4,physical,shock,,lexical,proximal,0,1,1350,3.7,3,m
exp1,MKJ664,physical,hurt,,cause,distal,1,0,2580,7.06,7,m
exp1,MKJ664,physical,hurt,,lexical,distal,1,0,2580,7.06,7,m
exp1,MKJ664,physical,shock,,cause,distal,1,0,2580,7.06,7,m
exp1,MKJ664,physical,shock,,lexical,proximal,0,1,2580,7.06,7,m
exp1,RLCGHT,mental,shock,,cause,proximal,0,1,3210,8.79,8,f
exp1,RLCGHT,mental,shock,,lexical,distal,1,0,3210,8.79,8,f
exp1,RLCGHT,mental,hurt,,cause,distal,1,0,3210,8.79,8,f
exp1,RLCGHT,mental,hurt,,lexical,distal,1,0,3210,8.79,8,f
exp1,3QMND3,mental,shock,,cause,proximal,0,1,2580,7.06,7,f
exp1,3QMND3,mental,shock,,lexical,distal,1,0,2580,7.06,7,f
exp1,3QMND3,mental,hurt,,cause,distal,1,0,2580,7.06,7,f
exp1,3QMND3,mental,hurt,,lexical,proximal,0,1,2580,7.06,7,f
exp1,Z3XSdP,physical,shock,,cause,proximal,0,1,2550,6.98,6,m
exp1,Z3XSdP,physical,shock,,lexical,proximal,0,1,2550,6.98,6,m
exp1,Z3XSdP,physical,hurt,,cause,proximal,0,1,2550,6.98,6,m
exp1,Z3XSdP,physical,hurt,,lexical,proximal,0,1,2550,6.98,6,m
exp1,RVHdE6,mental,hurt,,lexical,distal,1,0,1920,5.26,5,m
exp1,RVHdE6,mental,hurt,,cause,distal,1,0,1920,5.26,5,m
exp1,RVHdE6,mental,shock,,lexical,proximal,0,1,1920,5.26,5,m
exp1,RVHdE6,mental,shock,,cause,distal,1,0,1920,5.26,5,m
exp1,YYGJFT,physical,shock,,lexical,proximal,0,1,3330,9.12,9,m
exp1,YYGJFT,physical,shock,,cause,distal,1,0,3330,9.12,9,m
exp1,YYGJFT,physical,hurt,,lexical,proximal,0,1,3330,9.12,9,m
exp1,YYGJFT,physical,hurt,,cause,distal,1,0,3330,9.12,9,m
exp1,QE5YHQ,mental,hurt,,cause,distal,1,0,3120,8.54,8,f
exp1,QE5YHQ,mental,hurt,,lexical,distal,1,0,3120,8.54,8,f
exp1,QE5YHQ,mental,shock,,cause,distal,1,0,3120,8.54,8,f
exp1,QE5YHQ,mental,shock,,lexical,proximal,0,1,3120,8.54,8,f
exp1,CMQBTN,mental,shock,,lexical,distal,1,0,3300,9.03,9,m
exp1,CMQBTN,mental,shock,,cause,distal,1,0,3300,9.03,9,m
exp1,CMQBTN,mental,hurt,,lexical,distal,1,0,3300,9.03,9,m
exp1,CMQBTN,mental,hurt,,cause,distal,1,0,3300,9.03,9,m
exp1,V7CWRW,mental,shock,,cause,proximal,0,1,2760,7.56,7,m
exp1,V7CWRW,mental,shock,,lexical,proximal,0,1,2760,7.56,7,m
exp1,V7CWRW,mental,hurt,,cause,proximal,0,1,2760,7.56,7,m
exp1,V7CWRW,mental,hurt,,lexical,proximal,0,1,2760,7.56,7,m
exp1,ZNE4SZ,physical,hurt,,cause,distal,1,0,2010,5.5,5,f
exp1,ZNE4SZ,physical,hurt,,lexical,proximal,0,1,2010,5.5,5,f
exp1,ZNE4SZ,physical,shock,,cause,proximal,0,1,2010,5.5,5,f
exp1,ZNE4SZ,physical,shock,,lexical,proximal,0,1,2010,5.5,5,f
exp1,XZ6NF4,physical,shock,,lexical,proximal,0,1,2700,7.39,7,m
exp1,XZ6NF4,physical,shock,,cause,distal,1,0,2700,7.39,7,m
exp1,XZ6NF4,physical,hurt,,lexical,proximal,0,1,2700,7.39,7,m
exp1,XZ6NF4,physical,hurt,,cause,distal,1,0,2700,7.39,7,m
exp1,MDTVWc,physical,hurt,,cause,proximal,0,1,2700,7.39,7,f
exp1,MDTVWc,physical,hurt,,lexical,proximal,0,1,2700,7.39,7,f
exp1,MDTVWc,physical,shock,,cause,distal,1,0,2700,7.39,7,f
exp1,MDTVWc,physical,shock,,lexical,proximal,0,1,2700,7.39,7,f
exp1,4TBLSN,mental,hurt,,lexical,distal,1,0,2910,7.97,7,m
exp1,4TBLSN,mental,hurt,,cause,distal,1,0,2910,7.97,7,m
exp1,4TBLSN,mental,shock,,lexical,distal,1,0,2910,7.97,7,m
exp1,4TBLSN,mental,shock,,cause,distal,1,0,2910,7.97,7,m
exp1,cXNYJ4,physical,hurt,,lexical,proximal,0,1,1740,4.76,4,f
exp1,cXNYJ4,physical,hurt,,cause,distal,1,0,1740,4.76,4,f
exp1,cXNYJ4,physical,shock,,lexical,proximal,0,1,1740,4.76,4,f
exp1,cXNYJ4,physical,shock,,cause,distal,1,0,1740,4.76,4,f
exp1,XHEV6L,physical,shock,,cause,proximal,0,1,2520,6.9,6,m
exp1,XHEV6L,physical,shock,,lexical,proximal,0,1,2520,6.9,6,m
exp1,XHEV6L,physical,hurt,,cause,proximal,0,1,2520,6.9,6,m
exp1,XHEV6L,physical,hurt,,lexical,proximal,0,1,2520,6.9,6,m
exp1,QZTJF6,mental,shock,,cause,distal,1,0,3510,9.61,9,f
exp1,QZTJF6,mental,shock,,lexical,distal,1,0,3510,9.61,9,f
exp1,QZTJF6,mental,hurt,,cause,distal,1,0,3510,9.61,9,f
exp1,QZTJF6,mental,hurt,,lexical,distal,1,0,3510,9.61,9,f
exp1,BRXWPA,mental,shock,,lexical,distal,1,0,3420,9.36,9,f
exp1,BRXWPA,mental,shock,,cause,distal,1,0,3420,9.36,9,f
exp1,BRXWPA,mental,hurt,,lexical,distal,1,0,3420,9.36,9,f
exp1,BRXWPA,mental,hurt,,cause,distal,1,0,3420,9.36,9,f
exp1,CBS2AG,physical,shock,,lexical,proximal,0,1,3180,8.71,8,f
exp1,CBS2AG,physical,shock,,cause,distal,1,0,3180,8.71,8,f
exp1,CBS2AG,physical,hurt,,lexical,proximal,0,1,3180,8.71,8,f
exp1,CBS2AG,physical,hurt,,cause,distal,1,0,3180,8.71,8,f
exp1,KAM2A2,physical,hurt,,lexical,proximal,0,1,1830,5.01,5,m
exp1,KAM2A2,physical,hurt,,cause,distal,1,0,1830,5.01,5,m
exp1,KAM2A2,physical,shock,,lexical,proximal,0,1,1830,5.01,5,m
exp1,KAM2A2,physical,shock,,cause,proximal,0,1,1830,5.01,5,m
exp1,c36RLZ,mental,hurt,,lexical,distal,1,0,2730,7.47,7,m
exp1,c36RLZ,mental,hurt,,cause,proximal,0,1,2730,7.47,7,m
exp1,c36RLZ,mental,shock,,lexical,distal,1,0,2730,7.47,7,m
exp1,c36RLZ,mental,shock,,cause,proximal,0,1,2730,7.47,7,m
exp1,RLSHFE,physical,hurt,,lexical,proximal,0,1,1830,5.01,5,m
exp1,RLSHFE,physical,hurt,,cause,proximal,0,1,1830,5.01,5,m
exp1,RLSHFE,physical,shock,,lexical,proximal,0,1,1830,5.01,5,m
exp1,RLSHFE,physical,shock,,cause,proximal,0,1,1830,5.01,5,m
exp1,BX7BHR,physical,hurt,,lexical,proximal,0,1,3300,9.03,9,m
exp1,BX7BHR,physical,hurt,,cause,distal,1,0,3300,9.03,9,m
exp1,BX7BHR,physical,shock,,lexical,proximal,0,1,3300,9.03,9,m
exp1,BX7BHR,physical,shock,,cause,distal,1,0,3300,9.03,9,m
exp1,6GBSLN,physical,shock,,cause,proximal,0,1,1680,4.6,4,f
exp1,6GBSLN,physical,shock,,lexical,distal,1,0,1680,4.6,4,f
exp1,6GBSLN,physical,hurt,,cause,proximal,0,1,1680,4.6,4,f
exp1,6GBSLN,physical,hurt,,lexical,proximal,0,1,1680,4.6,4,f
exp1,d2656d,physical,hurt,,cause,distal,1,0,2310,6.32,6,f
exp1,d2656d,physical,hurt,,lexical,proximal,0,1,2310,6.32,6,f
exp1,d2656d,physical,shock,,cause,distal,1,0,2310,6.32,6,f
exp1,d2656d,physical,shock,,lexical,proximal,0,1,2310,6.32,6,f
exp1,5cRGRC,mental,shock,,cause,distal,1,0,2580,7.06,7,f
exp1,5cRGRC,mental,shock,,lexical,proximal,0,1,2580,7.06,7,f
exp1,5cRGRC,mental,hurt,,cause,distal,1,0,2580,7.06,7,f
exp1,5cRGRC,mental,hurt,,lexical,proximal,0,1,2580,7.06,7,f
exp1,YYAPH5,mental,hurt,,lexical,distal,1,0,2790,7.64,7,m
exp1,YYAPH5,mental,hurt,,cause,proximal,0,1,2790,7.64,7,m
exp1,YYAPH5,mental,shock,,lexical,proximal,0,1,2790,7.64,7,m
exp1,YYAPH5,mental,shock,,cause,distal,1,0,2790,7.64,7,m
exp1,A54YFR,mental,shock,,lexical,distal,1,0,2700,7.39,7,m
exp1,A54YFR,mental,shock,,cause,proximal,0,1,2700,7.39,7,m
exp1,A54YFR,mental,hurt,,lexical,distal,1,0,2700,7.39,7,m
exp1,A54YFR,mental,hurt,,cause,proximal,0,1,2700,7.39,7,m
exp1,2EN6V2,physical,shock,,lexical,proximal,0,1,3090,8.46,8,f
exp1,2EN6V2,physical,shock,,cause,distal,1,0,3090,8.46,8,f
exp1,2EN6V2,physical,hurt,,lexical,proximal,0,1,3090,8.46,8,f
exp1,2EN6V2,physical,hurt,,cause,distal,1,0,3090,8.46,8,f
exp1,GUC6WH,physical,hurt,,cause,distal,1,0,2790,7.64,7,f
exp1,GUC6WH,physical,hurt,,lexical,proximal,0,1,2790,7.64,7,f
exp1,GUC6WH,physical,shock,,cause,distal,1,0,2790,7.64,7,f
exp1,GUC6WH,physical,shock,,lexical,proximal,0,1,2790,7.64,7,f
exp1,TLWTd7,mental,hurt,,lexical,distal,1,0,2070,5.67,5,f
exp1,TLWTd7,mental,hurt,,cause,distal,1,0,2070,5.67,5,f
exp1,TLWTd7,mental,shock,,lexical,proximal,0,1,2070,5.67,5,f
exp1,TLWTd7,mental,shock,,cause,distal,1,0,2070,5.67,5,f
exp1,Z67MBB,physical,shock,,lexical,proximal,0,1,1320,3.61,3,f
exp1,Z67MBB,physical,shock,,cause,distal,1,0,1320,3.61,3,f
exp1,Z67MBB,physical,hurt,,lexical,distal,1,0,1320,3.61,3,f
exp1,Z67MBB,physical,hurt,,cause,proximal,0,1,1320,3.61,3,f
exp1,JA6TG2,physical,shock,,cause,distal,1,0,2820,7.72,7,m
exp1,JA6TG2,physical,shock,,lexical,proximal,0,1,2820,7.72,7,m
exp1,JA6TG2,physical,hurt,,cause,distal,1,0,2820,7.72,7,m
exp1,JA6TG2,physical,hurt,,lexical,proximal,0,1,2820,7.72,7,m
exp1,c37dQU,mental,shock,,lexical,proximal,0,1,1620,4.44,4,m
exp1,c37dQU,mental,shock,,cause,proximal,0,1,1620,4.44,4,m
exp1,c37dQU,mental,hurt,,lexical,proximal,0,1,1620,4.44,4,m
exp1,c37dQU,mental,hurt,,cause,proximal,0,1,1620,4.44,4,m
exp1,ELYLEP,mental,shock,,cause,proximal,0,1,1470,4.02,4,m
exp1,ELYLEP,mental,shock,,lexical,distal,1,0,1470,4.02,4,m
exp1,ELYLEP,mental,hurt,,cause,proximal,0,1,1470,4.02,4,m
exp1,ELYLEP,mental,hurt,,lexical,distal,1,0,1470,4.02,4,m
exp1,UWP6T3,physical,shock,,lexical,distal,1,0,1950,5.34,5,m
exp1,UWP6T3,physical,shock,,cause,distal,1,0,1950,5.34,5,m
exp1,UWP6T3,physical,hurt,,lexical,distal,1,0,1950,5.34,5,m
exp1,UWP6T3,physical,hurt,,cause,distal,1,0,1950,5.34,5,m
exp1,44EAKY,physical,shock,,cause,distal,1,0,2250,6.16,6,f
exp1,44EAKY,physical,shock,,lexical,proximal,0,1,2250,6.16,6,f
exp1,44EAKY,physical,hurt,,cause,distal,1,0,2250,6.16,6,f
exp1,44EAKY,physical,hurt,,lexical,proximal,0,1,2250,6.16,6,f
exp1,dMPTV7,mental,shock,,lexical,distal,1,0,2070,5.67,5,f
exp1,dMPTV7,mental,shock,,cause,proximal,0,1,2070,5.67,5,f
exp1,dMPTV7,mental,hurt,,lexical,distal,1,0,2070,5.67,5,f
exp1,dMPTV7,mental,hurt,,cause,proximal,0,1,2070,5.67,5,f
exp1,JddMc7,physical,shock,,lexical,proximal,0,1,3210,8.79,8,m
exp1,JddMc7,physical,shock,,cause,distal,1,0,3210,8.79,8,m
exp1,JddMc7,physical,hurt,,lexical,proximal,0,1,3210,8.79,8,m
exp1,JddMc7,physical,hurt,,cause,distal,1,0,3210,8.79,8,m
exp1,6MMXXE,mental,shock,,cause,distal,1,0,2550,6.98,6,m
exp1,6MMXXE,mental,shock,,lexical,distal,1,0,2550,6.98,6,m
exp1,6MMXXE,mental,hurt,,cause,distal,1,0,2550,6.98,6,m
exp1,6MMXXE,mental,hurt,,lexical,distal,1,0,2550,6.98,6,m
exp1,HFHYdF,physical,hurt,,lexical,proximal,0,1,3030,8.3,8,m
exp1,HFHYdF,physical,hurt,,cause,distal,1,0,3030,8.3,8,m
exp1,HFHYdF,physical,shock,,lexical,proximal,0,1,3030,8.3,8,m
exp1,HFHYdF,physical,shock,,cause,distal,1,0,3030,8.3,8,m
exp1,VA7Z27,physical,hurt,,cause,distal,1,0,1410,3.86,3,f
exp1,VA7Z27,physical,hurt,,lexical,proximal,0,1,1410,3.86,3,f
exp1,VA7Z27,physical,shock,,cause,proximal,0,1,1410,3.86,3,f
exp1,VA7Z27,physical,shock,,lexical,proximal,0,1,1410,3.86,3,f
exp1,RCVAFD,physical,hurt,,cause,proximal,0,1,1350,3.7,3,m
exp1,RCVAFD,physical,hurt,,lexical,proximal,0,1,1350,3.7,3,m
exp1,RCVAFD,physical,shock,,cause,proximal,0,1,1350,3.7,3,m
exp1,RCVAFD,physical,shock,,lexical,distal,1,0,1350,3.7,3,m
exp1,dZWZCP,mental,shock,,lexical,proximal,0,1,1860,5.09,5,m
exp1,dZWZCP,mental,shock,,cause,proximal,0,1,1860,5.09,5,m
exp1,dZWZCP,mental,hurt,,lexical,proximal,0,1,1860,5.09,5,m
exp1,dZWZCP,mental,hurt,,cause,proximal,0,1,1860,5.09,5,m
exp1,E2R35P,physical,hurt,,lexical,proximal,0,1,1890,5.17,5,f
exp1,E2R35P,physical,hurt,,cause,distal,1,0,1890,5.17,5,f
exp1,E2R35P,physical,shock,,lexical,distal,1,0,1890,5.17,5,f
exp1,E2R35P,physical,shock,,cause,proximal,0,1,1890,5.17,5,f
exp1,XKTPS5,mental,hurt,,cause,proximal,0,1,2250,6.16,6,m
exp1,XKTPS5,mental,hurt,,lexical,proximal,0,1,2250,6.16,6,m
exp1,XKTPS5,mental,shock,,cause,proximal,0,1,2250,6.16,6,m
exp1,XKTPS5,mental,shock,,lexical,proximal,0,1,2250,6.16,6,m
exp1,MRVLNC,physical,shock,,lexical,distal,1,0,3330,9.12,9,f
exp1,MRVLNC,physical,shock,,cause,proximal,0,1,3330,9.12,9,f
exp1,MRVLNC,physical,hurt,,lexical,proximal,0,1,3330,9.12,9,f
exp1,MRVLNC,physical,hurt,,cause,proximal,0,1,3330,9.12,9,f
exp1,TKXYHJ,physical,hurt,,cause,distal,1,0,2730,7.47,7,f
exp1,TKXYHJ,physical,hurt,,lexical,proximal,0,1,2730,7.47,7,f
exp1,TKXYHJ,physical,shock,,cause,distal,1,0,2730,7.47,7,f
exp1,TKXYHJ,physical,shock,,lexical,proximal,0,1,2730,7.47,7,f
exp1,GXMG2R,mental,hurt,,cause,distal,1,0,1890,5.17,5,f
exp1,GXMG2R,mental,hurt,,lexical,distal,1,0,1890,5.17,5,f
exp1,GXMG2R,mental,shock,,cause,distal,1,0,1890,5.17,5,f
exp1,GXMG2R,mental,shock,,lexical,proximal,0,1,1890,5.17,5,f
exp1,G7SBEW,mental,shock,,lexical,distal,1,0,1680,4.6,4,f
exp1,G7SBEW,mental,shock,,cause,proximal,0,1,1680,4.6,4,f
exp1,G7SBEW,mental,hurt,,lexical,distal,1,0,1680,4.6,4,f
exp1,G7SBEW,mental,hurt,,cause,proximal,0,1,1680,4.6,4,f
exp1,BCF2NP,physical,hurt,,lexical,proximal,0,1,1200,3.29,3,m
exp1,BCF2NP,physical,hurt,,cause,proximal,0,1,1200,3.29,3,m
exp1,BCF2NP,physical,shock,,lexical,proximal,0,1,1200,3.29,3,m
exp1,BCF2NP,physical,shock,,cause,proximal,0,1,1200,3.29,3,m
exp1,dEYcYd,physical,shock,,lexical,distal,1,0,2220,6.08,6,f
exp1,dEYcYd,physical,shock,,cause,distal,1,0,2220,6.08,6,f
exp1,dEYcYd,physical,hurt,,lexical,distal,1,0,2220,6.08,6,f
exp1,dEYcYd,physical,hurt,,cause,distal,1,0,2220,6.08,6,f
exp1,ABdMS6,physical,shock,,cause,proximal,0,1,2040,5.59,5,m
exp1,ABdMS6,physical,shock,,lexical,proximal,0,1,2040,5.59,5,m
exp1,ABdMS6,physical,hurt,,cause,proximal,0,1,2040,5.59,5,m
exp1,ABdMS6,physical,hurt,,lexical,distal,1,0,2040,5.59,5,m
exp1,XVFEcK,mental,shock,,lexical,distal,1,0,2400,6.57,6,m
exp1,XVFEcK,mental,shock,,cause,proximal,0,1,2400,6.57,6,m
exp1,XVFEcK,mental,hurt,,lexical,distal,1,0,2400,6.57,6,m
exp1,XVFEcK,mental,hurt,,cause,proximal,0,1,2400,6.57,6,m
exp1,L2WFU7,physical,shock,,cause,proximal,0,1,1860,5.09,5,m
exp1,L2WFU7,physical,shock,,lexical,distal,1,0,1860,5.09,5,m
exp1,L2WFU7,physical,hurt,,cause,distal,1,0,1860,5.09,5,m
exp1,L2WFU7,physical,hurt,,lexical,proximal,0,1,1860,5.09,5,m
exp1,T72Y2F,physical,hurt,,lexical,proximal,0,1,2640,7.23,7,m
exp1,T72Y2F,physical,hurt,,cause,distal,1,0,2640,7.23,7,m
exp1,T72Y2F,physical,shock,,lexical,proximal,0,1,2640,7.23,7,m
exp1,T72Y2F,physical,shock,,cause,distal,1,0,2640,7.23,7,m
exp1,6cJNN5,mental,hurt,,lexical,proximal,0,1,1530,4.19,4,m
exp1,6cJNN5,mental,hurt,,cause,proximal,0,1,1530,4.19,4,m
exp1,6cJNN5,mental,shock,,lexical,distal,1,0,1530,4.19,4,m
exp1,6cJNN5,mental,shock,,cause,distal,1,0,1530,4.19,4,m
exp1,EdTBM5,mental,shock,,cause,proximal,0,1,3330,9.12,9,m
exp1,EdTBM5,mental,shock,,lexical,distal,1,0,3330,9.12,9,m
exp1,EdTBM5,mental,hurt,,cause,proximal,0,1,3330,9.12,9,m
exp1,EdTBM5,mental,hurt,,lexical,distal,1,0,3330,9.12,9,m
exp1,4P2PdU,mental,hurt,,lexical,proximal,0,1,1830,5.01,5,m
exp1,4P2PdU,mental,hurt,,cause,distal,1,0,1830,5.01,5,m
exp1,4P2PdU,mental,shock,,lexical,proximal,0,1,1830,5.01,5,m
exp1,4P2PdU,mental,shock,,cause,distal,1,0,1830,5.01,5,m
exp1,BRXZFQ,physical,shock,,lexical,distal,1,0,3090,8.46,8,m
exp1,BRXZFQ,physical,shock,,cause,distal,1,0,3090,8.46,8,m
exp1,BRXZFQ,physical,hurt,,lexical,distal,1,0,3090,8.46,8,m
exp1,BRXZFQ,physical,hurt,,cause,proximal,0,1,3090,8.46,8,m
exp1,UP6CE4,mental,hurt,,lexical,distal,1,0,1320,3.61,3,f
exp1,UP6CE4,mental,hurt,,cause,proximal,0,1,1320,3.61,3,f
exp1,UP6CE4,mental,shock,,lexical,proximal,0,1,1320,3.61,3,f
exp1,UP6CE4,mental,shock,,cause,proximal,0,1,1320,3.61,3,f
exp1,2J7HW7,mental,hurt,,lexical,distal,1,0,2550,6.98,6,f
exp1,2J7HW7,mental,hurt,,cause,distal,1,0,2550,6.98,6,f
exp1,2J7HW7,mental,shock,,lexical,distal,1,0,2550,6.98,6,f
exp1,2J7HW7,mental,shock,,cause,distal,1,0,2550,6.98,6,f
exp1,EKPUDV,mental,shock,,lexical,proximal,0,1,2760,7.56,7,m
exp1,EKPUDV,mental,shock,,cause,proximal,0,1,2760,7.56,7,m
exp1,EKPUDV,mental,hurt,,lexical,distal,1,0,2760,7.56,7,m
exp1,EKPUDV,mental,hurt,,cause,proximal,0,1,2760,7.56,7,m
exp1,K7dT3B,mental,hurt,,lexical,distal,1,0,2640,7.23,7,f
exp1,K7dT3B,mental,hurt,,cause,distal,1,0,2640,7.23,7,f
exp1,K7dT3B,mental,shock,,lexical,proximal,0,1,2640,7.23,7,f
exp1,K7dT3B,mental,shock,,cause,distal,1,0,2640,7.23,7,f
exp1,UHcAWX,mental,shock,,lexical,distal,1,0,2820,7.72,7,f
exp1,UHcAWX,mental,shock,,cause,distal,1,0,2820,7.72,7,f
exp1,UHcAWX,mental,hurt,,lexical,distal,1,0,2820,7.72,7,f
exp1,UHcAWX,mental,hurt,,cause,distal,1,0,2820,7.72,7,f
exp1,LM5Q4V,physical,shock,,cause,proximal,0,1,2010,5.5,5,f
exp1,LM5Q4V,physical,shock,,lexical,proximal,0,1,2010,5.5,5,f
exp1,LM5Q4V,physical,hurt,,cause,distal,1,0,2010,5.5,5,f
exp1,LM5Q4V,physical,hurt,,lexical,proximal,0,1,2010,5.5,5,f
exp1,GXCBFU,mental,shock,,lexical,proximal,0,1,1560,4.27,4,f
exp1,GXCBFU,mental,shock,,cause,proximal,0,1,1560,4.27,4,f
exp1,GXCBFU,mental,hurt,,lexical,proximal,0,1,1560,4.27,4,f
exp1,GXCBFU,mental,hurt,,cause,proximal,0,1,1560,4.27,4,f
exp1,ULGdZ6,mental,shock,,cause,distal,1,0,1560,4.27,4,f
exp1,ULGdZ6,mental,shock,,lexical,distal,1,0,1560,4.27,4,f
exp1,ULGdZ6,mental,hurt,,cause,distal,1,0,1560,4.27,4,f
exp1,ULGdZ6,mental,hurt,,lexical,distal,1,0,1560,4.27,4,f
exp1,d5GQPD,mental,shock,,cause,distal,1,0,1170,3.2,3,m
exp1,d5GQPD,mental,shock,,lexical,proximal,0,1,1170,3.2,3,m
exp1,d5GQPD,mental,hurt,,cause,distal,1,0,1170,3.2,3,m
exp1,d5GQPD,mental,hurt,,lexical,proximal,0,1,1170,3.2,3,m
exp1,AFcL4N,physical,hurt,,cause,distal,1,0,2850,7.8,7,m
exp1,AFcL4N,physical,hurt,,lexical,proximal,0,1,2850,7.8,7,m
exp1,AFcL4N,physical,shock,,cause,distal,1,0,2850,7.8,7,m
exp1,AFcL4N,physical,shock,,lexical,proximal,0,1,2850,7.8,7,m
exp1,RAcTKY,mental,shock,,cause,proximal,0,1,3630,9.94,9,m
exp1,RAcTKY,mental,shock,,lexical,distal,1,0,3630,9.94,9,m
exp1,RAcTKY,mental,hurt,,cause,distal,1,0,3630,9.94,9,m
exp1,RAcTKY,mental,hurt,,lexical,proximal,0,1,3630,9.94,9,m
exp1,Q3ENAN,physical,hurt,,cause,proximal,0,1,1320,3.61,3,m
exp1,Q3ENAN,physical,hurt,,lexical,distal,1,0,1320,3.61,3,m
exp1,Q3ENAN,physical,shock,,cause,distal,1,0,1320,3.61,3,m
exp1,Q3ENAN,physical,shock,,lexical,distal,1,0,1320,3.61,3,m
exp1,4U4JZF,mental,shock,,cause,distal,1,0,2880,7.89,7,m
exp1,4U4JZF,mental,shock,,lexical,proximal,0,1,2880,7.89,7,m
exp1,4U4JZF,mental,hurt,,cause,distal,1,0,2880,7.89,7,m
exp1,4U4JZF,mental,hurt,,lexical,proximal,0,1,2880,7.89,7,m
exp1,53dNVC,physical,hurt,,cause,distal,1,0,2910,7.97,7,f
exp1,53dNVC,physical,hurt,,lexical,proximal,0,1,2910,7.97,7,f
exp1,53dNVC,physical,shock,,cause,distal,1,0,2910,7.97,7,f
exp1,53dNVC,physical,shock,,lexical,proximal,0,1,2910,7.97,7,f
exp1,H57EAF,physical,hurt,,cause,distal,1,0,3300,9.03,9,f
exp1,H57EAF,physical,hurt,,lexical,proximal,0,1,3300,9.03,9,f
exp1,H57EAF,physical,shock,,cause,distal,1,0,3300,9.03,9,f
exp1,H57EAF,physical,shock,,lexical,proximal,0,1,3300,9.03,9,f
exp1,ZR4XNN,physical,hurt,,lexical,proximal,0,1,3420,9.36,9,m
exp1,ZR4XNN,physical,hurt,,cause,distal,1,0,3420,9.36,9,m
exp1,ZR4XNN,physical,shock,,lexical,proximal,0,1,3420,9.36,9,m
exp1,ZR4XNN,physical,shock,,cause,distal,1,0,3420,9.36,9,m
exp1,7BMTAB,mental,shock,,cause,proximal,0,1,2190,6.0,5,f
exp1,7BMTAB,mental,shock,,lexical,distal,1,0,2190,6.0,5,f
exp1,7BMTAB,mental,hurt,,cause,proximal,0,1,2190,6.0,5,f
exp1,7BMTAB,mental,hurt,,lexical,distal,1,0,2190,6.0,5,f
exp1,6QD7W6,mental,hurt,,lexical,distal,1,0,3510,9.61,9,f
exp1,6QD7W6,mental,hurt,,cause,proximal,0,1,3510,9.61,9,f
exp1,6QD7W6,mental,shock,,lexical,distal,1,0,3510,9.61,9,f
exp1,6QD7W6,mental,shock,,cause,proximal,0,1,3510,9.61,9,f
exp1,TPXc5K,mental,shock,,cause,proximal,0,1,1740,4.76,4,m
exp1,TPXc5K,mental,shock,,lexical,proximal,0,1,1740,4.76,4,m
exp1,TPXc5K,mental,hurt,,cause,proximal,0,1,1740,4.76,4,m
exp1,TPXc5K,mental,hurt,,lexical,proximal,0,1,1740,4.76,4,m
exp1,d6SEdF,mental,hurt,,lexical,distal,1,0,2460,6.74,6,m
exp1,d6SEdF,mental,hurt,,cause,distal,1,0,2460,6.74,6,m
exp1,d6SEdF,mental,shock,,lexical,distal,1,0,2460,6.74,6,m
exp1,d6SEdF,mental,shock,,cause,distal,1,0,2460,6.74,6,m
exp1,3DX3TZ,physical,shock,,lexical,proximal,0,1,3000,8.21,8,f
exp1,3DX3TZ,physical,shock,,cause,distal,1,0,3000,8.21,8,f
exp1,3DX3TZ,physical,hurt,,lexical,proximal,0,1,3000,8.21,8,f
exp1,3DX3TZ,physical,hurt,,cause,distal,1,0,3000,8.21,8,f
exp1,BEWALH,physical,shock,,lexical,proximal,0,1,1200,3.29,3,f
exp1,BEWALH,physical,shock,,cause,proximal,0,1,1200,3.29,3,f
exp1,BEWALH,physical,hurt,,lexical,proximal,0,1,1200,3.29,3,f
exp1,BEWALH,physical,hurt,,cause,distal,1,0,1200,3.29,3,f
exp1,CJVDFB,physical,hurt,,cause,proximal,0,1,1260,3.45,3,m
exp1,CJVDFB,physical,hurt,,lexical,proximal,0,1,1260,3.45,3,m
exp1,CJVDFB,physical,shock,,cause,proximal,0,1,1260,3.45,3,m
exp1,CJVDFB,physical,shock,,lexical,proximal,0,1,1260,3.45,3,m
exp1,ddNFYM,physical,shock,,lexical,distal,1,0,2370,6.49,6,m
exp1,ddNFYM,physical,shock,,cause,distal,1,0,2370,6.49,6,m
exp1,ddNFYM,physical,hurt,,lexical,distal,1,0,2370,6.49,6,m
exp1,ddNFYM,physical,hurt,,cause,distal,1,0,2370,6.49,6,m
exp1,4PY6Z5,mental,shock,,lexical,distal,1,0,2610,7.15,7,m
exp1,4PY6Z5,mental,shock,,cause,distal,1,0,2610,7.15,7,m
exp1,4PY6Z5,mental,hurt,,lexical,distal,1,0,2610,7.15,7,m
exp1,4PY6Z5,mental,hurt,,cause,distal,1,0,2610,7.15,7,m
exp1,MSGLYL,mental,hurt,,cause,distal,1,0,1380,3.78,3,f
exp1,MSGLYL,mental,hurt,,lexical,distal,1,0,1380,3.78,3,f
exp1,MSGLYL,mental,shock,,cause,distal,1,0,1380,3.78,3,f
exp1,MSGLYL,mental,shock,,lexical,distal,1,0,1380,3.78,3,f
exp1,3LQAPd,mental,shock,,lexical,proximal,0,1,2670,7.31,7,m
exp1,3LQAPd,mental,shock,,cause,distal,1,0,2670,7.31,7,m
exp1,3LQAPd,mental,hurt,,lexical,proximal,0,1,2670,7.31,7,m
exp1,3LQAPd,mental,hurt,,cause,distal,1,0,2670,7.31,7,m
exp1,Vc4Y7P,physical,hurt,,cause,proximal,0,1,1620,4.44,4,m
exp1,Vc4Y7P,physical,hurt,,lexical,proximal,0,1,1620,4.44,4,m
exp1,Vc4Y7P,physical,shock,,cause,proximal,0,1,1620,4.44,4,m
exp1,Vc4Y7P,physical,shock,,lexical,proximal,0,1,1620,4.44,4,m
exp1,DY5dFT,physical,shock,,lexical,proximal,0,1,1410,3.86,3,f
exp1,DY5dFT,physical,shock,,cause,proximal,0,1,1410,3.86,3,f
exp1,DY5dFT,physical,hurt,,lexical,proximal,0,1,1410,3.86,3,f
exp1,DY5dFT,physical,hurt,,cause,proximal,0,1,1410,3.86,3,f
exp1,P3dCVK,mental,hurt,,cause,distal,1,0,1320,3.61,3,f
exp1,P3dCVK,mental,hurt,,lexical,proximal,0,1,1320,3.61,3,f
exp1,P3dCVK,mental,shock,,cause,distal,1,0,1320,3.61,3,f
exp1,P3dCVK,mental,shock,,lexical,proximal,0,1,1320,3.61,3,f
exp1,37ALKK,mental,hurt,,lexical,distal,1,0,2340,6.41,6,m
exp1,37ALKK,mental,hurt,,cause,distal,1,0,2340,6.41,6,m
exp1,37ALKK,mental,shock,,lexical,distal,1,0,2340,6.41,6,m
exp1,37ALKK,mental,shock,,cause,distal,1,0,2340,6.41,6,m
exp1,C2X4BD,physical,hurt,,lexical,proximal,0,1,1530,4.19,4,m
exp1,C2X4BD,physical,hurt,,cause,proximal,0,1,1530,4.19,4,m
exp1,C2X4BD,physical,shock,,lexical,proximal,0,1,1530,4.19,4,m
exp1,C2X4BD,physical,shock,,cause,proximal,0,1,1530,4.19,4,m
exp1,KTS5Dd,mental,hurt,,cause,distal,1,0,2790,7.64,7,f
exp1,KTS5Dd,mental,hurt,,lexical,distal,1,0,2790,7.64,7,f
exp1,KTS5Dd,mental,shock,,cause,distal,1,0,2790,7.64,7,f
exp1,KTS5Dd,mental,shock,,lexical,distal,1,0,2790,7.64,7,f
exp1,FMVJ4D,mental,hurt,,lexical,distal,1,0,1260,3.45,3,m
exp1,FMVJ4D,mental,hurt,,cause,proximal,0,1,1260,3.45,3,m
exp1,FMVJ4D,mental,shock,,lexical,distal,1,0,1260,3.45,3,m
exp1,FMVJ4D,mental,shock,,cause,proximal,0,1,1260,3.45,3,m
exp1,XCD5G4,mental,hurt,,lexical,distal,1,0,1740,4.76,4,m
exp1,XCD5G4,mental,hurt,,cause,distal,1,0,1740,4.76,4,m
exp1,XCD5G4,mental,shock,,lexical,distal,1,0,1740,4.76,4,m
exp1,XCD5G4,mental,shock,,cause,distal,1,0,1740,4.76,4,m
exp1,FSLZCK,physical,shock,,cause,distal,1,0,3540,9.69,9,m
exp1,FSLZCK,physical,shock,,lexical,proximal,0,1,3540,9.69,9,m
exp1,FSLZCK,physical,hurt,,cause,distal,1,0,3540,9.69,9,m
exp1,FSLZCK,physical,hurt,,lexical,proximal,0,1,3540,9.69,9,m
exp1,dd4VBZ,mental,shock,,cause,proximal,0,1,1980,5.42,5,m
exp1,dd4VBZ,mental,shock,,lexical,proximal,0,1,1980,5.42,5,m
exp1,dd4VBZ,mental,hurt,,cause,proximal,0,1,1980,5.42,5,m
exp1,dd4VBZ,mental,hurt,,lexical,proximal,0,1,1980,5.42,5,m
exp1,ADHPT4,mental,shock,,cause,proximal,0,1,2760,7.56,7,f
exp1,ADHPT4,mental,shock,,lexical,distal,1,0,2760,7.56,7,f
exp1,ADHPT4,mental,hurt,,cause,distal,1,0,2760,7.56,7,f
exp1,ADHPT4,mental,hurt,,lexical,distal,1,0,2760,7.56,7,f
exp1,SRDSdF,mental,hurt,,cause,distal,1,0,1620,4.44,4,f
exp1,SRDSdF,mental,hurt,,lexical,distal,1,0,1620,4.44,4,f
exp1,SRDSdF,mental,shock,,cause,distal,1,0,1620,4.44,4,f
exp1,SRDSdF,mental,shock,,lexical,distal,1,0,1620,4.44,4,f
exp1,JF5FXZ,physical,shock,,lexical,distal,1,0,1200,3.29,3,f
exp1,JF5FXZ,physical,shock,,cause,distal,1,0,1200,3.29,3,f
exp1,JF5FXZ,physical,hurt,,lexical,proximal,0,1,1200,3.29,3,f
exp1,JF5FXZ,physical,hurt,,cause,proximal,0,1,1200,3.29,3,f
exp1,BVHFd5,physical,hurt,,lexical,proximal,0,1,1680,4.6,4,f
exp1,BVHFd5,physical,hurt,,cause,proximal,0,1,1680,4.6,4,f
exp1,BVHFd5,physical,shock,,lexical,proximal,0,1,1680,4.6,4,f
exp1,BVHFd5,physical,shock,,cause,proximal,0,1,1680,4.6,4,f
exp1,NBAWPF,mental,hurt,,lexical,proximal,0,1,1260,3.45,3,m
exp1,NBAWPF,mental,hurt,,cause,distal,1,0,1260,3.45,3,m
exp1,NBAWPF,mental,shock,,lexical,proximal,0,1,1260,3.45,3,m
exp1,NBAWPF,mental,shock,,cause,distal,1,0,1260,3.45,3,m
exp1,HMSZCK,physical,shock,,lexical,proximal,0,1,1770,4.85,4,m
exp1,HMSZCK,physical,shock,,cause,proximal,0,1,1770,4.85,4,m
exp1,HMSZCK,physical,hurt,,lexical,proximal,0,1,1770,4.85,4,m
exp1,HMSZCK,physical,hurt,,cause,proximal,0,1,1770,4.85,4,m
exp1,DKRESD,physical,hurt,,cause,proximal,0,1,1920,5.26,5,f
exp1,DKRESD,physical,hurt,,lexical,proximal,0,1,1920,5.26,5,f
exp1,DKRESD,physical,shock,,cause,proximal,0,1,1920,5.26,5,f
exp1,DKRESD,physical,shock,,lexical,proximal,0,1,1920,5.26,5,f
exp1,5DYAXF,mental,shock,,cause,proximal,0,1,3030,8.3,8,m
exp1,5DYAXF,mental,shock,,lexical,distal,1,0,3030,8.3,8,m
exp1,5DYAXF,mental,hurt,,cause,distal,1,0,3030,8.3,8,m
exp1,5DYAXF,mental,hurt,,lexical,distal,1,0,3030,8.3,8,m
exp1,KNRLRM,mental,shock,,lexical,proximal,0,1,2610,7.15,7,f
exp1,KNRLRM,mental,shock,,cause,proximal,0,1,2610,7.15,7,f
exp1,KNRLRM,mental,hurt,,lexical,distal,1,0,2610,7.15,7,f
exp1,KNRLRM,mental,hurt,,cause,proximal,0,1,2610,7.15,7,f
exp1,HSBKEc,mental,shock,,cause,proximal,0,1,3600,9.86,9,f
exp1,HSBKEc,mental,shock,,lexical,distal,1,0,3600,9.86,9,f
exp1,HSBKEc,mental,hurt,,cause,distal,1,0,3600,9.86,9,f
exp1,HSBKEc,mental,hurt,,lexical,distal,1,0,3600,9.86,9,f
exp1,JAYc6Z,physical,shock,,lexical,proximal,0,1,2430,6.65,6,m
exp1,JAYc6Z,physical,shock,,cause,distal,1,0,2430,6.65,6,m
exp1,JAYc6Z,physical,hurt,,lexical,proximal,0,1,2430,6.65,6,m
exp1,JAYc6Z,physical,hurt,,cause,distal,1,0,2430,6.65,6,m
exp1,ZX55H5,physical,hurt,,cause,proximal,0,1,1860,5.09,5,m
exp1,ZX55H5,physical,hurt,,lexical,proximal,0,1,1860,5.09,5,m
exp1,ZX55H5,physical,shock,,cause,proximal,0,1,1860,5.09,5,m
exp1,ZX55H5,physical,shock,,lexical,proximal,0,1,1860,5.09,5,m
exp1,A4YREK,mental,hurt,,cause,distal,1,0,1860,5.09,5,f
exp1,A4YREK,mental,hurt,,lexical,proximal,0,1,1860,5.09,5,f
exp1,A4YREK,mental,shock,,cause,distal,1,0,1860,5.09,5,f
exp1,A4YREK,mental,shock,,lexical,proximal,0,1,1860,5.09,5,f
exp1,KHDFSK,mental,shock,,lexical,proximal,0,1,1260,3.45,3,m
exp1,KHDFSK,mental,shock,,cause,distal,1,0,1260,3.45,3,m
exp1,KHDFSK,mental,hurt,,lexical,proximal,0,1,1260,3.45,3,m
exp1,KHDFSK,mental,hurt,,cause,distal,1,0,1260,3.45,3,m
exp1,EdF7RX,mental,shock,,lexical,proximal,0,1,1350,3.7,3,f
exp1,EdF7RX,mental,shock,,cause,proximal,0,1,1350,3.7,3,f
exp1,EdF7RX,mental,hurt,,lexical,proximal,0,1,1350,3.7,3,f
exp1,EdF7RX,mental,hurt,,cause,proximal,0,1,1350,3.7,3,f
exp1,TVD5LC,physical,hurt,,cause,distal,1,0,3540,9.69,9,m
exp1,TVD5LC,physical,hurt,,lexical,proximal,0,1,3540,9.69,9,m
exp1,TVD5LC,physical,shock,,cause,distal,1,0,3540,9.69,9,m
exp1,TVD5LC,physical,shock,,lexical,proximal,0,1,3540,9.69,9,m
exp1,QC2NGP,mental,hurt,,cause,distal,1,0,2370,6.49,6,f
exp1,QC2NGP,mental,hurt,,lexical,proximal,0,1,2370,6.49,6,f
exp1,QC2NGP,mental,shock,,cause,distal,1,0,2370,6.49,6,f
exp1,QC2NGP,mental,shock,,lexical,proximal,0,1,2370,6.49,6,f
exp1,NBCAdJ,mental,hurt,,cause,distal,1,0,3480,9.53,9,m
exp1,NBCAdJ,mental,hurt,,lexical,distal,1,0,3480,9.53,9,m
exp1,NBCAdJ,mental,shock,,cause,distal,1,0,3480,9.53,9,m
exp1,NBCAdJ,mental,shock,,lexical,distal,1,0,3480,9.53,9,m
exp1,YcDPcT,mental,shock,,cause,proximal,0,1,1110,3.04,3,m
exp1,YcDPcT,mental,shock,,lexical,proximal,0,1,1110,3.04,3,m
exp1,YcDPcT,mental,hurt,,cause,proximal,0,1,1110,3.04,3,m
exp1,YcDPcT,mental,hurt,,lexical,proximal,0,1,1110,3.04,3,m
exp1,YDUMYB,mental,shock,,cause,proximal,0,1,2700,7.39,7,f
exp1,YDUMYB,mental,shock,,lexical,distal,1,0,2700,7.39,7,f
exp1,YDUMYB,mental,hurt,,cause,distal,1,0,2700,7.39,7,f
exp1,YDUMYB,mental,hurt,,lexical,distal,1,0,2700,7.39,7,f
exp1,XJDEE6,physical,shock,,cause,proximal,0,1,3210,8.79,8,f
exp1,XJDEE6,physical,shock,,lexical,proximal,0,1,3210,8.79,8,f
exp1,XJDEE6,physical,hurt,,cause,distal,1,0,3210,8.79,8,f
exp1,XJDEE6,physical,hurt,,lexical,proximal,0,1,3210,8.79,8,f
exp1,J72YZQ,physical,hurt,,cause,distal,1,0,2790,7.64,7,m
exp1,J72YZQ,physical,hurt,,lexical,proximal,0,1,2790,7.64,7,m
exp1,J72YZQ,physical,shock,,cause,distal,1,0,2790,7.64,7,m
exp1,J72YZQ,physical,shock,,lexical,proximal,0,1,2790,7.64,7,m
exp1,5DDR37,mental,hurt,,lexical,distal,1,0,1800,4.93,4,f
exp1,5DDR37,mental,hurt,,cause,distal,1,0,1800,4.93,4,f
exp1,5DDR37,mental,shock,,lexical,distal,1,0,1800,4.93,4,f
exp1,5DDR37,mental,shock,,cause,distal,1,0,1800,4.93,4,f
exp1,FUW3TA,physical,hurt,,cause,proximal,0,1,2700,7.39,7,f
exp1,FUW3TA,physical,hurt,,lexical,proximal,0,1,2700,7.39,7,f
exp1,FUW3TA,physical,shock,,cause,distal,1,0,2700,7.39,7,f
exp1,FUW3TA,physical,shock,,lexical,proximal,0,1,2700,7.39,7,f
exp1,M5WRGT,physical,hurt,,lexical,proximal,0,1,1260,3.45,3,m
exp1,M5WRGT,physical,hurt,,cause,proximal,0,1,1260,3.45,3,m
exp1,M5WRGT,physical,shock,,lexical,proximal,0,1,1260,3.45,3,m
exp1,M5WRGT,physical,shock,,cause,distal,1,0,1260,3.45,3,m
exp1,UAd6RH,mental,shock,,cause,proximal,0,1,3000,8.21,8,f
exp1,UAd6RH,mental,shock,,lexical,distal,1,0,3000,8.21,8,f
exp1,UAd6RH,mental,hurt,,cause,proximal,0,1,3000,8.21,8,f
exp1,UAd6RH,mental,hurt,,lexical,distal,1,0,3000,8.21,8,f
exp1,XLCB4M,physical,hurt,,cause,proximal,0,1,1410,3.86,3,m
exp1,XLCB4M,physical,hurt,,lexical,distal,1,0,1410,3.86,3,m
exp1,XLCB4M,physical,shock,,cause,proximal,0,1,1410,3.86,3,m
exp1,XLCB4M,physical,shock,,lexical,distal,1,0,1410,3.86,3,m
exp1,JUDSDS,physical,hurt,,cause,proximal,0,1,3570,9.77,9,m
exp1,JUDSDS,physical,hurt,,lexical,proximal,0,1,3570,9.77,9,m
exp1,JUDSDS,physical,shock,,cause,distal,1,0,3570,9.77,9,m
exp1,JUDSDS,physical,shock,,lexical,proximal,0,1,3570,9.77,9,m
exp1,VHQ5UN,mental,hurt,,lexical,distal,1,0,1770,4.85,4,f
exp1,VHQ5UN,mental,hurt,,cause,distal,1,0,1770,4.85,4,f
exp1,VHQ5UN,mental,shock,,lexical,distal,1,0,1770,4.85,4,f
exp1,VHQ5UN,mental,shock,,cause,distal,1,0,1770,4.85,4,f
exp1,cQQHSF,mental,hurt,,cause,proximal,0,1,1680,4.6,4,m
exp1,cQQHSF,mental,hurt,,lexical,distal,1,0,1680,4.6,4,m
exp1,cQQHSF,mental,shock,,cause,distal,1,0,1680,4.6,4,m
exp1,cQQHSF,mental,shock,,lexical,proximal,0,1,1680,4.6,4,m
exp1,NAFBDL,physical,shock,,lexical,proximal,0,1,1590,4.35,4,f
exp1,NAFBDL,physical,shock,,cause,proximal,0,1,1590,4.35,4,f
exp1,NAFBDL,physical,hurt,,lexical,proximal,0,1,1590,4.35,4,f
exp1,NAFBDL,physical,hurt,,cause,proximal,0,1,1590,4.35,4,f
exp1,WVVZG4,physical,hurt,,lexical,proximal,0,1,1530,4.19,4,f
exp1,WVVZG4,physical,hurt,,cause,distal,1,0,1530,4.19,4,f
exp1,WVVZG4,physical,shock,,lexical,proximal,0,1,1530,4.19,4,f
exp1,WVVZG4,physical,shock,,cause,distal,1,0,1530,4.19,4,f
exp1,HMQXH7,physical,hurt,,lexical,proximal,0,1,2850,7.8,7,f
exp1,HMQXH7,physical,hurt,,cause,distal,1,0,2850,7.8,7,f
exp1,HMQXH7,physical,shock,,lexical,proximal,0,1,2850,7.8,7,f
exp1,HMQXH7,physical,shock,,cause,distal,1,0,2850,7.8,7,f
exp1,c63FEA,mental,shock,,cause,proximal,0,1,2820,7.72,7,f
exp1,c63FEA,mental,shock,,lexical,distal,1,0,2820,7.72,7,f
exp1,c63FEA,mental,hurt,,cause,distal,1,0,2820,7.72,7,f
exp1,c63FEA,mental,hurt,,lexical,distal,1,0,2820,7.72,7,f
exp1,YVR2AU,physical,shock,,cause,distal,1,0,1800,4.93,4,m
exp1,YVR2AU,physical,shock,,lexical,distal,1,0,1800,4.93,4,m
exp1,YVR2AU,physical,hurt,,cause,distal,1,0,1800,4.93,4,m
exp1,YVR2AU,physical,hurt,,lexical,distal,1,0,1800,4.93,4,m
exp1,QBGYXd,physical,hurt,,lexical,distal,1,0,1410,3.86,3,m
exp1,QBGYXd,physical,hurt,,cause,distal,1,0,1410,3.86,3,m
exp1,QBGYXd,physical,shock,,lexical,distal,1,0,1410,3.86,3,m
exp1,QBGYXd,physical,shock,,cause,distal,1,0,1410,3.86,3,m
exp1,dWNcZT,mental,hurt,,cause,proximal,0,1,1650,4.52,4,f
exp1,dWNcZT,mental,hurt,,lexical,distal,1,0,1650,4.52,4,f
exp1,dWNcZT,mental,shock,,cause,proximal,0,1,1650,4.52,4,f
exp1,dWNcZT,mental,shock,,lexical,proximal,0,1,1650,4.52,4,f
exp1,B4YBGH,physical,shock,,cause,proximal,0,1,1170,3.2,3,m
exp1,B4YBGH,physical,shock,,lexical,distal,1,0,1170,3.2,3,m
exp1,B4YBGH,physical,hurt,,cause,distal,1,0,1170,3.2,3,m
exp1,B4YBGH,physical,hurt,,lexical,proximal,0,1,1170,3.2,3,m
exp1,ZD3FAP,physical,hurt,,cause,proximal,0,1,1800,4.93,4,f
exp1,ZD3FAP,physical,hurt,,lexical,proximal,0,1,1800,4.93,4,f
exp1,ZD3FAP,physical,shock,,cause,distal,1,0,1800,4.93,4,f
exp1,ZD3FAP,physical,shock,,lexical,proximal,0,1,1800,4.93,4,f
exp1,cDTTMC,physical,hurt,,lexical,proximal,0,1,1260,3.45,3,m
exp1,cDTTMC,physical,hurt,,cause,proximal,0,1,1260,3.45,3,m
exp1,cDTTMC,physical,shock,,lexical,proximal,0,1,1260,3.45,3,m
exp1,cDTTMC,physical,shock,,cause,proximal,0,1,1260,3.45,3,m
exp1,ERT3CV,physical,hurt,,lexical,proximal,0,1,1290,3.53,3,m
exp1,ERT3CV,physical,hurt,,cause,distal,1,0,1290,3.53,3,m
exp1,ERT3CV,physical,shock,,lexical,proximal,0,1,1290,3.53,3,m
exp1,ERT3CV,physical,shock,,cause,distal,1,0,1290,3.53,3,m
exp1,HE77EN,mental,hurt,,lexical,proximal,0,1,2310,6.32,6,m
exp1,HE77EN,mental,hurt,,cause,proximal,0,1,2310,6.32,6,m
exp1,HE77EN,mental,shock,,lexical,proximal,0,1,2310,6.32,6,m
exp1,HE77EN,mental,shock,,cause,proximal,0,1,2310,6.32,6,m
exp1,DAC2ZQ,mental,shock,,cause,distal,1,0,1260,3.45,3,f
exp1,DAC2ZQ,mental,shock,,lexical,distal,1,0,1260,3.45,3,f
exp1,DAC2ZQ,mental,hurt,,cause,proximal,0,1,1260,3.45,3,f
exp1,DAC2ZQ,mental,hurt,,lexical,distal,1,0,1260,3.45,3,f
exp1,RDDSTK,mental,shock,,cause,proximal,0,1,1410,3.86,3,f
exp1,RDDSTK,mental,shock,,lexical,proximal,0,1,1410,3.86,3,f
exp1,RDDSTK,mental,hurt,,cause,distal,1,0,1410,3.86,3,f
exp1,RDDSTK,mental,hurt,,lexical,distal,1,0,1410,3.86,3,f
exp1,EYFNPR,physical,hurt,,lexical,proximal,0,1,1590,4.35,4,f
exp1,EYFNPR,physical,hurt,,cause,proximal,0,1,1590,4.35,4,f
exp1,EYFNPR,physical,shock,,lexical,proximal,0,1,1590,4.35,4,f
exp1,EYFNPR,physical,shock,,cause,proximal,0,1,1590,4.35,4,f
exp1,ARcKMX,physical,hurt,,lexical,proximal,0,1,2070,5.67,5,m
exp1,ARcKMX,physical,hurt,,cause,proximal,0,1,2070,5.67,5,m
exp1,ARcKMX,physical,shock,,lexical,distal,1,0,2070,5.67,5,m
exp1,ARcKMX,physical,shock,,cause,distal,1,0,2070,5.67,5,m
exp1,NSLFNc,mental,shock,,cause,distal,1,0,2520,6.9,6,f
exp1,NSLFNc,mental,shock,,lexical,distal,1,0,2520,6.9,6,f
exp1,NSLFNc,mental,hurt,,cause,distal,1,0,2520,6.9,6,f
exp1,NSLFNc,mental,hurt,,lexical,distal,1,0,2520,6.9,6,f
exp1,6LLMc2,physical,shock,,lexical,proximal,0,1,2820,7.72,7,m
exp1,6LLMc2,physical,shock,,cause,proximal,0,1,2820,7.72,7,m
exp1,6LLMc2,physical,hurt,,lexical,proximal,0,1,2820,7.72,7,m
exp1,6LLMc2,physical,hurt,,cause,proximal,0,1,2820,7.72,7,m
exp1,Q6JXM7,physical,shock,,lexical,proximal,0,1,1680,4.6,4,m
exp1,Q6JXM7,physical,shock,,cause,distal,1,0,1680,4.6,4,m
exp1,Q6JXM7,physical,hurt,,lexical,proximal,0,1,1680,4.6,4,m
exp1,Q6JXM7,physical,hurt,,cause,distal,1,0,1680,4.6,4,m
exp1,7AdEWT,mental,shock,,lexical,distal,1,0,1320,3.61,3,f
exp1,7AdEWT,mental,shock,,cause,distal,1,0,1320,3.61,3,f
exp1,7AdEWT,mental,hurt,,lexical,proximal,0,1,1320,3.61,3,f
exp1,7AdEWT,mental,hurt,,cause,proximal,0,1,1320,3.61,3,f
exp1,JHFHJQ,mental,shock,,lexical,proximal,0,1,1410,3.86,3,m
exp1,JHFHJQ,mental,shock,,cause,distal,1,0,1410,3.86,3,m
exp1,JHFHJQ,mental,hurt,,lexical,proximal,0,1,1410,3.86,3,m
exp1,JHFHJQ,mental,hurt,,cause,proximal,0,1,1410,3.86,3,m
exp1,JT4W5E,mental,hurt,,cause,proximal,0,1,1830,5.01,5,f
exp1,JT4W5E,mental,hurt,,lexical,proximal,0,1,1830,5.01,5,f
exp1,JT4W5E,mental,shock,,cause,proximal,0,1,1830,5.01,5,f
exp1,JT4W5E,mental,shock,,lexical,proximal,0,1,1830,5.01,5,f
exp1,Q53WY2,physical,shock,,lexical,proximal,0,1,2700,7.39,7,f
exp1,Q53WY2,physical,shock,,cause,distal,1,0,2700,7.39,7,f
exp1,Q53WY2,physical,hurt,,lexical,proximal,0,1,2700,7.39,7,f
exp1,Q53WY2,physical,hurt,,cause,distal,1,0,2700,7.39,7,f
exp1,ETRQXT,mental,hurt,,cause,distal,1,0,2520,6.9,6,f
exp1,ETRQXT,mental,hurt,,lexical,proximal,0,1,2520,6.9,6,f
exp1,ETRQXT,mental,shock,,cause,distal,1,0,2520,6.9,6,f
exp1,ETRQXT,mental,shock,,lexical,proximal,0,1,2520,6.9,6,f
exp1,FdH47c,mental,hurt,,cause,distal,1,0,3210,8.79,8,f
exp1,FdH47c,mental,hurt,,lexical,distal,1,0,3210,8.79,8,f
exp1,FdH47c,mental,shock,,cause,distal,1,0,3210,8.79,8,f
exp1,FdH47c,mental,shock,,lexical,distal,1,0,3210,8.79,8,f
exp1,E5H4RJ,mental,hurt,,lexical,distal,1,0,3420,9.36,9,m
exp1,E5H4RJ,mental,hurt,,cause,proximal,0,1,3420,9.36,9,m
exp1,E5H4RJ,mental,shock,,lexical,proximal,0,1,3420,9.36,9,m
exp1,E5H4RJ,mental,shock,,cause,distal,1,0,3420,9.36,9,m
exp1,UBAPSc,mental,shock,,lexical,proximal,0,1,1680,4.6,4,m
exp1,UBAPSc,mental,shock,,cause,distal,1,0,1680,4.6,4,m
exp1,UBAPSc,mental,hurt,,lexical,proximal,0,1,1680,4.6,4,m
exp1,UBAPSc,mental,hurt,,cause,distal,1,0,1680,4.6,4,m
exp1,cSVUZc,mental,hurt,,lexical,distal,1,0,2490,6.82,6,m
exp1,cSVUZc,mental,hurt,,cause,proximal,0,1,2490,6.82,6,m
exp1,cSVUZc,mental,shock,,lexical,proximal,0,1,2490,6.82,6,m
exp1,cSVUZc,mental,shock,,cause,distal,1,0,2490,6.82,6,m
exp1,W5N2LL,physical,shock,,cause,proximal,0,1,2190,6.0,5,f
exp1,W5N2LL,physical,shock,,lexical,distal,1,0,2190,6.0,5,f
exp1,W5N2LL,physical,hurt,,cause,proximal,0,1,2190,6.0,5,f
exp1,W5N2LL,physical,hurt,,lexical,proximal,0,1,2190,6.0,5,f
exp1,TSKdC3,mental,hurt,,cause,distal,1,0,1980,5.42,5,m
exp1,TSKdC3,mental,hurt,,lexical,distal,1,0,1980,5.42,5,m
exp1,TSKdC3,mental,shock,,cause,distal,1,0,1980,5.42,5,m
exp1,TSKdC3,mental,shock,,lexical,distal,1,0,1980,5.42,5,m
exp1,PcEZG4,physical,shock,,cause,proximal,0,1,1770,4.85,4,f
exp1,PcEZG4,physical,shock,,lexical,distal,1,0,1770,4.85,4,f
exp1,PcEZG4,physical,hurt,,cause,proximal,0,1,1770,4.85,4,f
exp1,PcEZG4,physical,hurt,,lexical,distal,1,0,1770,4.85,4,f
exp1,UDKMN3,physical,shock,,lexical,distal,1,0,3240,8.87,8,m
exp1,UDKMN3,physical,shock,,cause,distal,1,0,3240,8.87,8,m
exp1,UDKMN3,physical,hurt,,lexical,proximal,0,1,3240,8.87,8,m
exp1,UDKMN3,physical,hurt,,cause,distal,1,0,3240,8.87,8,m
exp1,cZ4cHG,mental,shock,,lexical,distal,1,0,3480,9.53,9,m
exp1,cZ4cHG,mental,shock,,cause,distal,1,0,3480,9.53,9,m
exp1,cZ4cHG,mental,hurt,,lexical,proximal,0,1,3480,9.53,9,m
exp1,cZ4cHG,mental,hurt,,cause,distal,1,0,3480,9.53,9,m
exp1,NYHLdV,physical,hurt,,cause,distal,1,0,1530,4.19,4,m
exp1,NYHLdV,physical,hurt,,lexical,proximal,0,1,1530,4.19,4,m
exp1,NYHLdV,physical,shock,,cause,distal,1,0,1530,4.19,4,m
exp1,NYHLdV,physical,shock,,lexical,proximal,0,1,1530,4.19,4,m
exp1,MdBSW5,mental,shock,,cause,distal,1,0,1620,4.44,4,f
exp1,MdBSW5,mental,shock,,lexical,distal,1,0,1620,4.44,4,f
exp1,MdBSW5,mental,hurt,,cause,distal,1,0,1620,4.44,4,f
exp1,MdBSW5,mental,hurt,,lexical,proximal,0,1,1620,4.44,4,f
exp1,THZCd6,physical,hurt,,lexical,proximal,0,1,2670,7.31,7,m
exp1,THZCd6,physical,hurt,,cause,proximal,0,1,2670,7.31,7,m
exp1,THZCd6,physical,shock,,lexical,proximal,0,1,2670,7.31,7,m
exp1,THZCd6,physical,shock,,cause,distal,1,0,2670,7.31,7,m
exp1,4NWL2S,physical,shock,,lexical,proximal,0,1,3180,8.71,8,f
exp1,4NWL2S,physical,shock,,cause,distal,1,0,3180,8.71,8,f
exp1,4NWL2S,physical,hurt,,lexical,proximal,0,1,3180,8.71,8,f
exp1,4NWL2S,physical,hurt,,cause,distal,1,0,3180,8.71,8,f
exp1,5S54S7,physical,hurt,,cause,distal,1,0,3480,9.53,9,f
exp1,5S54S7,physical,hurt,,lexical,proximal,0,1,3480,9.53,9,f
exp1,5S54S7,physical,shock,,cause,distal,1,0,3480,9.53,9,f
exp1,5S54S7,physical,shock,,lexical,proximal,0,1,3480,9.53,9,f
exp1,EKL7VT,physical,hurt,,lexical,proximal,0,1,1860,5.09,5,f
exp1,EKL7VT,physical,hurt,,cause,distal,1,0,1860,5.09,5,f
exp1,EKL7VT,physical,shock,,lexical,distal,1,0,1860,5.09,5,f
exp1,EKL7VT,physical,shock,,cause,proximal,0,1,1860,5.09,5,f
exp1,YMAc35,mental,shock,,cause,distal,1,0,1650,4.52,4,f
exp1,YMAc35,mental,shock,,lexical,distal,1,0,1650,4.52,4,f
exp1,YMAc35,mental,hurt,,cause,proximal,0,1,1650,4.52,4,f
exp1,YMAc35,mental,hurt,,lexical,proximal,0,1,1650,4.52,4,f
exp1,cQHLYX,physical,hurt,,cause,proximal,0,1,3120,8.54,8,f
exp1,cQHLYX,physical,hurt,,lexical,proximal,0,1,3120,8.54,8,f
exp1,cQHLYX,physical,shock,,cause,distal,1,0,3120,8.54,8,f
exp1,cQHLYX,physical,shock,,lexical,proximal,0,1,3120,8.54,8,f
exp1,PTdU2B,mental,shock,,lexical,proximal,0,1,3510,9.61,9,m
exp1,PTdU2B,mental,shock,,cause,proximal,0,1,3510,9.61,9,m
exp1,PTdU2B,mental,hurt,,lexical,proximal,0,1,3510,9.61,9,m
exp1,PTdU2B,mental,hurt,,cause,proximal,0,1,3510,9.61,9,m
exp1,JYRLWM,physical,hurt,,cause,proximal,0,1,1140,3.12,3,f
exp1,JYRLWM,physical,hurt,,lexical,distal,1,0,1140,3.12,3,f
exp1,JYRLWM,physical,shock,,cause,distal,1,0,1140,3.12,3,f
exp1,JYRLWM,physical,shock,,lexical,distal,1,0,1140,3.12,3,f
exp1,36HHXH,mental,hurt,,cause,distal,1,0,2850,7.8,7,m
exp1,36HHXH,mental,hurt,,lexical,distal,1,0,2850,7.8,7,m
exp1,36HHXH,mental,shock,,cause,distal,1,0,2850,7.8,7,m
exp1,36HHXH,mental,shock,,lexical,proximal,0,1,2850,7.8,7,m
exp1,V2d5UM,physical,hurt,,lexical,distal,1,0,3450,9.45,9,m
exp1,V2d5UM,physical,hurt,,cause,proximal,0,1,3450,9.45,9,m
exp1,V2d5UM,physical,shock,,lexical,proximal,0,1,3450,9.45,9,m
exp1,V2d5UM,physical,shock,,cause,distal,1,0,3450,9.45,9,m
exp1,cUXSUU,mental,hurt,,lexical,proximal,0,1,1320,3.61,3,m
exp1,cUXSUU,mental,hurt,,cause,proximal,0,1,1320,3.61,3,m
exp1,cUXSUU,mental,shock,,lexical,distal,1,0,1320,3.61,3,m
exp1,cUXSUU,mental,shock,,cause,distal,1,0,1320,3.61,3,m
exp1,H3G2KZ,mental,hurt,,lexical,distal,1,0,2400,6.57,6,m
exp1,H3G2KZ,mental,hurt,,cause,proximal,0,1,2400,6.57,6,m
exp1,H3G2KZ,mental,shock,,lexical,distal,1,0,2400,6.57,6,m
exp1,H3G2KZ,mental,shock,,cause,proximal,0,1,2400,6.57,6,m
exp1,cRAPWK,mental,hurt,,lexical,distal,1,0,2790,7.64,7,m
exp1,cRAPWK,mental,hurt,,cause,distal,1,0,2790,7.64,7,m
exp1,cRAPWK,mental,shock,,lexical,proximal,0,1,2790,7.64,7,m
exp1,cRAPWK,mental,shock,,cause,distal,1,0,2790,7.64,7,m
exp1,6VMS3P,physical,hurt,,cause,distal,1,0,3630,9.94,9,f
exp1,6VMS3P,physical,hurt,,lexical,proximal,0,1,3630,9.94,9,f
exp1,6VMS3P,physical,shock,,cause,distal,1,0,3630,9.94,9,f
exp1,6VMS3P,physical,shock,,lexical,proximal,0,1,3630,9.94,9,f
exp1,LARAPT,physical,shock,,cause,distal,1,0,2850,7.8,7,f
exp1,LARAPT,physical,shock,,lexical,proximal,0,1,2850,7.8,7,f
exp1,LARAPT,physical,hurt,,cause,distal,1,0,2850,7.8,7,f
exp1,LARAPT,physical,hurt,,lexical,proximal,0,1,2850,7.8,7,f
exp1,HRZWJP,physical,shock,,cause,distal,1,0,3600,9.86,9,m
exp1,HRZWJP,physical,shock,,lexical,proximal,0,1,3600,9.86,9,m
exp1,HRZWJP,physical,hurt,,cause,distal,1,0,3600,9.86,9,m
exp1,HRZWJP,physical,hurt,,lexical,proximal,0,1,3600,9.86,9,m
exp1,XPGL3Z,physical,hurt,,cause,distal,1,0,2850,7.8,7,m
exp1,XPGL3Z,physical,hurt,,lexical,proximal,0,1,2850,7.8,7,m
exp1,XPGL3Z,physical,shock,,cause,proximal,0,1,2850,7.8,7,m
exp1,XPGL3Z,physical,shock,,lexical,proximal,0,1,2850,7.8,7,m
exp1,XHMDQB,physical,shock,,lexical,proximal,0,1,1260,3.45,3,m
exp1,XHMDQB,physical,shock,,cause,proximal,0,1,1260,3.45,3,m
exp1,XHMDQB,physical,hurt,,lexical,proximal,0,1,1260,3.45,3,m
exp1,XHMDQB,physical,hurt,,cause,proximal,0,1,1260,3.45,3,m
exp1,4U3MdR,mental,shock,,lexical,proximal,0,1,2100,5.75,5,f
exp1,4U3MdR,mental,shock,,cause,distal,1,0,2100,5.75,5,f
exp1,4U3MdR,mental,hurt,,lexical,distal,1,0,2100,5.75,5,f
exp1,4U3MdR,mental,hurt,,cause,distal,1,0,2100,5.75,5,f
exp1,YJVd2Y,mental,shock,,cause,distal,1,0,1710,4.68,4,m
exp1,YJVd2Y,mental,shock,,lexical,proximal,0,1,1710,4.68,4,m
exp1,YJVd2Y,mental,hurt,,cause,proximal,0,1,1710,4.68,4,m
exp1,YJVd2Y,mental,hurt,,lexical,distal,1,0,1710,4.68,4,m
exp1,5TEELP,mental,shock,,cause,distal,1,0,1560,4.27,4,f
exp1,5TEELP,mental,shock,,lexical,proximal,0,1,1560,4.27,4,f
exp1,5TEELP,mental,hurt,,cause,distal,1,0,1560,4.27,4,f
exp1,5TEELP,mental,hurt,,lexical,proximal,0,1,1560,4.27,4,f
exp1,BdGVER,physical,shock,,cause,proximal,0,1,2580,7.06,7,m
exp1,BdGVER,physical,shock,,lexical,proximal,0,1,2580,7.06,7,m
exp1,BdGVER,physical,hurt,,cause,proximal,0,1,2580,7.06,7,m
exp1,BdGVER,physical,hurt,,lexical,proximal,0,1,2580,7.06,7,m
exp1,L5d5QA,physical,hurt,,cause,distal,1,0,1680,4.6,4,f
exp1,L5d5QA,physical,hurt,,lexical,proximal,0,1,1680,4.6,4,f
exp1,L5d5QA,physical,shock,,cause,distal,1,0,1680,4.6,4,f
exp1,L5d5QA,physical,shock,,lexical,proximal,0,1,1680,4.6,4,f
exp1,LMdAQ6,mental,hurt,,lexical,proximal,0,1,1380,3.78,3,m
exp1,LMdAQ6,mental,hurt,,cause,proximal,0,1,1380,3.78,3,m
exp1,LMdAQ6,mental,shock,,lexical,proximal,0,1,1380,3.78,3,m
exp1,LMdAQ6,mental,shock,,cause,proximal,0,1,1380,3.78,3,m
exp1,V5KSAN,physical,shock,,cause,distal,1,0,3240,8.87,8,f
exp1,V5KSAN,physical,shock,,lexical,proximal,0,1,3240,8.87,8,f
exp1,V5KSAN,physical,hurt,,cause,distal,1,0,3240,8.87,8,f
exp1,V5KSAN,physical,hurt,,lexical,proximal,0,1,3240,8.87,8,f
exp1,TRQNRW,mental,shock,,lexical,proximal,0,1,1800,4.93,4,m
exp1,TRQNRW,mental,shock,,cause,distal,1,0,1800,4.93,4,m
exp1,TRQNRW,mental,hurt,,lexical,distal,1,0,1800,4.93,4,m
exp1,TRQNRW,mental,hurt,,cause,distal,1,0,1800,4.93,4,m
exp1,NJdQBR,physical,hurt,,cause,distal,1,0,3450,9.45,9,f
exp1,NJdQBR,physical,hurt,,lexical,proximal,0,1,3450,9.45,9,f
exp1,NJdQBR,physical,shock,,cause,distal,1,0,3450,9.45,9,f
exp1,NJdQBR,physical,shock,,lexical,proximal,0,1,3450,9.45,9,f
exp1,AJK7UU,physical,shock,,lexical,proximal,0,1,3390,9.28,9,m
exp1,AJK7UU,physical,shock,,cause,proximal,0,1,3390,9.28,9,m
exp1,AJK7UU,physical,hurt,,lexical,proximal,0,1,3390,9.28,9,m
exp1,AJK7UU,physical,hurt,,cause,distal,1,0,3390,9.28,9,m
exp1,LW6CWP,physical,shock,,lexical,proximal,0,1,2820,7.72,7,m
exp1,LW6CWP,physical,shock,,cause,distal,1,0,2820,7.72,7,m
exp1,LW6CWP,physical,hurt,,lexical,proximal,0,1,2820,7.72,7,m
exp1,LW6CWP,physical,hurt,,cause,distal,1,0,2820,7.72,7,m
exp1,RRVJKV,physical,shock,,cause,distal,1,0,2220,6.08,6,f
exp1,RRVJKV,physical,shock,,lexical,proximal,0,1,2220,6.08,6,f
exp1,RRVJKV,physical,hurt,,cause,distal,1,0,2220,6.08,6,f
exp1,RRVJKV,physical,hurt,,lexical,distal,1,0,2220,6.08,6,f
exp1,AAVTVK,mental,shock,,lexical,proximal,0,1,2730,7.47,7,f
exp1,AAVTVK,mental,shock,,cause,distal,1,0,2730,7.47,7,f
exp1,AAVTVK,mental,hurt,,lexical,distal,1,0,2730,7.47,7,f
exp1,AAVTVK,mental,hurt,,cause,proximal,0,1,2730,7.47,7,f
exp1,6TXTT4,mental,shock,,cause,proximal,0,1,2430,6.65,6,m
exp1,6TXTT4,mental,shock,,lexical,distal,1,0,2430,6.65,6,m
exp1,6TXTT4,mental,hurt,,cause,distal,1,0,2430,6.65,6,m
exp1,6TXTT4,mental,hurt,,lexical,distal,1,0,2430,6.65,6,m
exp1,JVcAZV,mental,shock,,cause,distal,1,0,1740,4.76,4,f
exp1,JVcAZV,mental,shock,,lexical,distal,1,0,1740,4.76,4,f
exp1,JVcAZV,mental,hurt,,cause,distal,1,0,1740,4.76,4,f
exp1,JVcAZV,mental,hurt,,lexical,distal,1,0,1740,4.76,4,f
exp1,HcLXRH,physical,shock,,lexical,distal,1,0,2310,6.32,6,m
exp1,HcLXRH,physical,shock,,cause,proximal,0,1,2310,6.32,6,m
exp1,HcLXRH,physical,hurt,,lexical,distal,1,0,2310,6.32,6,m
exp1,HcLXRH,physical,hurt,,cause,proximal,0,1,2310,6.32,6,m
exp1,ASGF3G,mental,hurt,,cause,distal,1,0,1500,4.11,4,m
exp1,ASGF3G,mental,hurt,,lexical,proximal,0,1,1500,4.11,4,m
exp1,ASGF3G,mental,shock,,cause,distal,1,0,1500,4.11,4,m
exp1,ASGF3G,mental,shock,,lexical,proximal,0,1,1500,4.11,4,m
exp1,3ScVPJ,physical,shock,,lexical,distal,1,0,1290,3.53,3,m
exp1,3ScVPJ,physical,shock,,cause,proximal,0,1,1290,3.53,3,m
exp1,3ScVPJ,physical,hurt,,lexical,proximal,0,1,1290,3.53,3,m
exp1,3ScVPJ,physical,hurt,,cause,distal,1,0,1290,3.53,3,m
exp1,DMXHXD,mental,shock,,cause,distal,1,0,1950,5.34,5,m
exp1,DMXHXD,mental,shock,,lexical,proximal,0,1,1950,5.34,5,m
exp1,DMXHXD,mental,hurt,,cause,distal,1,0,1950,5.34,5,m
exp1,DMXHXD,mental,hurt,,lexical,distal,1,0,1950,5.34,5,m
exp1,XCLS3R,mental,hurt,,cause,distal,1,0,1590,4.35,4,m
exp1,XCLS3R,mental,hurt,,lexical,distal,1,0,1590,4.35,4,m
exp1,XCLS3R,mental,shock,,cause,distal,1,0,1590,4.35,4,m
exp1,XCLS3R,mental,shock,,lexical,proximal,0,1,1590,4.35,4,m
exp1,DW5AFF,mental,shock,,cause,distal,1,0,3270,8.95,8,f
exp1,DW5AFF,mental,shock,,lexical,distal,1,0,3270,8.95,8,f
exp1,DW5AFF,mental,hurt,,cause,distal,1,0,3270,8.95,8,f
exp1,DW5AFF,mental,hurt,,lexical,distal,1,0,3270,8.95,8,f
exp1,F232EC,mental,hurt,,lexical,proximal,0,1,1230,3.37,3,f
exp1,F232EC,mental,hurt,,cause,distal,1,0,1230,3.37,3,f
exp1,F232EC,mental,shock,,lexical,proximal,0,1,1230,3.37,3,f
exp1,F232EC,mental,shock,,cause,distal,1,0,1230,3.37,3,f
exp1,cNLY2X,mental,hurt,,cause,distal,1,0,2520,6.9,6,f
exp1,cNLY2X,mental,hurt,,lexical,distal,1,0,2520,6.9,6,f
exp1,cNLY2X,mental,shock,,cause,distal,1,0,2520,6.9,6,f
exp1,cNLY2X,mental,shock,,lexical,distal,1,0,2520,6.9,6,f
exp1,NRJQAL,physical,shock,,cause,distal,1,0,3150,8.62,8,m
exp1,NRJQAL,physical,shock,,lexical,proximal,0,1,3150,8.62,8,m
exp1,NRJQAL,physical,hurt,,cause,distal,1,0,3150,8.62,8,m
exp1,NRJQAL,physical,hurt,,lexical,proximal,0,1,3150,8.62,8,m
exp1,Z246WH,mental,shock,,cause,proximal,0,1,1380,3.78,3,f
exp1,Z246WH,mental,shock,,lexical,proximal,0,1,1380,3.78,3,f
exp1,Z246WH,mental,hurt,,cause,proximal,0,1,1380,3.78,3,f
exp1,Z246WH,mental,hurt,,lexical,proximal,0,1,1380,3.78,3,f
exp1,6dDUBW,physical,shock,,lexical,distal,1,0,1710,4.68,4,f
exp1,6dDUBW,physical,shock,,cause,proximal,0,1,1710,4.68,4,f
exp1,6dDUBW,physical,hurt,,lexical,proximal,0,1,1710,4.68,4,f
exp1,6dDUBW,physical,hurt,,cause,distal,1,0,1710,4.68,4,f
exp1,THWT5T,physical,shock,,lexical,distal,1,0,3330,9.12,9,m
exp1,THWT5T,physical,shock,,cause,distal,1,0,3330,9.12,9,m
exp1,THWT5T,physical,hurt,,lexical,proximal,0,1,3330,9.12,9,m
exp1,THWT5T,physical,hurt,,cause,proximal,0,1,3330,9.12,9,m
exp1,MFEAAH,physical,hurt,,lexical,distal,1,0,1890,5.17,5,f
exp1,MFEAAH,physical,hurt,,cause,distal,1,0,1890,5.17,5,f
exp1,MFEAAH,physical,shock,,lexical,distal,1,0,1890,5.17,5,f
exp1,MFEAAH,physical,shock,,cause,distal,1,0,1890,5.17,5,f
exp1,DRFE33,mental,shock,,lexical,proximal,0,1,2760,7.56,7,f
exp1,DRFE33,mental,shock,,cause,distal,1,0,2760,7.56,7,f
exp1,DRFE33,mental,hurt,,lexical,distal,1,0,2760,7.56,7,f
exp1,DRFE33,mental,hurt,,cause,distal,1,0,2760,7.56,7,f
exp1,W625WK,physical,hurt,,cause,proximal,0,1,2100,5.75,5,f
exp1,W625WK,physical,hurt,,lexical,distal,1,0,2100,5.75,5,f
exp1,W625WK,physical,shock,,cause,proximal,0,1,2100,5.75,5,f
exp1,W625WK,physical,shock,,lexical,distal,1,0,2100,5.75,5,f
exp1,VTcPGQ,physical,shock,,lexical,distal,1,0,2460,6.74,6,f
exp1,VTcPGQ,physical,shock,,cause,distal,1,0,2460,6.74,6,f
exp1,VTcPGQ,physical,hurt,,lexical,proximal,0,1,2460,6.74,6,f
exp1,VTcPGQ,physical,hurt,,cause,distal,1,0,2460,6.74,6,f
exp1,FAGLRJ,mental,hurt,,cause,distal,1,0,3090,8.46,8,f
exp1,FAGLRJ,mental,hurt,,lexical,proximal,0,1,3090,8.46,8,f
exp1,FAGLRJ,mental,shock,,cause,distal,1,0,3090,8.46,8,f
exp1,FAGLRJ,mental,shock,,lexical,proximal,0,1,3090,8.46,8,f
exp1,A3QSDW,physical,hurt,,lexical,proximal,0,1,2880,7.89,7,m
exp1,A3QSDW,physical,hurt,,cause,distal,1,0,2880,7.89,7,m
exp1,A3QSDW,physical,shock,,lexical,proximal,0,1,2880,7.89,7,m
exp1,A3QSDW,physical,shock,,cause,distal,1,0,2880,7.89,7,m
exp1,2V4FFT,physical,shock,,lexical,proximal,0,1,2430,6.65,6,f
exp1,2V4FFT,physical,shock,,cause,distal,1,0,2430,6.65,6,f
exp1,2V4FFT,physical,hurt,,lexical,proximal,0,1,2430,6.65,6,f
exp1,2V4FFT,physical,hurt,,cause,distal,1,0,2430,6.65,6,f
exp1,B3PZUE,mental,hurt,,lexical,distal,1,0,3330,9.12,9,f
exp1,B3PZUE,mental,hurt,,cause,distal,1,0,3330,9.12,9,f
exp1,B3PZUE,mental,shock,,lexical,distal,1,0,3330,9.12,9,f
exp1,B3PZUE,mental,shock,,cause,distal,1,0,3330,9.12,9,f
exp1,XG67DW,physical,hurt,,cause,distal,1,0,3180,8.71,8,m
exp1,XG67DW,physical,hurt,,lexical,proximal,0,1,3180,8.71,8,m
exp1,XG67DW,physical,shock,,cause,distal,1,0,3180,8.71,8,m
exp1,XG67DW,physical,shock,,lexical,proximal,0,1,3180,8.71,8,m
exp1,TQBHQd,mental,hurt,,cause,distal,1,0,2880,7.89,7,m
exp1,TQBHQd,mental,hurt,,lexical,proximal,0,1,2880,7.89,7,m
exp1,TQBHQd,mental,shock,,cause,proximal,0,1,2880,7.89,7,m
exp1,TQBHQd,mental,shock,,lexical,distal,1,0,2880,7.89,7,m
exp1,4E7YcP,physical,hurt,,cause,proximal,0,1,3540,9.69,9,m
exp1,4E7YcP,physical,hurt,,lexical,proximal,0,1,3540,9.69,9,m
exp1,4E7YcP,physical,shock,,cause,proximal,0,1,3540,9.69,9,m
exp1,4E7YcP,physical,shock,,lexical,proximal,0,1,3540,9.69,9,m
exp1,W6LB34,mental,shock,,cause,proximal,0,1,3240,8.87,8,m
exp1,W6LB34,mental,shock,,lexical,distal,1,0,3240,8.87,8,m
exp1,W6LB34,mental,hurt,,cause,distal,1,0,3240,8.87,8,m
exp1,W6LB34,mental,hurt,,lexical,distal,1,0,3240,8.87,8,m
exp1,6XdF7V,mental,shock,,cause,distal,1,0,3570,9.77,9,f
exp1,6XdF7V,mental,shock,,lexical,proximal,0,1,3570,9.77,9,f
exp1,6XdF7V,mental,hurt,,cause,distal,1,0,3570,9.77,9,f
exp1,6XdF7V,mental,hurt,,lexical,distal,1,0,3570,9.77,9,f
exp1,Z4VU42,mental,shock,,cause,proximal,0,1,3240,8.87,8,m
exp1,Z4VU42,mental,shock,,lexical,distal,1,0,3240,8.87,8,m
exp1,Z4VU42,mental,hurt,,cause,distal,1,0,3240,8.87,8,m
exp1,Z4VU42,mental,hurt,,lexical,distal,1,0,3240,8.87,8,m
exp1,cJM7UK,physical,hurt,,lexical,distal,1,0,3090,8.46,8,f
exp1,cJM7UK,physical,hurt,,cause,proximal,0,1,3090,8.46,8,f
exp1,cJM7UK,physical,shock,,lexical,distal,1,0,3090,8.46,8,f
exp1,cJM7UK,physical,shock,,cause,distal,1,0,3090,8.46,8,f
exp1,LCDJPY,physical,shock,,cause,proximal,0,1,1890,5.17,5,f
exp1,LCDJPY,physical,shock,,lexical,proximal,0,1,1890,5.17,5,f
exp1,LCDJPY,physical,hurt,,cause,proximal,0,1,1890,5.17,5,f
exp1,LCDJPY,physical,hurt,,lexical,proximal,0,1,1890,5.17,5,f
exp1,NN6PSc,physical,hurt,,cause,distal,1,0,2490,6.82,6,f
exp1,NN6PSc,physical,hurt,,lexical,proximal,0,1,2490,6.82,6,f
exp1,NN6PSc,physical,shock,,cause,distal,1,0,2490,6.82,6,f
exp1,NN6PSc,physical,shock,,lexical,proximal,0,1,2490,6.82,6,f
exp1,7HF6GJ,physical,hurt,,lexical,proximal,0,1,1860,5.09,5,f
exp1,7HF6GJ,physical,hurt,,cause,proximal,0,1,1860,5.09,5,f
exp1,7HF6GJ,physical,shock,,lexical,proximal,0,1,1860,5.09,5,f
exp1,7HF6GJ,physical,shock,,cause,proximal,0,1,1860,5.09,5,f
exp1,QZ7ZdK,physical,shock,,lexical,proximal,0,1,2760,7.56,7,m
exp1,QZ7ZdK,physical,shock,,cause,proximal,0,1,2760,7.56,7,m
exp1,QZ7ZdK,physical,hurt,,lexical,proximal,0,1,2760,7.56,7,m
exp1,QZ7ZdK,physical,hurt,,cause,distal,1,0,2760,7.56,7,m
exp1,3H6B6X,mental,hurt,,lexical,distal,1,0,2370,6.49,6,m
exp1,3H6B6X,mental,hurt,,cause,distal,1,0,2370,6.49,6,m
exp1,3H6B6X,mental,shock,,lexical,distal,1,0,2370,6.49,6,m
exp1,3H6B6X,mental,shock,,cause,distal,1,0,2370,6.49,6,m
exp1,FMDEK2,mental,hurt,,cause,distal,1,0,2370,6.49,6,m
exp1,FMDEK2,mental,hurt,,lexical,distal,1,0,2370,6.49,6,m
exp1,FMDEK2,mental,shock,,cause,proximal,0,1,2370,6.49,6,m
exp1,FMDEK2,mental,shock,,lexical,distal,1,0,2370,6.49,6,m
exp1,TWM3JJ,physical,shock,,lexical,distal,1,0,3450,9.45,9,m
exp1,TWM3JJ,physical,shock,,cause,proximal,0,1,3450,9.45,9,m
exp1,TWM3JJ,physical,hurt,,lexical,proximal,0,1,3450,9.45,9,m
exp1,TWM3JJ,physical,hurt,,cause,distal,1,0,3450,9.45,9,m
exp1,ZCYXW6,physical,hurt,,lexical,proximal,0,1,2970,8.13,8,m
exp1,ZCYXW6,physical,hurt,,cause,proximal,0,1,2970,8.13,8,m
exp1,ZCYXW6,physical,shock,,lexical,proximal,0,1,2970,8.13,8,m
exp1,ZCYXW6,physical,shock,,cause,proximal,0,1,2970,8.13,8,m
exp1,TdRHS7,physical,hurt,,lexical,proximal,0,1,2700,7.39,7,m
exp1,TdRHS7,physical,hurt,,cause,distal,1,0,2700,7.39,7,m
exp1,TdRHS7,physical,shock,,lexical,proximal,0,1,2700,7.39,7,m
exp1,TdRHS7,physical,shock,,cause,distal,1,0,2700,7.39,7,m
exp1,YDKGDL,mental,hurt,,lexical,distal,1,0,2970,8.13,8,f
exp1,YDKGDL,mental,hurt,,cause,distal,1,0,2970,8.13,8,f
exp1,YDKGDL,mental,shock,,lexical,proximal,0,1,2970,8.13,8,f
exp1,YDKGDL,mental,shock,,cause,distal,1,0,2970,8.13,8,f
exp1,SYNGGH,physical,shock,,lexical,distal,1,0,3600,9.86,9,f
exp1,SYNGGH,physical,shock,,cause,distal,1,0,3600,9.86,9,f
exp1,SYNGGH,physical,hurt,,lexical,distal,1,0,3600,9.86,9,f
exp1,SYNGGH,physical,hurt,,cause,distal,1,0,3600,9.86,9,f
exp1,36FYZL,mental,hurt,,cause,distal,1,0,2550,6.98,6,f
exp1,36FYZL,mental,hurt,,lexical,proximal,0,1,2550,6.98,6,f
exp1,36FYZL,mental,shock,,cause,proximal,0,1,2550,6.98,6,f
exp1,36FYZL,mental,shock,,lexical,distal,1,0,2550,6.98,6,f
exp1,WD5cJJ,mental,shock,,lexical,proximal,0,1,3390,9.28,9,f
exp1,WD5cJJ,mental,shock,,cause,distal,1,0,3390,9.28,9,f
exp1,WD5cJJ,mental,hurt,,lexical,proximal,0,1,3390,9.28,9,f
exp1,WD5cJJ,mental,hurt,,cause,distal,1,0,3390,9.28,9,f
exp1,2534NQ,physical,shock,,lexical,proximal,0,1,2580,7.06,7,m
exp1,2534NQ,physical,shock,,cause,distal,1,0,2580,7.06,7,m
exp1,2534NQ,physical,hurt,,lexical,proximal,0,1,2580,7.06,7,m
exp1,2534NQ,physical,hurt,,cause,distal,1,0,2580,7.06,7,m
exp1,PEE77W,mental,hurt,,cause,distal,1,0,2640,7.23,7,f
exp1,PEE77W,mental,hurt,,lexical,distal,1,0,2640,7.23,7,f
exp1,PEE77W,mental,shock,,cause,distal,1,0,2640,7.23,7,f
exp1,PEE77W,mental,shock,,lexical,distal,1,0,2640,7.23,7,f
exp1,Q46RdW,physical,shock,,cause,distal,1,0,3540,9.69,9,m
exp1,Q46RdW,physical,shock,,lexical,proximal,0,1,3540,9.69,9,m
exp1,Q46RdW,physical,hurt,,cause,distal,1,0,3540,9.69,9,m
exp1,Q46RdW,physical,hurt,,lexical,proximal,0,1,3540,9.69,9,m
exp1,VDTEUS,mental,shock,,cause,distal,1,0,3570,9.77,9,m
exp1,VDTEUS,mental,shock,,lexical,proximal,0,1,3570,9.77,9,m
exp1,VDTEUS,mental,hurt,,cause,distal,1,0,3570,9.77,9,m
exp1,VDTEUS,mental,hurt,,lexical,distal,1,0,3570,9.77,9,m
exp1,Qc7JKG,mental,shock,,cause,proximal,0,1,3240,8.87,8,f
exp1,Qc7JKG,mental,shock,,lexical,distal,1,0,3240,8.87,8,f
exp1,Qc7JKG,mental,hurt,,cause,proximal,0,1,3240,8.87,8,f
exp1,Qc7JKG,mental,hurt,,lexical,distal,1,0,3240,8.87,8,f
exp1,VET65A,physical,shock,,cause,distal,1,0,3450,9.45,9,f
exp1,VET65A,physical,shock,,lexical,proximal,0,1,3450,9.45,9,f
exp1,VET65A,physical,hurt,,cause,distal,1,0,3450,9.45,9,f
exp1,VET65A,physical,hurt,,lexical,proximal,0,1,3450,9.45,9,f
exp1,SdQD4Z,physical,hurt,,lexical,proximal,0,1,3120,8.54,8,m
exp1,SdQD4Z,physical,hurt,,cause,distal,1,0,3120,8.54,8,m
exp1,SdQD4Z,physical,shock,,lexical,proximal,0,1,3120,8.54,8,m
exp1,SdQD4Z,physical,shock,,cause,distal,1,0,3120,8.54,8,m
exp1,2HXGGG,physical,hurt,,cause,distal,1,0,3000,8.21,8,m
exp1,2HXGGG,physical,hurt,,lexical,proximal,0,1,3000,8.21,8,m
exp1,2HXGGG,physical,shock,,cause,distal,1,0,3000,8.21,8,m
exp1,2HXGGG,physical,shock,,lexical,proximal,0,1,3000,8.21,8,m
exp1,2QUNFP,physical,hurt,,cause,distal,1,0,3030,8.3,8,m
exp1,2QUNFP,physical,hurt,,lexical,proximal,0,1,3030,8.3,8,m
exp1,2QUNFP,physical,shock,,cause,distal,1,0,3030,8.3,8,m
exp1,2QUNFP,physical,shock,,lexical,proximal,0,1,3030,8.3,8,m
exp1,7ZWES2,mental,hurt,,lexical,distal,1,0,3030,8.3,8,m
exp1,7ZWES2,mental,hurt,,cause,proximal,0,1,3030,8.3,8,m
exp1,7ZWES2,mental,shock,,lexical,distal,1,0,3030,8.3,8,m
exp1,7ZWES2,mental,shock,,cause,distal,1,0,3030,8.3,8,m
exp1,Y5WPDJ,physical,hurt,,lexical,distal,1,0,3000,8.21,8,m
exp1,Y5WPDJ,physical,hurt,,cause,distal,1,0,3000,8.21,8,m
exp1,Y5WPDJ,physical,shock,,lexical,proximal,0,1,3000,8.21,8,m
exp1,Y5WPDJ,physical,shock,,cause,distal,1,0,3000,8.21,8,m
exp1,P73cDW,mental,hurt,,lexical,proximal,0,1,3510,9.61,9,f
exp1,P73cDW,mental,hurt,,cause,distal,1,0,3510,9.61,9,f
exp1,P73cDW,mental,shock,,lexical,proximal,0,1,3510,9.61,9,f
exp1,P73cDW,mental,shock,,cause,distal,1,0,3510,9.61,9,f
exp1,DM3KdQ,mental,shock,,lexical,distal,1,0,3540,9.69,9,f
exp1,DM3KdQ,mental,shock,,cause,proximal,0,1,3540,9.69,9,f
exp1,DM3KdQ,mental,hurt,,lexical,distal,1,0,3540,9.69,9,f
exp1,DM3KdQ,mental,hurt,,cause,proximal,0,1,3540,9.69,9,f
exp1,DJ2QP4,physical,shock,,lexical,proximal,0,1,3600,9.86,9,m
exp1,DJ2QP4,physical,shock,,cause,proximal,0,1,3600,9.86,9,m
exp1,DJ2QP4,physical,hurt,,lexical,proximal,0,1,3600,9.86,9,m
exp1,DJ2QP4,physical,hurt,,cause,distal,1,0,3600,9.86,9,m
exp1,R7Nc5Y,physical,hurt,,cause,distal,1,0,3000,8.21,8,m
exp1,R7Nc5Y,physical,hurt,,lexical,proximal,0,1,3000,8.21,8,m
exp1,R7Nc5Y,physical,shock,,cause,distal,1,0,3000,8.21,8,m
exp1,R7Nc5Y,physical,shock,,lexical,proximal,0,1,3000,8.21,8,m
exp1,3PPVRJ,mental,hurt,,cause,distal,1,0,3360,9.2,9,f
exp1,3PPVRJ,mental,hurt,,lexical,distal,1,0,3360,9.2,9,f
exp1,3PPVRJ,mental,shock,,cause,distal,1,0,3360,9.2,9,f
exp1,3PPVRJ,mental,shock,,lexical,proximal,0,1,3360,9.2,9,f
exp1,4WCHV7,physical,hurt,,cause,distal,1,0,3390,9.28,9,f
exp1,4WCHV7,physical,hurt,,lexical,proximal,0,1,3390,9.28,9,f
exp1,4WCHV7,physical,shock,,cause,distal,1,0,3390,9.28,9,f
exp1,4WCHV7,physical,shock,,lexical,proximal,0,1,3390,9.28,9,f
exp1,NKKC6V,mental,hurt,,lexical,distal,1,0,3390,9.28,9,f
exp1,NKKC6V,mental,hurt,,cause,proximal,0,1,3390,9.28,9,f
exp1,NKKC6V,mental,shock,,lexical,distal,1,0,3390,9.28,9,f
exp1,NKKC6V,mental,shock,,cause,proximal,0,1,3390,9.28,9,f
exp1,LZCYXY,mental,shock,,cause,distal,1,0,3300,9.03,9,m
exp1,LZCYXY,mental,shock,,lexical,proximal,0,1,3300,9.03,9,m
exp1,LZCYXY,mental,hurt,,cause,distal,1,0,3300,9.03,9,m
exp1,LZCYXY,mental,hurt,,lexical,proximal,0,1,3300,9.03,9,m
exp1,XYSdX3,mental,hurt,,lexical,distal,1,0,3000,8.21,8,f
exp1,XYSdX3,mental,hurt,,cause,distal,1,0,3000,8.21,8,f
exp1,XYSdX3,mental,shock,,lexical,proximal,0,1,3000,8.21,8,f
exp1,XYSdX3,mental,shock,,cause,distal,1,0,3000,8.21,8,f
exp1,36JMGQ,mental,shock,,lexical,proximal,0,1,2940,8.05,8,m
exp1,36JMGQ,mental,shock,,cause,distal,1,0,2940,8.05,8,m
exp1,36JMGQ,mental,hurt,,lexical,proximal,0,1,2940,8.05,8,m
exp1,36JMGQ,mental,hurt,,cause,distal,1,0,2940,8.05,8,m
exp1,NQU2B4,mental,shock,,cause,proximal,0,1,2970,8.13,8,f
exp1,NQU2B4,mental,shock,,lexical,distal,1,0,2970,8.13,8,f
exp1,NQU2B4,mental,hurt,,cause,distal,1,0,2970,8.13,8,f
exp1,NQU2B4,mental,hurt,,lexical,distal,1,0,2970,8.13,8,f
exp1,MTYEBY,physical,shock,,lexical,proximal,0,1,3150,8.62,8,m
exp1,MTYEBY,physical,shock,,cause,distal,1,0,3150,8.62,8,m
exp1,MTYEBY,physical,hurt,,lexical,proximal,0,1,3150,8.62,8,m
exp1,MTYEBY,physical,hurt,,cause,distal,1,0,3150,8.62,8,m
exp1,XVQGWZ,mental,hurt,,lexical,proximal,0,1,3210,8.79,8,f
exp1,XVQGWZ,mental,hurt,,cause,distal,1,0,3210,8.79,8,f
exp1,XVQGWZ,mental,shock,,lexical,proximal,0,1,3210,8.79,8,f
exp1,XVQGWZ,mental,shock,,cause,distal,1,0,3210,8.79,8,f
exp1,QMYVHF,mental,shock,,lexical,proximal,0,1,3180,8.71,8,m
exp1,QMYVHF,mental,shock,,cause,proximal,0,1,3180,8.71,8,m
exp1,QMYVHF,mental,hurt,,lexical,proximal,0,1,3180,8.71,8,m
exp1,QMYVHF,mental,hurt,,cause,proximal,0,1,3180,8.71,8,m
exp1,G64NMY,mental,shock,,lexical,distal,1,0,3510,9.61,9,m
exp1,G64NMY,mental,shock,,cause,distal,1,0,3510,9.61,9,m
exp1,G64NMY,mental,hurt,,lexical,distal,1,0,3510,9.61,9,m
exp1,G64NMY,mental,hurt,,cause,proximal,0,1,3510,9.61,9,m
exp1,TDYWW6,mental,shock,,lexical,distal,1,0,3270,8.95,8,m
exp1,TDYWW6,mental,shock,,cause,proximal,0,1,3270,8.95,8,m
exp1,TDYWW6,mental,hurt,,lexical,distal,1,0,3270,8.95,8,m
exp1,TDYWW6,mental,hurt,,cause,proximal,0,1,3270,8.95,8,m
exp1,USNG34,mental,shock,,cause,proximal,0,1,3030,8.3,8,f
exp1,USNG34,mental,shock,,lexical,distal,1,0,3030,8.3,8,f
exp1,USNG34,mental,hurt,,cause,distal,1,0,3030,8.3,8,f
exp1,USNG34,mental,hurt,,lexical,distal,1,0,3030,8.3,8,f
exp1,F6GGT3,physical,shock,,cause,distal,1,0,2940,8.05,8,f
exp1,F6GGT3,physical,shock,,lexical,proximal,0,1,2940,8.05,8,f
exp1,F6GGT3,physical,hurt,,cause,distal,1,0,2940,8.05,8,f
exp1,F6GGT3,physical,hurt,,lexical,proximal,0,1,2940,8.05,8,f
exp1,XC5LTU,mental,hurt,,cause,distal,1,0,3300,9.03,9,m
exp1,XC5LTU,mental,hurt,,lexical,distal,1,0,3300,9.03,9,m
exp1,XC5LTU,mental,shock,,cause,distal,1,0,3300,9.03,9,m
exp1,XC5LTU,mental,shock,,lexical,distal,1,0,3300,9.03,9,m
exp1,EV66MG,physical,shock,,lexical,proximal,0,1,3330,9.12,9,f
exp1,EV66MG,physical,shock,,cause,distal,1,0,3330,9.12,9,f
exp1,EV66MG,physical,hurt,,lexical,proximal,0,1,3330,9.12,9,f
exp1,EV66MG,physical,hurt,,cause,distal,1,0,3330,9.12,9,f
exp1,FF2EZU,mental,hurt,,lexical,distal,1,0,3510,9.61,9,f
exp1,FF2EZU,mental,hurt,,cause,proximal,0,1,3510,9.61,9,f
exp1,FF2EZU,mental,shock,,lexical,distal,1,0,3510,9.61,9,f
exp1,FF2EZU,mental,shock,,cause,proximal,0,1,3510,9.61,9,f
exp1,RS5ZL6,physical,hurt,,lexical,proximal,0,1,3570,9.77,9,m
exp1,RS5ZL6,physical,hurt,,cause,distal,1,0,3570,9.77,9,m
exp1,RS5ZL6,physical,shock,,lexical,proximal,0,1,3570,9.77,9,m
exp1,RS5ZL6,physical,shock,,cause,distal,1,0,3570,9.77,9,m
exp1,2LHWHU,mental,hurt,,lexical,distal,1,0,3390,9.28,9,m
exp1,2LHWHU,mental,hurt,,cause,distal,1,0,3390,9.28,9,m
exp1,2LHWHU,mental,shock,,lexical,distal,1,0,3390,9.28,9,m
exp1,2LHWHU,mental,shock,,cause,distal,1,0,3390,9.28,9,m
exp1,M3JSdB,mental,hurt,,cause,distal,1,0,2970,8.13,8,m
exp1,M3JSdB,mental,hurt,,lexical,proximal,0,1,2970,8.13,8,m
exp1,M3JSdB,mental,shock,,cause,distal,1,0,2970,8.13,8,m
exp1,M3JSdB,mental,shock,,lexical,proximal,0,1,2970,8.13,8,m
exp1,VZKLFW,physical,hurt,,lexical,proximal,0,1,3090,8.46,8,f
exp1,VZKLFW,physical,hurt,,cause,distal,1,0,3090,8.46,8,f
exp1,VZKLFW,physical,shock,,lexical,proximal,0,1,3090,8.46,8,f
exp1,VZKLFW,physical,shock,,cause,distal,1,0,3090,8.46,8,f
exp1,JDGA7U,mental,hurt,,lexical,distal,1,0,3600,9.86,9,m
exp1,JDGA7U,mental,hurt,,cause,distal,1,0,3600,9.86,9,m
exp1,JDGA7U,mental,shock,,lexical,distal,1,0,3600,9.86,9,m
exp1,JDGA7U,mental,shock,,cause,distal,1,0,3600,9.86,9,m
exp1,5GFU5U,physical,shock,,lexical,proximal,0,1,3420,9.36,9,m
exp1,5GFU5U,physical,shock,,cause,distal,1,0,3420,9.36,9,m
exp1,5GFU5U,physical,hurt,,lexical,proximal,0,1,3420,9.36,9,m
exp1,5GFU5U,physical,hurt,,cause,distal,1,0,3420,9.36,9,m
exp1,VASQZJ,mental,shock,,cause,proximal,0,1,3120,8.54,8,f
exp1,VASQZJ,mental,shock,,lexical,distal,1,0,3120,8.54,8,f
exp1,VASQZJ,mental,hurt,,cause,distal,1,0,3120,8.54,8,f
exp1,VASQZJ,mental,hurt,,lexical,proximal,0,1,3120,8.54,8,f
exp1,D2RUGS,mental,shock,,cause,proximal,0,1,3030,8.3,8,m
exp1,D2RUGS,mental,shock,,lexical,proximal,0,1,3030,8.3,8,m
exp1,D2RUGS,mental,hurt,,cause,proximal,0,1,3030,8.3,8,m
exp1,D2RUGS,mental,hurt,,lexical,distal,1,0,3030,8.3,8,m
exp1,S3KRBA,mental,hurt,,cause,proximal,0,1,3120,8.54,8,m
exp1,S3KRBA,mental,hurt,,lexical,proximal,0,1,3120,8.54,8,m
exp1,S3KRBA,mental,shock,,cause,distal,1,0,3120,8.54,8,m
exp1,S3KRBA,mental,shock,,lexical,proximal,0,1,3120,8.54,8,m
exp1,EdSW54,mental,shock,,lexical,distal,1,0,3030,8.3,8,f
exp1,EdSW54,mental,shock,,cause,distal,1,0,3030,8.3,8,f
exp1,EdSW54,mental,hurt,,lexical,proximal,0,1,3030,8.3,8,f
exp1,EdSW54,mental,hurt,,cause,distal,1,0,3030,8.3,8,f
exp1,DHP4EL,physical,hurt,,lexical,distal,1,0,3060,8.38,8,f
exp1,DHP4EL,physical,hurt,,cause,distal,1,0,3060,8.38,8,f
exp1,DHP4EL,physical,shock,,lexical,proximal,0,1,3060,8.38,8,f
exp1,DHP4EL,physical,shock,,cause,distal,1,0,3060,8.38,8,f
exp1,QNM4HT,mental,hurt,,cause,distal,1,0,3030,8.3,8,f
exp1,QNM4HT,mental,hurt,,lexical,distal,1,0,3030,8.3,8,f
exp1,QNM4HT,mental,shock,,cause,distal,1,0,3030,8.3,8,f
exp1,QNM4HT,mental,shock,,lexical,distal,1,0,3030,8.3,8,f
exp1,WJ6Q5A,physical,hurt,,cause,distal,1,0,2970,8.13,8,f
exp1,WJ6Q5A,physical,hurt,,lexical,proximal,0,1,2970,8.13,8,f
exp1,WJ6Q5A,physical,shock,,cause,distal,1,0,2970,8.13,8,f
exp1,WJ6Q5A,physical,shock,,lexical,proximal,0,1,2970,8.13,8,f
exp1,4ARPZZ,physical,shock,,cause,distal,1,0,2940,8.05,8,m
exp1,4ARPZZ,physical,shock,,lexical,proximal,0,1,2940,8.05,8,m
exp1,4ARPZZ,physical,hurt,,cause,distal,1,0,2940,8.05,8,m
exp1,4ARPZZ,physical,hurt,,lexical,proximal,0,1,2940,8.05,8,m
exp1,ZSJDBX,physical,shock,,lexical,distal,1,0,3030,8.3,8,m
exp1,ZSJDBX,physical,shock,,cause,distal,1,0,3030,8.3,8,m
exp1,ZSJDBX,physical,hurt,,lexical,distal,1,0,3030,8.3,8,m
exp1,ZSJDBX,physical,hurt,,cause,distal,1,0,3030,8.3,8,m
exp1,E3CcZU,mental,hurt,,cause,distal,1,0,2400,6.57,6,f
exp1,E3CcZU,mental,hurt,,lexical,distal,1,0,2400,6.57,6,f
exp1,E3CcZU,mental,shock,,cause,proximal,0,1,2400,6.57,6,f
exp1,E3CcZU,mental,shock,,lexical,distal,1,0,2400,6.57,6,f
exp1,UMNCTM,mental,hurt,,lexical,distal,1,0,2310,6.32,6,f
exp1,UMNCTM,mental,hurt,,cause,distal,1,0,2310,6.32,6,f
exp1,UMNCTM,mental,shock,,lexical,proximal,0,1,2310,6.32,6,f
exp1,UMNCTM,mental,shock,,cause,proximal,0,1,2310,6.32,6,f
exp1,2W33DN,physical,shock,,lexical,distal,1,0,2370,6.49,6,f
exp1,2W33DN,physical,shock,,cause,proximal,0,1,2370,6.49,6,f
exp1,2W33DN,physical,hurt,,lexical,proximal,0,1,2370,6.49,6,f
exp1,2W33DN,physical,hurt,,cause,proximal,0,1,2370,6.49,6,f
exp1,Y5DTVS,physical,shock,,lexical,proximal,0,1,2340,6.41,6,m
exp1,Y5DTVS,physical,shock,,cause,distal,1,0,2340,6.41,6,m
exp1,Y5DTVS,physical,hurt,,lexical,proximal,0,1,2340,6.41,6,m
exp1,Y5DTVS,physical,hurt,,cause,proximal,0,1,2340,6.41,6,m
exp1,JdWKXB,mental,shock,,cause,distal,1,0,2490,6.82,6,f
exp1,JdWKXB,mental,shock,,lexical,distal,1,0,2490,6.82,6,f
exp1,JdWKXB,mental,hurt,,cause,distal,1,0,2490,6.82,6,f
exp1,JdWKXB,mental,hurt,,lexical,distal,1,0,2490,6.82,6,f
exp1,cALDEJ,mental,hurt,,lexical,distal,1,0,2520,6.9,6,m
exp1,cALDEJ,mental,hurt,,cause,distal,1,0,2520,6.9,6,m
exp1,cALDEJ,mental,shock,,lexical,proximal,0,1,2520,6.9,6,m
exp1,cALDEJ,mental,shock,,cause,distal,1,0,2520,6.9,6,m
exp1,TLQ73A,physical,hurt,,cause,distal,1,0,2460,6.74,6,f
exp1,TLQ73A,physical,hurt,,lexical,proximal,0,1,2460,6.74,6,f
exp1,TLQ73A,physical,shock,,cause,distal,1,0,2460,6.74,6,f
exp1,TLQ73A,physical,shock,,lexical,proximal,0,1,2460,6.74,6,f
exp1,6HM5MA,physical,shock,,cause,proximal,0,1,2520,6.9,6,m
exp1,6HM5MA,physical,shock,,lexical,proximal,0,1,2520,6.9,6,m
exp1,6HM5MA,physical,hurt,,cause,proximal,0,1,2520,6.9,6,m
exp1,6HM5MA,physical,hurt,,lexical,proximal,0,1,2520,6.9,6,m
exp1,5R3Kcc,mental,hurt,,lexical,distal,1,0,2250,6.16,6,m
exp1,5R3Kcc,mental,hurt,,cause,distal,1,0,2250,6.16,6,m
exp1,5R3Kcc,mental,shock,,lexical,proximal,0,1,2250,6.16,6,m
exp1,5R3Kcc,mental,shock,,cause,distal,1,0,2250,6.16,6,m
exp1,DN6GYY,mental,hurt,,cause,distal,1,0,2250,6.16,6,m
exp1,DN6GYY,mental,hurt,,lexical,distal,1,0,2250,6.16,6,m
exp1,DN6GYY,mental,shock,,cause,distal,1,0,2250,6.16,6,m
exp1,DN6GYY,mental,shock,,lexical,distal,1,0,2250,6.16,6,m
exp1,GVM5F6,mental,shock,,lexical,proximal,0,1,2370,6.49,6,m
exp1,GVM5F6,mental,shock,,cause,distal,1,0,2370,6.49,6,m
exp1,GVM5F6,mental,hurt,,lexical,proximal,0,1,2370,6.49,6,m
exp1,GVM5F6,mental,hurt,,cause,distal,1,0,2370,6.49,6,m
exp1,LCWPWG,mental,shock,,cause,distal,1,0,2370,6.49,6,m
exp1,LCWPWG,mental,shock,,lexical,distal,1,0,2370,6.49,6,m
exp1,LCWPWG,mental,hurt,,cause,distal,1,0,2370,6.49,6,m
exp1,LCWPWG,mental,hurt,,lexical,distal,1,0,2370,6.49,6,m
exp1,PT42WN,mental,shock,,lexical,proximal,0,1,2250,6.16,6,f
exp1,PT42WN,mental,shock,,cause,proximal,0,1,2250,6.16,6,f
exp1,PT42WN,mental,hurt,,lexical,proximal,0,1,2250,6.16,6,f
exp1,PT42WN,mental,hurt,,cause,proximal,0,1,2250,6.16,6,f
exp1,CXN7dB,physical,shock,,lexical,proximal,0,1,2430,6.65,6,f
exp1,CXN7dB,physical,shock,,cause,distal,1,0,2430,6.65,6,f
exp1,CXN7dB,physical,hurt,,lexical,proximal,0,1,2430,6.65,6,f
exp1,CXN7dB,physical,hurt,,cause,distal,1,0,2430,6.65,6,f
exp1,LXTZ7R,mental,hurt,,lexical,distal,1,0,2460,6.74,6,m
exp1,LXTZ7R,mental,hurt,,cause,proximal,0,1,2460,6.74,6,m
exp1,LXTZ7R,mental,shock,,lexical,distal,1,0,2460,6.74,6,m
exp1,LXTZ7R,mental,shock,,cause,proximal,0,1,2460,6.74,6,m
exp1,VNJXKT,mental,shock,,cause,distal,1,0,2520,6.9,6,f
exp1,VNJXKT,mental,shock,,lexical,proximal,0,1,2520,6.9,6,f
exp1,VNJXKT,mental,hurt,,cause,distal,1,0,2520,6.9,6,f
exp1,VNJXKT,mental,hurt,,lexical,distal,1,0,2520,6.9,6,f
exp1,HMDPQU,physical,shock,,cause,proximal,0,1,2220,6.08,6,m
exp1,HMDPQU,physical,shock,,lexical,proximal,0,1,2220,6.08,6,m
exp1,HMDPQU,physical,hurt,,cause,proximal,0,1,2220,6.08,6,m
exp1,HMDPQU,physical,hurt,,lexical,proximal,0,1,2220,6.08,6,m
exp1,AScSKK,physical,hurt,,cause,distal,1,0,2430,6.65,6,f
exp1,AScSKK,physical,hurt,,lexical,proximal,0,1,2430,6.65,6,f
exp1,AScSKK,physical,shock,,cause,distal,1,0,2430,6.65,6,f
exp1,AScSKK,physical,shock,,lexical,distal,1,0,2430,6.65,6,f
exp1,VRN45X,mental,shock,,lexical,proximal,0,1,2490,6.82,6,f
exp1,VRN45X,mental,shock,,cause,distal,1,0,2490,6.82,6,f
exp1,VRN45X,mental,hurt,,lexical,distal,1,0,2490,6.82,6,f
exp1,VRN45X,mental,hurt,,cause,distal,1,0,2490,6.82,6,f
exp1,FNY43c,physical,shock,,lexical,distal,1,0,2400,6.57,6,m
exp1,FNY43c,physical,shock,,cause,distal,1,0,2400,6.57,6,m
exp1,FNY43c,physical,hurt,,lexical,distal,1,0,2400,6.57,6,m
exp1,FNY43c,physical,hurt,,cause,distal,1,0,2400,6.57,6,m
exp1,dZWVQY,physical,shock,,cause,distal,1,0,2340,6.41,6,f
exp1,dZWVQY,physical,shock,,lexical,proximal,0,1,2340,6.41,6,f
exp1,dZWVQY,physical,hurt,,cause,distal,1,0,2340,6.41,6,f
exp1,dZWVQY,physical,hurt,,lexical,proximal,0,1,2340,6.41,6,f
exp1,FA3WUW,physical,shock,,cause,distal,1,0,2490,6.82,6,m
exp1,FA3WUW,physical,shock,,lexical,proximal,0,1,2490,6.82,6,m
exp1,FA3WUW,physical,hurt,,cause,distal,1,0,2490,6.82,6,m
exp1,FA3WUW,physical,hurt,,lexical,proximal,0,1,2490,6.82,6,m
exp1,DcBU2C,physical,hurt,,cause,distal,1,0,2400,6.57,6,m
exp1,DcBU2C,physical,hurt,,lexical,proximal,0,1,2400,6.57,6,m
exp1,DcBU2C,physical,shock,,cause,distal,1,0,2400,6.57,6,m
exp1,DcBU2C,physical,shock,,lexical,proximal,0,1,2400,6.57,6,m
exp1,5JFNV7,physical,hurt,,lexical,distal,1,0,2430,6.65,6,f
exp1,5JFNV7,physical,hurt,,cause,distal,1,0,2430,6.65,6,f
exp1,5JFNV7,physical,shock,,lexical,proximal,0,1,2430,6.65,6,f
exp1,5JFNV7,physical,shock,,cause,distal,1,0,2430,6.65,6,f
exp1,cc5DYL,physical,hurt,,cause,proximal,0,1,2370,6.49,6,f
exp1,cc5DYL,physical,hurt,,lexical,proximal,0,1,2370,6.49,6,f
exp1,cc5DYL,physical,shock,,cause,distal,1,0,2370,6.49,6,f
exp1,cc5DYL,physical,shock,,lexical,proximal,0,1,2370,6.49,6,f
exp1,VJcVPD,mental,shock,,cause,proximal,0,1,2250,6.16,6,m
exp1,VJcVPD,mental,shock,,lexical,distal,1,0,2250,6.16,6,m
exp1,VJcVPD,mental,hurt,,cause,distal,1,0,2250,6.16,6,m
exp1,VJcVPD,mental,hurt,,lexical,distal,1,0,2250,6.16,6,m
exp1,UGYSEE,mental,shock,,lexical,distal,1,0,2340,6.41,6,f
exp1,UGYSEE,mental,shock,,cause,distal,1,0,2340,6.41,6,f
exp1,UGYSEE,mental,hurt,,lexical,distal,1,0,2340,6.41,6,f
exp1,UGYSEE,mental,hurt,,cause,distal,1,0,2340,6.41,6,f
exp1,DKXMWC,physical,hurt,,cause,distal,1,0,2370,6.49,6,f
exp1,DKXMWC,physical,hurt,,lexical,distal,1,0,2370,6.49,6,f
exp1,DKXMWC,physical,shock,,cause,distal,1,0,2370,6.49,6,f
exp1,DKXMWC,physical,shock,,lexical,distal,1,0,2370,6.49,6,f
exp1,dGBE56,physical,shock,,lexical,distal,1,0,1560,4.27,4,m
exp1,dGBE56,physical,shock,,cause,distal,1,0,1560,4.27,4,m
exp1,dGBE56,physical,hurt,,lexical,proximal,0,1,1560,4.27,4,m
exp1,dGBE56,physical,hurt,,cause,distal,1,0,1560,4.27,4,m
exp1,7QWcEZ,physical,hurt,,cause,proximal,0,1,1800,4.93,4,m
exp1,7QWcEZ,physical,hurt,,lexical,proximal,0,1,1800,4.93,4,m
exp1,7QWcEZ,physical,shock,,cause,proximal,0,1,1800,4.93,4,m
exp1,7QWcEZ,physical,shock,,lexical,proximal,0,1,1800,4.93,4,m
exp1,C5Sc3R,mental,shock,,cause,proximal,0,1,1830,5.01,5,m
exp1,C5Sc3R,mental,shock,,lexical,distal,1,0,1830,5.01,5,m
exp1,C5Sc3R,mental,hurt,,cause,proximal,0,1,1830,5.01,5,m
exp1,C5Sc3R,mental,hurt,,lexical,distal,1,0,1830,5.01,5,m
exp1,N2VU7J,physical,hurt,,lexical,proximal,0,1,1350,3.7,3,m
exp1,N2VU7J,physical,hurt,,cause,proximal,0,1,1350,3.7,3,m
exp1,N2VU7J,physical,shock,,lexical,proximal,0,1,1350,3.7,3,m
exp1,N2VU7J,physical,shock,,cause,proximal,0,1,1350,3.7,3,m
exp1,CYY2LM,physical,shock,,lexical,distal,1,0,1260,3.45,3,f
exp1,CYY2LM,physical,shock,,cause,distal,1,0,1260,3.45,3,f
exp1,CYY2LM,physical,hurt,,lexical,distal,1,0,1260,3.45,3,f
exp1,CYY2LM,physical,hurt,,cause,distal,1,0,1260,3.45,3,f
exp1,UZ6GA5,physical,shock,,lexical,distal,1,0,1410,3.86,3,f
exp1,UZ6GA5,physical,shock,,cause,distal,1,0,1410,3.86,3,f
exp1,UZ6GA5,physical,hurt,,lexical,proximal,0,1,1410,3.86,3,f
exp1,UZ6GA5,physical,hurt,,cause,proximal,0,1,1410,3.86,3,f
exp1,DKC45X,mental,shock,,lexical,proximal,0,1,1170,3.2,3,m
exp1,DKC45X,mental,shock,,cause,proximal,0,1,1170,3.2,3,m
exp1,DKC45X,mental,hurt,,lexical,distal,1,0,1170,3.2,3,m
exp1,DKC45X,mental,hurt,,cause,proximal,0,1,1170,3.2,3,m
exp1,64J5d2,physical,shock,,cause,proximal,0,1,2010,5.5,5,m
exp1,64J5d2,physical,shock,,lexical,distal,1,0,2010,5.5,5,m
exp1,64J5d2,physical,hurt,,cause,distal,1,0,2010,5.5,5,m
exp1,64J5d2,physical,hurt,,lexical,proximal,0,1,2010,5.5,5,m
exp1,PTTXV6,physical,shock,,lexical,distal,1,0,1410,3.86,3,m
exp1,PTTXV6,physical,shock,,cause,proximal,0,1,1410,3.86,3,m
exp1,PTTXV6,physical,hurt,,lexical,proximal,0,1,1410,3.86,3,m
exp1,PTTXV6,physical,hurt,,cause,proximal,0,1,1410,3.86,3,m
exp1,EJZS7H,physical,shock,,cause,distal,1,0,2160,5.91,5,m
exp1,EJZS7H,physical,shock,,lexical,proximal,0,1,2160,5.91,5,m
exp1,EJZS7H,physical,hurt,,cause,distal,1,0,2160,5.91,5,m
exp1,EJZS7H,physical,hurt,,lexical,proximal,0,1,2160,5.91,5,m
exp1,KcWA3B,physical,shock,,lexical,proximal,0,1,1470,4.02,4,f
exp1,KcWA3B,physical,shock,,cause,proximal,0,1,1470,4.02,4,f
exp1,KcWA3B,physical,hurt,,lexical,proximal,0,1,1470,4.02,4,f
exp1,KcWA3B,physical,hurt,,cause,proximal,0,1,1470,4.02,4,f
exp1,DSMCdJ,physical,shock,,lexical,proximal,0,1,2160,5.91,5,f
exp1,DSMCdJ,physical,shock,,cause,distal,1,0,2160,5.91,5,f
exp1,DSMCdJ,physical,hurt,,lexical,proximal,0,1,2160,5.91,5,f
exp1,DSMCdJ,physical,hurt,,cause,distal,1,0,2160,5.91,5,f
exp1,ABEPVc,mental,hurt,,cause,distal,1,0,1380,3.78,3,f
exp1,ABEPVc,mental,hurt,,lexical,proximal,0,1,1380,3.78,3,f
exp1,ABEPVc,mental,shock,,cause,distal,1,0,1380,3.78,3,f
exp1,ABEPVc,mental,shock,,lexical,proximal,0,1,1380,3.78,3,f
exp1,FR2DMG,physical,shock,,cause,proximal,0,1,2070,5.67,5,m
exp1,FR2DMG,physical,shock,,lexical,proximal,0,1,2070,5.67,5,m
exp1,FR2DMG,physical,hurt,,cause,proximal,0,1,2070,5.67,5,m
exp1,FR2DMG,physical,hurt,,lexical,proximal,0,1,2070,5.67,5,m
exp1,SVUJQ2,physical,shock,,cause,distal,1,0,1620,4.44,4,m
exp1,SVUJQ2,physical,shock,,lexical,proximal,0,1,1620,4.44,4,m
exp1,SVUJQ2,physical,hurt,,cause,proximal,0,1,1620,4.44,4,m
exp1,SVUJQ2,physical,hurt,,lexical,proximal,0,1,1620,4.44,4,m
exp1,3MWQQ3,physical,hurt,,lexical,proximal,0,1,1620,4.44,4,m
exp1,3MWQQ3,physical,hurt,,cause,proximal,0,1,1620,4.44,4,m
exp1,3MWQQ3,physical,shock,,lexical,proximal,0,1,1620,4.44,4,m
exp1,3MWQQ3,physical,shock,,cause,proximal,0,1,1620,4.44,4,m
exp1,QYEBYL,mental,hurt,,cause,distal,1,0,2160,5.91,5,f
exp1,QYEBYL,mental,hurt,,lexical,distal,1,0,2160,5.91,5,f
exp1,QYEBYL,mental,shock,,cause,distal,1,0,2160,5.91,5,f
exp1,QYEBYL,mental,shock,,lexical,distal,1,0,2160,5.91,5,f
exp1,LWDB7Y,mental,hurt,,lexical,distal,1,0,1140,3.12,3,f
exp1,LWDB7Y,mental,hurt,,cause,proximal,0,1,1140,3.12,3,f
exp1,LWDB7Y,mental,shock,,lexical,distal,1,0,1140,3.12,3,f
exp1,LWDB7Y,mental,shock,,cause,proximal,0,1,1140,3.12,3,f
exp1,6A7WP2,physical,shock,,lexical,proximal,0,1,1740,4.76,4,f
exp1,6A7WP2,physical,shock,,cause,proximal,0,1,1740,4.76,4,f
exp1,6A7WP2,physical,hurt,,lexical,proximal,0,1,1740,4.76,4,f
exp1,6A7WP2,physical,hurt,,cause,proximal,0,1,1740,4.76,4,f
exp1,A74DCN,mental,shock,,cause,proximal,0,1,1440,3.94,3,f
exp1,A74DCN,mental,shock,,lexical,distal,1,0,1440,3.94,3,f
exp1,A74DCN,mental,hurt,,cause,proximal,0,1,1440,3.94,3,f
exp1,A74DCN,mental,hurt,,lexical,proximal,0,1,1440,3.94,3,f
exp1,JYHVV6,physical,shock,,cause,distal,1,0,1350,3.7,3,m
exp1,JYHVV6,physical,shock,,lexical,proximal,0,1,1350,3.7,3,m
exp1,JYHVV6,physical,hurt,,cause,proximal,0,1,1350,3.7,3,m
exp1,JYHVV6,physical,hurt,,lexical,proximal,0,1,1350,3.7,3,m
exp1,MHPRD2,physical,shock,,cause,distal,1,0,1920,5.26,5,f
exp1,MHPRD2,physical,shock,,lexical,proximal,0,1,1920,5.26,5,f
exp1,MHPRD2,physical,hurt,,cause,distal,1,0,1920,5.26,5,f
exp1,MHPRD2,physical,hurt,,lexical,proximal,0,1,1920,5.26,5,f
exp1,MFNd7X,physical,shock,,lexical,proximal,0,1,1230,3.37,3,f
exp1,MFNd7X,physical,shock,,cause,proximal,0,1,1230,3.37,3,f
exp1,MFNd7X,physical,hurt,,lexical,proximal,0,1,1230,3.37,3,f
exp1,MFNd7X,physical,hurt,,cause,proximal,0,1,1230,3.37,3,f
exp1,NBYEGA,physical,hurt,,lexical,proximal,0,1,1350,3.7,3,f
exp1,NBYEGA,physical,hurt,,cause,proximal,0,1,1350,3.7,3,f
exp1,NBYEGA,physical,shock,,lexical,proximal,0,1,1350,3.7,3,f
exp1,NBYEGA,physical,shock,,cause,proximal,0,1,1350,3.7,3,f
exp1,C4VNH2,physical,shock,,lexical,proximal,0,1,1830,5.01,5,m
exp1,C4VNH2,physical,shock,,cause,proximal,0,1,1830,5.01,5,m
exp1,C4VNH2,physical,hurt,,lexical,proximal,0,1,1830,5.01,5,m
exp1,C4VNH2,physical,hurt,,cause,proximal,0,1,1830,5.01,5,m
exp1,NADcEK,physical,hurt,,cause,proximal,0,1,1110,3.04,3,f
exp1,NADcEK,physical,hurt,,lexical,distal,1,0,1110,3.04,3,f
exp1,NADcEK,physical,shock,,cause,proximal,0,1,1110,3.04,3,f
exp1,NADcEK,physical,shock,,lexical,proximal,0,1,1110,3.04,3,f
exp1,JAG6FL,mental,hurt,,lexical,distal,1,0,2100,5.75,5,f
exp1,JAG6FL,mental,hurt,,cause,distal,1,0,2100,5.75,5,f
exp1,JAG6FL,mental,shock,,lexical,proximal,0,1,2100,5.75,5,f
exp1,JAG6FL,mental,shock,,cause,distal,1,0,2100,5.75,5,f
exp1,D6QBSP,physical,shock,,cause,proximal,0,1,1290,3.53,3,m
exp1,D6QBSP,physical,shock,,lexical,proximal,0,1,1290,3.53,3,m
exp1,D6QBSP,physical,hurt,,cause,proximal,0,1,1290,3.53,3,m
exp1,D6QBSP,physical,hurt,,lexical,proximal,0,1,1290,3.53,3,m
exp1,U64MSF,physical,hurt,,cause,proximal,0,1,1140,3.12,3,m
exp1,U64MSF,physical,hurt,,lexical,proximal,0,1,1140,3.12,3,m
exp1,U64MSF,physical,shock,,cause,proximal,0,1,1140,3.12,3,m
exp1,U64MSF,physical,shock,,lexical,distal,1,0,1140,3.12,3,m
exp1,ZRJMZD,mental,hurt,,lexical,distal,1,0,1860,5.09,5,m
exp1,ZRJMZD,mental,hurt,,cause,distal,1,0,1860,5.09,5,m
exp1,ZRJMZD,mental,shock,,lexical,distal,1,0,1860,5.09,5,m
exp1,ZRJMZD,mental,shock,,cause,distal,1,0,1860,5.09,5,m
exp1,ZPNDNA,physical,shock,,cause,proximal,0,1,1110,3.04,3,m
exp1,ZPNDNA,physical,shock,,lexical,proximal,0,1,1110,3.04,3,m
exp1,ZPNDNA,physical,hurt,,cause,distal,1,0,1110,3.04,3,m
exp1,ZPNDNA,physical,hurt,,lexical,proximal,0,1,1110,3.04,3,m
exp1,ECF43W,mental,shock,,lexical,proximal,0,1,2070,5.67,5,f
exp1,ECF43W,mental,shock,,cause,distal,1,0,2070,5.67,5,f
exp1,ECF43W,mental,hurt,,lexical,distal,1,0,2070,5.67,5,f
exp1,ECF43W,mental,hurt,,cause,proximal,0,1,2070,5.67,5,f
exp1,Z5YV3Y,physical,hurt,,cause,distal,1,0,1530,4.19,4,f
exp1,Z5YV3Y,physical,hurt,,lexical,proximal,0,1,1530,4.19,4,f
exp1,Z5YV3Y,physical,shock,,cause,distal,1,0,1530,4.19,4,f
exp1,Z5YV3Y,physical,shock,,lexical,proximal,0,1,1530,4.19,4,f
exp1,ZcN35Y,physical,shock,,cause,distal,1,0,1500,4.11,4,m
exp1,ZcN35Y,physical,shock,,lexical,distal,1,0,1500,4.11,4,m
exp1,ZcN35Y,physical,hurt,,cause,proximal,0,1,1500,4.11,4,m
exp1,ZcN35Y,physical,hurt,,lexical,distal,1,0,1500,4.11,4,m
exp1,GS5U5M,physical,hurt,,cause,proximal,0,1,1530,4.19,4,f
exp1,GS5U5M,physical,hurt,,lexical,proximal,0,1,1530,4.19,4,f
exp1,GS5U5M,physical,shock,,cause,proximal,0,1,1530,4.19,4,f
exp1,GS5U5M,physical,shock,,lexical,proximal,0,1,1530,4.19,4,f
exp1,G6UGX7,physical,shock,,cause,proximal,0,1,1560,4.27,4,m
exp1,G6UGX7,physical,shock,,lexical,proximal,0,1,1560,4.27,4,m
exp1,G6UGX7,physical,hurt,,cause,proximal,0,1,1560,4.27,4,m
exp1,G6UGX7,physical,hurt,,lexical,proximal,0,1,1560,4.27,4,m
