experiment,child_id,condition,scenario,verb,question,response,distal,proximal,age_days,age_years,age_group,gender
exp2,JF2ERc,experimental,balloon,sad,lexical,distal,1,0,2790,7.64,7,f
exp2,JF2ERc,experimental,balloon,sad,cause,proximal,0,1,2790,7.64,7,f
exp2,JF2ERc,experimental,drum,angry,lexical,distal,1,0,2790,7.64,7,f
exp2,JF2ERc,experimental,drum,angry,cause,proximal,0,1,2790,7.64,7,f
exp2,ZSLG2X,control,drum,break,lexical,proximal,0,1,3150,8.62,8,f
exp2,ZSLG2X,control,drum,break,cause,distal,1,0,3150,8.62,8,f
exp2,ZSLG2X,control,balloon,pop,lexical,proximal,0,1,3150,8.62,8,f
exp2,ZSLG2X,control,balloon,pop,cause,distal,1,0,3150,8.62,8,f
exp2,AdAd65,control,drum,break,lexical,proximal,0,1,2670,7.31,7,f
exp2,AdAd65,control,drum,break,cause,distal,1,0,2670,7.31,7,f
exp2,AdAd65,control,balloon,pop,lexical,proximal,0,1,2670,7.31,7,f
exp2,AdAd65,control,balloon,pop,cause,distal,1,0,2670,7.31,7,f
exp2,MKCRQK,experimental,drum,angry,cause,distal,1,0,2760,7.56,7,m
exp2,MKCRQK,experimental,drum,angry,lexical,distal,1,0,2760,7.56,7,m
exp2,MKCRQK,experimental,balloon,sad,cause,distal,1,0,2760,7.56,7,m
exp2,MKCRQK,experimental,balloon,sad,lexical,distal,1,0,2760,7.56,7,m
exp2,LDCVAZ,experimental,balloon,sad,lexical,distal,1,0,2850,7.8,7,f
exp2,LDCVAZ,experimental,balloon,sad,cause,distal,1,0,2850,7.8,7,f
exp2,LDCVAZ,experimental,drum,angry,lexical,proximal,0,1,2850,7.8,7,f
exp2,LDCVAZ,experimental,drum,angry,cause,distal,1,0,2850,7.8,7,f
exp2,E24EQD,control,balloon,pop,cause,proximal,0,1,2580,7.06,7,f
exp2,E24EQD,control,balloon,pop,lexical,proximal,0,1,2580,7.06,7,f
exp2,E24EQD,control,drum,break,cause,distal,1,0,2580,7.06,7,f
exp2,E24EQD,control,drum,break,lexical,proximal,0,1,2580,7.06,7,f
exp2,PWDSMD,experimental,drum,angry,lexical,proximal,0,1,3030,8.3,8,m
exp2,PWDSMD,experimental,drum,angry,cause,proximal,0,1,3030,8.3,8,m
exp2,PWDSMD,experimental,balloon,sad,lexical,distal,1,0,3030,8.3,8,m
exp2,PWDSMD,experimental,balloon,sad,cause,proximal,0,1,3030,8.3,8,m
exp2,HH4SKd,experimental,balloon,sad,lexical,distal,1,0,2940,8.05,8,m
exp2,HH4SKd,experimental,balloon,sad,cause,distal,1,0,2940,8.05,8,m
exp2,HH4SKd,experimental,drum,angry,lexical,distal,1,0,2940,8.05,8,m
exp2,HH4SKd,experimental,drum,angry,cause,distal,1,0,2940,8.05,8,m
exp2,6LSWYT,experimental,balloon,sad,lexical,proximal,0,1,3150,8.62,8,m
exp2,6LSWYT,experimental,balloon,sad,cause,proximal,0,1,3150,8.62,8,m
exp2,6LSWYT,experimental,drum,angry,lexical,proximal,0,1,3150,8.62,8,m
exp2,6LSWYT,experimental,drum,angry,cause,proximal,0,1,3150,8.62,8,m
exp2,Y3S5NJ,control,drum,break,cause,distal,1,0,2910,7.97,7,m
exp2,Y3S5NJ,control,drum,break,lexical,proximal,0,1,2910,7.97,7,m
exp2,Y3S5NJ,control,balloon,pop,cause,distal,1,0,2910,7.97,7,m
exp2,Y3S5NJ,control,balloon,pop,lexical,proximal,0,1,2910,7.97,7,m
exp2,2JHBd5,experimental,balloon,sad,lexical,proximal,0,1,2610,7.15,7,m
exp2,2JHBd5,experimental,balloon,sad,cause,proximal,0,1,2610,7.15,7,m
exp2,2JHBd5,experimental,drum,angry,lexical,proximal,0,1,2610,7.15,7,m
exp2,2JHBd5,experimental,drum,angry,cause,proximal,0,1,2610,7.15,7,m
exp2,75NVEC,control,drum,break,cause,distal,1,0,2730,7.47,7,m
exp2,75NVEC,control,drum,break,lexical,proximal,0,1,2730,7.47,7,m
exp2,75NVEC,control,balloon,pop,cause,proximal,0,1,2730,7.47,7,m
exp2,75NVEC,control,balloon,pop,lexical,proximal,0,1,2730,7.47,7,m
exp2,LS75SH,experimental,balloon,sad,cause,distal,1,0,3240,8.87,8,f
exp2,LS75SH,experimental,balloon,sad,lexical,proximal,0,1,3240,8.87,8,f
exp2,LS75SH,experimental,drum,angry,cause,distal,1,0,3240,8.87,8,f
exp2,LS75SH,experimental,drum,angry,lexical,distal,1,0,3240,8.87,8,f
exp2,23R4NN,control,drum,break,cause,distal,1,0,2760,7.56,7,f
exp2,23R4NN,control,drum,break,lexical,proximal,0,1,2760,7.56,7,f
exp2,23R4NN,control,balloon,pop,cause,distal,1,0,2760,7.56,7,f
exp2,23R4NN,control,balloon,pop,lexical,proximal,0,1,2760,7.56,7,f
exp2,XNAdRS,control,balloon,pop,cause,distal,1,0,2910,7.97,7,f
exp2,XNAdRS,control,balloon,pop,lexical,proximal,0,1,2910,7.97,7,f
exp2,XNAdRS,control,drum,break,cause,distal,1,0,2910,7.97,7,f
exp2,XNAdRS,control,drum,break,lexical,proximal,0,1,2910,7.97,7,f
exp2,dWFVdG,control,drum,break,cause,distal,1,0,2910,7.97,7,f
exp2,dWFVdG,control,drum,break,lexical,proximal,0,1,2910,7.97,7,f
exp2,dWFVdG,control,balloon,pop,cause,distal,1,0,2910,7.97,7,f
exp2,dWFVdG,control,balloon,pop,lexical,proximal,0,1,2910,7.97,7,f
exp2,KJR7QS,control,drum,break,cause,distal,1,0,1500,4.11,4,f
exp2,KJR7QS,control,drum,break,lexical,proximal,0,1,1500,4.11,4,f
exp2,KJR7QS,control,balloon,pop,cause,distal,1,0,1500,4.11,4,f
exp2,KJR7QS,control,balloon,pop,lexical,proximal,0,1,1500,4.11,4,f
exp2,EGdHP5,control,drum,break,lexical,proximal,0,1,1320,3.61,3,f
exp2,EGdHP5,control,drum,break,cause,distal,1,0,1320,3.61,3,f
exp2,EGdHP5,control,balloon,pop,lexical,proximal,0,1,1320,3.61,3,f
exp2,EGdHP5,control,balloon,pop,cause,distal,1,0,1320,3.61,3,f
exp2,P3WQPG,control,drum,break,cause,distal,1,0,3420,9.36,9,f
exp2,P3WQPG,control,drum,break,lexical,proximal,0,1,3420,9.36,9,f
exp2,P3WQPG,control,balloon,pop,cause,distal,1,0,3420,9.36,9,f
exp2,P3WQPG,control,balloon,pop,lexical,proximal,0,1,3420,9.36,9,f
exp2,YCN2Dc,control,balloon,pop,lexical,proximal,0,1,2760,7.56,7,f
exp2,YCN2Dc,control,balloon,pop,cause,distal,1,0,2760,7.56,7,f
exp2,YCN2Dc,control,drum,break,lexical,proximal,0,1,2760,7.56,7,f
exp2,YCN2Dc,control,drum,break,cause,distal,1,0,2760,7.56,7,f
exp2,BFZQJK,experimental,drum,angry,lexical,proximal,0,1,2640,7.23,7,f
exp2,BFZQJK,experimental,drum,angry,cause,distal,1,0,2640,7.23,7,f
exp2,BFZQJK,experimental,balloon,sad,lexical,proximal,0,1,2640,7.23,7,f
exp2,BFZQJK,experimental,balloon,sad,cause,proximal,0,1,2640,7.23,7,f
exp2,RUPcPG,experimental,drum,angry,lexical,distal,1,0,1740,4.76,4,f
exp2,RUPcPG,experimental,drum,angry,cause,proximal,0,1,1740,4.76,4,f
exp2,RUPcPG,experimental,balloon,sad,lexical,proximal,0,1,1740,4.76,4,f
exp2,RUPcPG,experimental,balloon,sad,cause,distal,1,0,1740,4.76,4,f
exp2,44BZcV,experimental,balloon,sad,lexical,distal,1,0,2160,5.91,5,f
exp2,44BZcV,experimental,balloon,sad,cause,distal,1,0,2160,5.91,5,f
exp2,44BZcV,experimental,drum,angry,lexical,distal,1,0,2160,5.91,5,f
exp2,44BZcV,experimental,drum,angry,cause,distal,1,0,2160,5.91,5,f
exp2,REM3WP,control,drum,break,cause,distal,1,0,2280,6.24,6,m
exp2,REM3WP,control,drum,break,lexical,proximal,0,1,2280,6.24,6,m
exp2,REM3WP,control,balloon,pop,cause,distal,1,0,2280,6.24,6,m
exp2,REM3WP,control,balloon,pop,lexical,proximal,0,1,2280,6.24,6,m
exp2,dKXV3U,control,drum,break,cause,distal,1,0,3390,9.28,9,f
exp2,dKXV3U,control,drum,break,lexical,proximal,0,1,3390,9.28,9,f
exp2,dKXV3U,control,balloon,pop,cause,distal,1,0,3390,9.28,9,f
exp2,dKXV3U,control,balloon,pop,lexical,proximal,0,1,3390,9.28,9,f
exp2,5XMW5M,control,drum,break,lexical,proximal,0,1,3480,9.53,9,f
exp2,5XMW5M,control,drum,break,cause,distal,1,0,3480,9.53,9,f
exp2,5XMW5M,control,balloon,pop,lexical,proximal,0,1,3480,9.53,9,f
exp2,5XMW5M,control,balloon,pop,cause,distal,1,0,3480,9.53,9,f
exp2,VVA3VX,control,drum,break,cause,distal,1,0,3480,9.53,9,f
exp2,VVA3VX,control,drum,break,lexical,proximal,0,1,3480,9.53,9,f
exp2,VVA3VX,control,balloon,pop,cause,distal,1,0,3480,9.53,9,f
exp2,VVA3VX,control,balloon,pop,lexical,proximal,0,1,3480,9.53,9,f
exp2,UN7LEE,control,balloon,pop,cause,distal,1,0,3450,9.45,9,m
exp2,UN7LEE,control,balloon,pop,lexical,proximal,0,1,3450,9.45,9,m
exp2,UN7LEE,control,drum,break,cause,distal,1,0,3450,9.45,9,m
exp2,UN7LEE,control,drum,break,lexical,proximal,0,1,3450,9.45,9,m
exp2,XBC2VR,experimental,drum,angry,lexical,distal,1,0,2160,5.91,5,m
exp2,XBC2VR,experimental,drum,angry,cause,distal,1,0,2160,5.91,5,m
exp2,XBC2VR,experimental,balloon,sad,lexical,distal,1,0,2160,5.91,5,m
exp2,XBC2VR,experimental,balloon,sad,cause,distal,1,0,2160,5.91,5,m
exp2,ENUBXd,experimental,balloon,sad,cause,distal,1,0,1290,3.53,3,f
exp2,ENUBXd,experimental,balloon,sad,lexical,distal,1,0,1290,3.53,3,f
exp2,ENUBXd,experimental,drum,angry,cause,distal,1,0,1290,3.53,3,f
exp2,ENUBXd,experimental,drum,angry,lexical,distal,1,0,1290,3.53,3,f
exp2,ECMPK6,experimental,balloon,sad,lexical,distal,1,0,3300,9.03,9,f
exp2,ECMPK6,experimental,balloon,sad,cause,distal,1,0,3300,9.03,9,f
exp2,ECMPK6,experimental,drum,angry,lexical,distal,1,0,3300,9.03,9,f
exp2,ECMPK6,experimental,drum,angry,cause,distal,1,0,3300,9.03,9,f
exp2,VVCQ7V,experimental,balloon,sad,cause,distal,1,0,1890,5.17,5,f
exp2,VVCQ7V,experimental,balloon,sad,lexical,proximal,0,1,1890,5.17,5,f
exp2,VVCQ7V,experimental,drum,angry,cause,distal,1,0,1890,5.17,5,f
exp2,VVCQ7V,experimental,drum,angry,lexical,proximal,0,1,1890,5.17,5,f
exp2,MZW4VF,control,balloon,pop,lexical,proximal,0,1,3330,9.12,9,m
exp2,MZW4VF,control,balloon,pop,cause,distal,1,0,3330,9.12,9,m
exp2,MZW4VF,control,drum,break,lexical,proximal,0,1,3330,9.12,9,m
exp2,MZW4VF,control,drum,break,cause,distal,1,0,3330,9.12,9,m
exp2,ETEdBK,experimental,drum,angry,lexical,proximal,0,1,2490,6.82,6,f
exp2,ETEdBK,experimental,drum,angry,cause,distal,1,0,2490,6.82,6,f
exp2,ETEdBK,experimental,balloon,sad,lexical,proximal,0,1,2490,6.82,6,f
exp2,ETEdBK,experimental,balloon,sad,cause,distal,1,0,2490,6.82,6,f
exp2,cVHcRD,experimental,drum,angry,lexical,proximal,0,1,3150,8.62,8,m
exp2,cVHcRD,experimental,drum,angry,cause,distal,1,0,3150,8.62,8,m
exp2,cVHcRD,experimental,balloon,sad,lexical,proximal,0,1,3150,8.62,8,m
exp2,cVHcRD,experimental,balloon,sad,cause,distal,1,0,3150,8.62,8,m
exp2,TG5MBK,experimental,drum,angry,cause,distal,1,0,3420,9.36,9,m
exp2,TG5MBK,experimental,drum,angry,lexical,proximal,0,1,3420,9.36,9,m
exp2,TG5MBK,experimental,balloon,sad,cause,distal,1,0,3420,9.36,9,m
exp2,TG5MBK,experimental,balloon,sad,lexical,proximal,0,1,3420,9.36,9,m
exp2,7GcNFE,experimental,drum,angry,lexical,proximal,0,1,1200,3.29,3,f
exp2,7GcNFE,experimental,drum,angry,cause,proximal,0,1,1200,3.29,3,f
exp2,7GcNFE,experimental,balloon,sad,lexical,proximal,0,1,1200,3.29,3,f
exp2,7GcNFE,experimental,balloon,sad,cause,proximal,0,1,1200,3.29,3,f
exp2,EY44U5,experimental,drum,angry,cause,distal,1,0,1440,3.94,3,m
exp2,EY44U5,experimental,drum,angry,lexical,distal,1,0,1440,3.94,3,m
exp2,EY44U5,experimental,balloon,sad,cause,distal,1,0,1440,3.94,3,m
exp2,EY44U5,experimental,balloon,sad,lexical,distal,1,0,1440,3.94,3,m
exp2,75BQDH,control,balloon,pop,lexical,proximal,0,1,3480,9.53,9,f
exp2,75BQDH,control,balloon,pop,cause,distal,1,0,3480,9.53,9,f
exp2,75BQDH,control,drum,break,lexical,proximal,0,1,3480,9.53,9,f
exp2,75BQDH,control,drum,break,cause,distal,1,0,3480,9.53,9,f
exp2,DAcKGH,experimental,drum,angry,cause,proximal,0,1,1350,3.7,3,f
exp2,DAcKGH,experimental,drum,angry,lexical,distal,1,0,1350,3.7,3,f
exp2,DAcKGH,experimental,balloon,sad,cause,distal,1,0,1350,3.7,3,f
exp2,DAcKGH,experimental,balloon,sad,lexical,distal,1,0,1350,3.7,3,f
exp2,VcBNRV,experimental,balloon,sad,cause,distal,1,0,3330,9.12,9,f
exp2,VcBNRV,experimental,balloon,sad,lexical,proximal,0,1,3330,9.12,9,f
exp2,VcBNRV,experimental,drum,angry,cause,distal,1,0,3330,9.12,9,f
exp2,VcBNRV,experimental,drum,angry,lexical,proximal,0,1,3330,9.12,9,f
exp2,LEPUZY,experimental,drum,angry,cause,distal,1,0,1260,3.45,3,m
exp2,LEPUZY,experimental,drum,angry,lexical,distal,1,0,1260,3.45,3,m
exp2,LEPUZY,experimental,balloon,sad,cause,distal,1,0,1260,3.45,3,m
exp2,LEPUZY,experimental,balloon,sad,lexical,distal,1,0,1260,3.45,3,m
exp2,3ECP34,experimental,drum,angry,cause,distal,1,0,3180,8.71,8,f
exp2,3ECP34,experimental,drum,angry,lexical,proximal,0,1,3180,8.71,8,f
exp2,3ECP34,experimental,balloon,sad,cause,distal,1,0,3180,8.71,8,f
exp2,3ECP34,experimental,balloon,sad,lexical,proximal,0,1,3180,8.71,8,f
exp2,dBP465,control,drum,break,cause,distal,1,0,1140,3.12,3,f
exp2,dBP465,control,drum,break,lexical,distal,1,0,1140,3.12,3,f
exp2,dBP465,control,balloon,pop,cause,distal,1,0,1140,3.12,3,f
exp2,dBP465,control,balloon,pop,lexical,proximal,0,1,1140,3.12,3,f
exp2,GKHcdV,control,balloon,pop,lexical,proximal,0,1,2610,7.15,7,f
exp2,GKHcdV,control,balloon,pop,cause,distal,1,0,2610,7.15,7,f
exp2,GKHcdV,control,drum,break,lexical,proximal,0,1,2610,7.15,7,f
exp2,GKHcdV,control,drum,break,cause,distal,1,0,2610,7.15,7,f
exp2,6CDFUF,control,balloon,pop,cause,proximal,0,1,1650,4.52,4,f
exp2,6CDFUF,control,balloon,pop,lexical,distal,1,0,1650,4.52,4,f
exp2,6CDFUF,control,drum,break,cause,proximal,0,1,1650,4.52,4,f
exp2,6CDFUF,control,drum,break,lexical,distal,1,0,1650,4.52,4,f
exp2,c4QARG,experimental,balloon,sad,lexical,distal,1,0,2010,5.5,5,m
exp2,c4QARG,experimental,balloon,sad,cause,proximal,0,1,2010,5.5,5,m
exp2,c4QARG,experimental,drum,angry,lexical,proximal,0,1,2010,5.5,5,m
exp2,c4QARG,experimental,drum,angry,cause,distal,1,0,2010,5.5,5,m
exp2,PL3URZ,control,balloon,pop,lexical,proximal,0,1,3360,9.2,9,m
exp2,PL3URZ,control,balloon,pop,cause,distal,1,0,3360,9.2,9,m
exp2,PL3URZ,control,drum,break,lexical,proximal,0,1,3360,9.2,9,m
exp2,PL3URZ,control,drum,break,cause,distal,1,0,3360,9.2,9,m
exp2,7FYR2G,control,drum,break,cause,distal,1,0,1740,4.76,4,f
exp2,7FYR2G,control,drum,break,lexical,proximal,0,1,1740,4.76,4,f
exp2,7FYR2G,control,balloon,pop,cause,distal,1,0,1740,4.76,4,f
exp2,7FYR2G,control,balloon,pop,lexical,proximal,0,1,1740,4.76,4,f
exp2,VBEDJP,experimental,drum,angry,lexical,distal,1,0,2610,7.15,7,f
exp2,VBEDJP,experimental,drum,angry,cause,distal,1,0,2610,7.15,7,f
exp2,VBEDJP,experimental,balloon,sad,lexical,proximal,0,1,2610,7.15,7,f
exp2,VBEDJP,experimental,balloon,sad,cause,distal,1,0,2610,7.15,7,f
exp2,6RYd4K,control,balloon,pop,lexical,proximal,0,1,3390,9.28,9,f
exp2,6RYd4K,control,balloon,pop,cause,distal,1,0,3390,9.28,9,f
exp2,6RYd4K,control,drum,break,lexical,proximal,0,1,3390,9.28,9,f
exp2,6RYd4K,control,drum,break,cause,distal,1,0,3390,9.28,9,f
exp2,A2BYLK,control,drum,break,lexical,proximal,0,1,3000,8.21,8,f
exp2,A2BYLK,control,drum,break,cause,distal,1,0,3000,8.21,8,f
exp2,A2BYLK,control,balloon,pop,lexical,proximal,0,1,3000,8.21,8,f
exp2,A2BYLK,control,balloon,pop,cause,distal,1,0,3000,8.21,8,f
exp2,2YH34D,experimental,drum,angry,cause,distal,1,0,2700,7.39,7,m
exp2,2YH34D,experimental,drum,angry,lexical,distal,1,0,2700,7.39,7,m
exp2,2YH34D,experimental,balloon,sad,cause,proximal,0,1,2700,7.39,7,m
exp2,2YH34D,experimental,balloon,sad,lexical,distal,1,0,2700,7.39,7,m
exp2,VXZ4TN,experimental,drum,angry,cause,distal,1,0,2280,6.24,6,f
exp2,VXZ4TN,experimental,drum,angry,lexical,distal,1,0,2280,6.24,6,f
exp2,VXZ4TN,experimental,balloon,sad,cause,distal,1,0,2280,6.24,6,f
exp2,VXZ4TN,experimental,balloon,sad,lexical,proximal,0,1,2280,6.24,6,f
exp2,2d2cW7,control,drum,break,lexical,proximal,0,1,3210,8.79,8,f
exp2,2d2cW7,control,drum,break,cause,distal,1,0,3210,8.79,8,f
exp2,2d2cW7,control,balloon,pop,lexical,proximal,0,1,3210,8.79,8,f
exp2,2d2cW7,control,balloon,pop,cause,distal,1,0,3210,8.79,8,f
exp2,ET4YYc,control,drum,break,lexical,proximal,0,1,2040,5.59,5,m
exp2,ET4YYc,control,drum,break,cause,distal,1,0,2040,5.59,5,m
exp2,ET4YYc,control,balloon,pop,lexical,proximal,0,1,2040,5.59,5,m
exp2,ET4YYc,control,balloon,pop,cause,distal,1,0,2040,5.59,5,m
exp2,S2V3cX,control,balloon,pop,cause,distal,1,0,1560,4.27,4,f
exp2,S2V3cX,control,balloon,pop,lexical,proximal,0,1,1560,4.27,4,f
exp2,S2V3cX,control,drum,break,cause,distal,1,0,1560,4.27,4,f
exp2,S2V3cX,control,drum,break,lexical,proximal,0,1,1560,4.27,4,f
exp2,cEQZXV,control,balloon,pop,cause,proximal,0,1,1350,3.7,3,m
exp2,cEQZXV,control,balloon,pop,lexical,proximal,0,1,1350,3.7,3,m
exp2,cEQZXV,control,drum,break,cause,proximal,0,1,1350,3.7,3,m
exp2,cEQZXV,control,drum,break,lexical,proximal,0,1,1350,3.7,3,m
exp2,3R7YJY,experimental,balloon,sad,cause,distal,1,0,2280,6.24,6,m
exp2,3R7YJY,experimental,balloon,sad,lexical,proximal,0,1,2280,6.24,6,m
exp2,3R7YJY,experimental,drum,angry,cause,distal,1,0,2280,6.24,6,m
exp2,3R7YJY,experimental,drum,angry,lexical,proximal,0,1,2280,6.24,6,m
exp2,UREP6U,experimental,balloon,sad,lexical,distal,1,0,1320,3.61,3,f
exp2,UREP6U,experimental,balloon,sad,cause,distal,1,0,1320,3.61,3,f
exp2,UREP6U,experimental,drum,angry,lexical,distal,1,0,1320,3.61,3,f
exp2,UREP6U,experimental,drum,angry,cause,distal,1,0,1320,3.61,3,f
exp2,TRHRZH,control,drum,break,cause,distal,1,0,1560,4.27,4,f
exp2,TRHRZH,control,drum,break,lexical,proximal,0,1,1560,4.27,4,f
exp2,TRHRZH,control,balloon,pop,cause,distal,1,0,1560,4.27,4,f
exp2,TRHRZH,control,balloon,pop,lexical,proximal,0,1,1560,4.27,4,f
exp2,AJUWFZ,experimental,drum,angry,cause,distal,1,0,2580,7.06,7,f
exp2,AJUWFZ,experimental,drum,angry,lexical,proximal,0,1,2580,7.06,7,f
exp2,AJUWFZ,experimental,balloon,sad,cause,distal,1,0,2580,7.06,7,f
exp2,AJUWFZ,experimental,balloon,sad,lexical,proximal,0,1,2580,7.06,7,f
exp2,JEd5KX,control,drum,break,lexical,proximal,0,1,2550,6.98,6,m
exp2,JEd5KX,control,drum,break,cause,distal,1,0,2550,6.98,6,m
exp2,JEd5KX,control,balloon,pop,lexical,proximal,0,1,2550,6.98,6,m
exp2,JEd5KX,control,balloon,pop,cause,distal,1,0,2550,6.98,6,m
exp2,WTcSWd,control,balloon,pop,lexical,distal,1,0,1290,3.53,3,f
exp2,WTcSWd,control,balloon,pop,cause,distal,1,0,1290,3.53,3,f
exp2,WTcSWd,control,drum,break,lexical,distal,1,0,1290,3.53,3,f
exp2,WTcSWd,control,drum,break,cause,distal,1,0,1290,3.53,3,f
exp2,DQcUd4,control,balloon,pop,cause,proximal,0,1,1920,5.26,5,m
exp2,DQcUd4,control,balloon,pop,lexical,proximal,0,1,1920,5.26,5,m
exp2,DQcUd4,control,drum,break,cause,proximal,0,1,1920,5.26,5,m
exp2,DQcUd4,control,drum,break,lexical,proximal,0,1,1920,5.26,5,m
exp2,c6cKKJ,control,balloon,pop,lexical,proximal,0,1,3330,9.12,9,m
exp2,c6cKKJ,control,balloon,pop,cause,distal,1,0,3330,9.12,9,m
exp2,c6cKKJ,control,drum,break,lexical,proximal,0,1,3330,9.12,9,m
exp2,c6cKKJ,control,drum,break,cause,distal,1,0,3330,9.12,9,m
exp2,SJNHSZ,experimental,drum,angry,lexical,proximal,0,1,3120,8.54,8,f
exp2,SJNHSZ,experimental,drum,angry,cause,proximal,0,1,3120,8.54,8,f
exp2,SJNHSZ,experimental,balloon,sad,lexical,proximal,0,1,3120,8.54,8,f
exp2,SJNHSZ,experimental,balloon,sad,cause,proximal,0,1,3120,8.54,8,f
exp2,Z6TVRE,experimental,drum,angry,cause,distal,1,0,3300,9.03,9,m
exp2,Z6TVRE,experimental,drum,angry,lexical,distal,1,0,3300,9.03,9,m
exp2,Z6TVRE,experimental,balloon,sad,cause,distal,1,0,3300,9.03,9,m
exp2,Z6TVRE,experimental,balloon,sad,lexical,distal,1,0,3300,9.03,9,m
exp2,7XE723,experimental,balloon,sad,lexical,proximal,0,1,2580,7.06,7,f
exp2,7XE723,experimental,balloon,sad,cause,proximal,0,1,2580,7.06,7,f
exp2,7XE723,experimental,drum,angry,lexical,proximal,0,1,2580,7.06,7,f
exp2,7XE723,experimental,drum,angry,cause,distal,1,0,2580,7.06,7,f
exp2,W2ZZED,experimental,drum,angry,lexical,distal,1,0,2760,7.56,7,m
exp2,W2ZZED,experimental,drum,angry,cause,distal,1,0,2760,7.56,7,m
exp2,W2ZZED,experimental,balloon,sad,lexical,distal,1,0,2760,7.56,7,m
exp2,W2ZZED,experimental,balloon,sad,cause,distal,1,0,2760,7.56,7,m
exp2,STXAAR,experimental,balloon,sad,cause,distal,1,0,3000,8.21,8,m
exp2,STXAAR,experimental,balloon,sad,lexical,proximal,0,1,3000,8.21,8,m
exp2,STXAAR,experimental,drum,angry,cause,distal,1,0,3000,8.21,8,m
exp2,STXAAR,experimental,drum,angry,lexical,distal,1,0,3000,8.21,8,m
exp2,RR62KH,experimental,balloon,sad,lexical,proximal,0,1,2910,7.97,7,m
exp2,RR62KH,experimental,balloon,sad,cause,proximal,0,1,2910,7.97,7,m
exp2,RR62KH,experimental,drum,angry,lexical,proximal,0,1,2910,7.97,7,m
exp2,RR62KH,experimental,drum,angry,cause,proximal,0,1,2910,7.97,7,m
exp2,YZdEcX,experimental,balloon,sad,lexical,proximal,0,1,3360,9.2,9,m
exp2,YZdEcX,experimental,balloon,sad,cause,distal,1,0,3360,9.2,9,m
exp2,YZdEcX,experimental,drum,angry,lexical,proximal,0,1,3360,9.2,9,m
exp2,YZdEcX,experimental,drum,angry,cause,distal,1,0,3360,9.2,9,m
exp2,7cVZRW,experimental,balloon,sad,cause,distal,1,0,1740,4.76,4,f
exp2,7cVZRW,experimental,balloon,sad,lexical,proximal,0,1,1740,4.76,4,f
exp2,7cVZRW,experimental,drum,angry,cause,distal,1,0,1740,4.76,4,f
exp2,7cVZRW,experimental,drum,angry,lexical,proximal,0,1,1740,4.76,4,f
exp2,MV2KEY,experimental,drum,angry,cause,distal,1,0,3510,9.61,9,f
exp2,MV2KEY,experimental,drum,angry,lexical,distal,1,0,3510,9.61,9,f
exp2,MV2KEY,experimental,balloon,sad,cause,distal,1,0,3510,9.61,9,f
exp2,MV2KEY,experimental,balloon,sad,lexical,distal,1,0,3510,9.61,9,f
exp2,H5EDVW,experimental,drum,angry,cause,distal,1,0,1680,4.6,4,m
exp2,H5EDVW,experimental,drum,angry,lexical,distal,1,0,1680,4.6,4,m
exp2,H5EDVW,experimental,balloon,sad,cause,distal,1,0,1680,4.6,4,m
exp2,H5EDVW,experimental,balloon,sad,lexical,distal,1,0,1680,4.6,4,m
exp2,ZCDVHY,experimental,drum,angry,cause,distal,1,0,2670,7.31,7,m
exp2,ZCDVHY,experimental,drum,angry,lexical,distal,1,0,2670,7.31,7,m
exp2,ZCDVHY,experimental,balloon,sad,cause,proximal,0,1,2670,7.31,7,m
exp2,ZCDVHY,experimental,balloon,sad,lexical,distal,1,0,2670,7.31,7,m
exp2,Kc7cJA,control,drum,break,lexical,proximal,0,1,3420,9.36,9,f
exp2,Kc7cJA,control,drum,break,cause,distal,1,0,3420,9.36,9,f
exp2,Kc7cJA,control,balloon,pop,lexical,proximal,0,1,3420,9.36,9,f
exp2,Kc7cJA,control,balloon,pop,cause,distal,1,0,3420,9.36,9,f
exp2,LDC7LT,control,balloon,pop,lexical,proximal,0,1,1830,5.01,5,m
exp2,LDC7LT,control,balloon,pop,cause,distal,1,0,1830,5.01,5,m
exp2,LDC7LT,control,drum,break,lexical,proximal,0,1,1830,5.01,5,m
exp2,LDC7LT,control,drum,break,cause,distal,1,0,1830,5.01,5,m
exp2,AE4EX2,experimental,balloon,sad,lexical,proximal,0,1,3300,9.03,9,m
exp2,AE4EX2,experimental,balloon,sad,cause,distal,1,0,3300,9.03,9,m
exp2,AE4EX2,experimental,drum,angry,lexical,proximal,0,1,3300,9.03,9,m
exp2,AE4EX2,experimental,drum,angry,cause,distal,1,0,3300,9.03,9,m
exp2,32KGMH,experimental,drum,angry,cause,distal,1,0,2700,7.39,7,m
exp2,32KGMH,experimental,drum,angry,lexical,distal,1,0,2700,7.39,7,m
exp2,32KGMH,experimental,balloon,sad,cause,proximal,0,1,2700,7.39,7,m
exp2,32KGMH,experimental,balloon,sad,lexical,distal,1,0,2700,7.39,7,m
exp2,R7FJ3V,control,drum,break,cause,distal,1,0,2790,7.64,7,m
exp2,R7FJ3V,control,drum,break,lexical,proximal,0,1,2790,7.64,7,m
exp2,R7FJ3V,control,balloon,pop,cause,proximal,0,1,2790,7.64,7,m
exp2,R7FJ3V,control,balloon,pop,lexical,distal,1,0,2790,7.64,7,m
exp2,3ARWL4,experimental,balloon,sad,cause,distal,1,0,1560,4.27,4,m
exp2,3ARWL4,experimental,balloon,sad,lexical,proximal,0,1,1560,4.27,4,m
exp2,3ARWL4,experimental,drum,angry,cause,distal,1,0,1560,4.27,4,m
exp2,3ARWL4,experimental,drum,angry,lexical,proximal,0,1,1560,4.27,4,m
exp2,KXRE7d,experimental,balloon,sad,lexical,distal,1,0,2490,6.82,6,f
exp2,KXRE7d,experimental,balloon,sad,cause,distal,1,0,2490,6.82,6,f
exp2,KXRE7d,experimental,drum,angry,lexical,distal,1,0,2490,6.82,6,f
exp2,KXRE7d,experimental,drum,angry,cause,distal,1,0,2490,6.82,6,f
exp2,4YWY23,control,balloon,pop,cause,distal,1,0,2190,6.0,5,f
exp2,4YWY23,control,balloon,pop,lexical,proximal,0,1,2190,6.0,5,f
exp2,4YWY23,control,drum,break,cause,distal,1,0,2190,6.0,5,f
exp2,4YWY23,control,drum,break,lexical,proximal,0,1,2190,6.0,5,f
exp2,GFASNL,experimental,drum,angry,cause,distal,1,0,3090,8.46,8,f
exp2,GFASNL,experimental,drum,angry,lexical,distal,1,0,3090,8.46,8,f
exp2,GFASNL,experimental,balloon,sad,cause,proximal,0,1,3090,8.46,8,f
exp2,GFASNL,experimental,balloon,sad,lexical,proximal,0,1,3090,8.46,8,f
exp2,42ZC3Q,control,drum,break,lexical,proximal,0,1,3480,9.53,9,m
exp2,42ZC3Q,control,drum,break,cause,distal,1,0,3480,9.53,9,m
exp2,42ZC3Q,control,balloon,pop,lexical,proximal,0,1,3480,9.53,9,m
exp2,42ZC3Q,control,balloon,pop,cause,distal,1,0,3480,9.53,9,m
exp2,K34Y6K,control,balloon,pop,lexical,distal,1,0,1320,3.61,3,f
exp2,K34Y6K,control,balloon,pop,cause,proximal,0,1,1320,3.61,3,f
exp2,K34Y6K,control,drum,break,lexical,proximal,0,1,1320,3.61,3,f
exp2,K34Y6K,control,drum,break,cause,distal,1,0,1320,3.61,3,f
exp2,V4ZESL,experimental,balloon,sad,lexical,proximal,0,1,2790,7.64,7,f
exp2,V4ZESL,experimental,balloon,sad,cause,distal,1,0,2790,7.64,7,f
exp2,V4ZESL,experimental,drum,angry,lexical,proximal,0,1,2790,7.64,7,f
exp2,V4ZESL,experimental,drum,angry,cause,distal,1,0,2790,7.64,7,f
exp2,LB5AKN,control,drum,break,lexical,proximal,0,1,1890,5.17,5,m
exp2,LB5AKN,control,drum,break,cause,distal,1,0,1890,5.17,5,m
exp2,LB5AKN,control,balloon,pop,lexical,proximal,0,1,1890,5.17,5,m
exp2,LB5AKN,control,balloon,pop,cause,distal,1,0,1890,5.17,5,m
exp2,M5UCUT,control,drum,break,lexical,proximal,0,1,2820,7.72,7,m
exp2,M5UCUT,control,drum,break,cause,distal,1,0,2820,7.72,7,m
exp2,M5UCUT,control,balloon,pop,lexical,proximal,0,1,2820,7.72,7,m
exp2,M5UCUT,control,balloon,pop,cause,distal,1,0,2820,7.72,7,m
exp2,M5cK7L,control,drum,break,lexical,proximal,0,1,1620,4.44,4,m
exp2,M5cK7L,control,drum,break,cause,distal,1,0,1620,4.44,4,m
exp2,M5cK7L,control,balloon,pop,lexical,proximal,0,1,1620,4.44,4,m
exp2,M5cK7L,control,balloon,pop,cause,distal,1,0,1620,4.44,4,m
exp2,A5CJRP,experimental,balloon,sad,lexical,distal,1,0,1350,3.7,3,m
exp2,A5CJRP,experimental,balloon,sad,cause,proximal,0,1,1350,3.7,3,m
exp2,A5CJRP,experimental,drum,angry,lexical,proximal,0,1,1350,3.7,3,m
exp2,A5CJRP,experimental,drum,angry,cause,distal,1,0,1350,3.7,3,m
exp2,K2GGPN,experimental,balloon,sad,lexical,proximal,0,1,1440,3.94,3,m
exp2,K2GGPN,experimental,balloon,sad,cause,proximal,0,1,1440,3.94,3,m
exp2,K2GGPN,experimental,drum,angry,lexical,proximal,0,1,1440,3.94,3,m
exp2,K2GGPN,experimental,drum,angry,cause,proximal,0,1,1440,3.94,3,m
exp2,BAMcEX,experimental,balloon,sad,lexical,distal,1,0,2070,5.67,5,f
exp2,BAMcEX,experimental,balloon,sad,cause,proximal,0,1,2070,5.67,5,f
exp2,BAMcEX,experimental,drum,angry,lexical,distal,1,0,2070,5.67,5,f
exp2,BAMcEX,experimental,drum,angry,cause,proximal,0,1,2070,5.67,5,f
exp2,FVSQcQ,control,drum,break,lexical,proximal,0,1,3210,8.79,8,m
exp2,FVSQcQ,control,drum,break,cause,distal,1,0,3210,8.79,8,m
exp2,FVSQcQ,control,balloon,pop,lexical,proximal,0,1,3210,8.79,8,m
exp2,FVSQcQ,control,balloon,pop,cause,distal,1,0,3210,8.79,8,m
exp2,4cCVTA,control,balloon,pop,lexical,proximal,0,1,3030,8.3,8,m
exp2,4cCVTA,control,balloon,pop,cause,distal,1,0,3030,8.3,8,m
exp2,4cCVTA,control,drum,break,lexical,proximal,0,1,3030,8.3,8,m
exp2,4cCVTA,control,drum,break,cause,distal,1,0,3030,8.3,8,m
exp2,HLNMBB,experimental,drum,angry,lexical,distal,1,0,2550,6.98,6,m
exp2,HLNMBB,experimental,drum,angry,cause,distal,1,0,2550,6.98,6,m
exp2,HLNMBB,experimental,balloon,sad,lexical,proximal,0,1,2550,6.98,6,m
exp2,HLNMBB,experimental,balloon,sad,cause,proximal,0,1,2550,6.98,6,m
exp2,FFGRCS,experimental,balloon,sad,lexical,distal,1,0,2250,6.16,6,f
exp2,FFGRCS,experimental,balloon,sad,cause,distal,1,0,2250,6.16,6,f
exp2,FFGRCS,experimental,drum,angry,lexical,distal,1,0,2250,6.16,6,f
exp2,FFGRCS,experimental,drum,angry,cause,distal,1,0,2250,6.16,6,f
exp2,PSUGVM,control,balloon,pop,lexical,distal,1,0,1410,3.86,3,f
exp2,PSUGVM,control,balloon,pop,cause,proximal,0,1,1410,3.86,3,f
exp2,PSUGVM,control,drum,break,lexical,distal,1,0,1410,3.86,3,f
exp2,PSUGVM,control,drum,break,cause,proximal,0,1,1410,3.86,3,f
exp2,ECZD2A,control,balloon,pop,cause,proximal,0,1,2250,6.16,6,m
exp2,ECZD2A,control,balloon,pop,lexical,proximal,0,1,2250,6.16,6,m
exp2,ECZD2A,control,drum,break,cause,proximal,0,1,2250,6.16,6,m
exp2,ECZD2A,control,drum,break,lexical,proximal,0,1,2250,6.16,6,m
exp2,Y6EAdT,experimental,drum,angry,cause,distal,1,0,2730,7.47,7,f
exp2,Y6EAdT,experimental,drum,angry,lexical,proximal,0,1,2730,7.47,7,f
exp2,Y6EAdT,experimental,balloon,sad,cause,distal,1,0,2730,7.47,7,f
exp2,Y6EAdT,experimental,balloon,sad,lexical,proximal,0,1,2730,7.47,7,f
exp2,PSCJUY,experimental,drum,angry,lexical,distal,1,0,1890,5.17,5,f
exp2,PSCJUY,experimental,drum,angry,cause,distal,1,0,1890,5.17,5,f
exp2,PSCJUY,experimental,balloon,sad,lexical,distal,1,0,1890,5.17,5,f
exp2,PSCJUY,experimental,balloon,sad,cause,distal,1,0,1890,5.17,5,f
exp2,SFVMFZ,control,drum,break,lexical,proximal,0,1,1680,4.6,4,f
exp2,SFVMFZ,control,drum,break,cause,distal,1,0,1680,4.6,4,f
exp2,SFVMFZ,control,balloon,pop,lexical,proximal,0,1,1680,4.6,4,f
exp2,SFVMFZ,control,balloon,pop,cause,distal,1,0,1680,4.6,4,f
exp2,WHF35P,control,balloon,pop,lexical,proximal,0,1,1200,3.29,3,m
exp2,WHF35P,control,balloon,pop,cause,distal,1,0,1200,3.29,3,m
exp2,WHF35P,control,drum,break,lexical,proximal,0,1,1200,3.29,3,m
exp2,WHF35P,control,drum,break,cause,distal,1,0,1200,3.29,3,m
exp2,V36V2N,control,balloon,pop,lexical,proximal,0,1,2040,5.59,5,m
exp2,V36V2N,control,balloon,pop,cause,distal,1,0,2040,5.59,5,m
exp2,V36V2N,control,drum,break,lexical,proximal,0,1,2040,5.59,5,m
exp2,V36V2N,control,drum,break,cause,distal,1,0,2040,5.59,5,m
exp2,SVX3WF,experimental,balloon,sad,cause,proximal,0,1,1530,4.19,4,m
exp2,SVX3WF,experimental,balloon,sad,lexical,proximal,0,1,1530,4.19,4,m
exp2,SVX3WF,experimental,drum,angry,cause,distal,1,0,1530,4.19,4,m
exp2,SVX3WF,experimental,drum,angry,lexical,proximal,0,1,1530,4.19,4,m
exp2,dEXGY2,experimental,drum,angry,lexical,distal,1,0,1860,5.09,5,m
exp2,dEXGY2,experimental,drum,angry,cause,distal,1,0,1860,5.09,5,m
exp2,dEXGY2,experimental,balloon,sad,lexical,proximal,0,1,1860,5.09,5,m
exp2,dEXGY2,experimental,balloon,sad,cause,distal,1,0,1860,5.09,5,m
exp2,XGRGKS,control,drum,break,lexical,proximal,0,1,2640,7.23,7,m
exp2,XGRGKS,control,drum,break,cause,distal,1,0,2640,7.23,7,m
exp2,XGRGKS,control,balloon,pop,lexical,proximal,0,1,2640,7.23,7,m
exp2,XGRGKS,control,balloon,pop,cause,distal,1,0,2640,7.23,7,m
exp2,2VJGdW,experimental,drum,angry,lexical,proximal,0,1,1530,4.19,4,m
exp2,2VJGdW,experimental,drum,angry,cause,proximal,0,1,1530,4.19,4,m
exp2,2VJGdW,experimental,balloon,sad,lexical,proximal,0,1,1530,4.19,4,m
exp2,2VJGdW,experimental,balloon,sad,cause,proximal,0,1,1530,4.19,4,m
exp2,3UdSB3,control,balloon,pop,cause,distal,1,0,3330,9.12,9,m
exp2,3UdSB3,control,balloon,pop,lexical,proximal,0,1,3330,9.12,9,m
exp2,3UdSB3,control,drum,break,cause,distal,1,0,3330,9.12,9,m
exp2,3UdSB3,control,drum,break,lexical,proximal,0,1,3330,9.12,9,m
exp2,Z2cFA3,experimental,balloon,sad,cause,proximal,0,1,3090,8.46,8,m
exp2,Z2cFA3,experimental,balloon,sad,lexical,distal,1,0,3090,8.46,8,m
exp2,Z2cFA3,experimental,drum,angry,cause,proximal,0,1,3090,8.46,8,m
exp2,Z2cFA3,experimental,drum,angry,lexical,proximal,0,1,3090,8.46,8,m
exp2,Y2MSM2,experimental,drum,angry,cause,proximal,0,1,1830,5.01,5,m
exp2,Y2MSM2,experimental,drum,angry,lexical,proximal,0,1,1830,5.01,5,m
exp2,Y2MSM2,experimental,balloon,sad,cause,proximal,0,1,1830,5.01,5,m
exp2,Y2MSM2,experimental,balloon,sad,lexical,proximal,0,1,1830,5.01,5,m
exp2,XQEYdE,control,drum,break,lexical,proximal,0,1,1260,3.45,3,m
exp2,XQEYdE,control,drum,break,cause,proximal,0,1,1260,3.45,3,m
exp2,XQEYdE,control,balloon,pop,lexical,proximal,0,1,1260,3.45,3,m
exp2,XQEYdE,control,balloon,pop,cause,proximal,0,1,1260,3.45,3,m
exp2,XEW5cN,experimental,drum,angry,lexical,distal,1,0,2400,6.57,6,f
exp2,XEW5cN,experimental,drum,angry,cause,proximal,0,1,2400,6.57,6,f
exp2,XEW5cN,experimental,balloon,sad,lexical,proximal,0,1,2400,6.57,6,f
exp2,XEW5cN,experimental,balloon,sad,cause,distal,1,0,2400,6.57,6,f
exp2,RCA7JS,experimental,drum,angry,lexical,distal,1,0,3000,8.21,8,m
exp2,RCA7JS,experimental,drum,angry,cause,proximal,0,1,3000,8.21,8,m
exp2,RCA7JS,experimental,balloon,sad,lexical,proximal,0,1,3000,8.21,8,m
exp2,RCA7JS,experimental,balloon,sad,cause,distal,1,0,3000,8.21,8,m
exp2,5KcZQD,control,drum,break,cause,distal,1,0,3120,8.54,8,f
exp2,5KcZQD,control,drum,break,lexical,proximal,0,1,3120,8.54,8,f
exp2,5KcZQD,control,balloon,pop,cause,distal,1,0,3120,8.54,8,f
exp2,5KcZQD,control,balloon,pop,lexical,proximal,0,1,3120,8.54,8,f
exp2,PJNCNJ,experimental,drum,angry,lexical,distal,1,0,2010,5.5,5,f
exp2,PJNCNJ,experimental,drum,angry,cause,proximal,0,1,2010,5.5,5,f
exp2,PJNCNJ,experimental,balloon,sad,lexical,distal,1,0,2010,5.5,5,f
exp2,PJNCNJ,experimental,balloon,sad,cause,proximal,0,1,2010,5.5,5,f
exp2,3TGUNF,control,balloon,pop,lexical,proximal,0,1,1560,4.27,4,f
exp2,3TGUNF,control,balloon,pop,cause,distal,1,0,1560,4.27,4,f
exp2,3TGUNF,control,drum,break,lexical,proximal,0,1,1560,4.27,4,f
exp2,3TGUNF,control,drum,break,cause,distal,1,0,1560,4.27,4,f
exp2,DJMBHJ,control,drum,break,lexical,proximal,0,1,1560,4.27,4,f
exp2,DJMBHJ,control,drum,break,cause,distal,1,0,1560,4.27,4,f
exp2,DJMBHJ,control,balloon,pop,lexical,proximal,0,1,1560,4.27,4,f
exp2,DJMBHJ,control,balloon,pop,cause,distal,1,0,1560,4.27,4,f
exp2,6JWRUH,experimental,drum,angry,lexical,distal,1,0,1470,4.02,4,m
exp2,6JWRUH,experimental,drum,angry,cause,proximal,0,1,1470,4.02,4,m
exp2,6JWRUH,experimental,balloon,sad,lexical,distal,1,0,1470,4.02,4,m
exp2,6JWRUH,experimental,balloon,sad,cause,proximal,0,1,1470,4.02,4,m
exp2,ZU2645,experimental,balloon,sad,cause,distal,1,0,1320,3.61,3,m
exp2,ZU2645,experimental,balloon,sad,lexical,proximal,0,1,1320,3.61,3,m
exp2,ZU2645,experimental,drum,angry,cause,distal,1,0,1320,3.61,3,m
exp2,ZU2645,experimental,drum,angry,lexical,distal,1,0,1320,3.61,3,m
exp2,5dD45Y,experimental,balloon,sad,lexical,distal,1,0,1920,5.26,5,m
exp2,5dD45Y,experimental,balloon,sad,cause,distal,1,0,1920,5.26,5,m
exp2,5dD45Y,experimental,drum,angry,lexical,proximal,0,1,1920,5.26,5,m
exp2,5dD45Y,experimental,drum,angry,cause,distal,1,0,1920,5.26,5,m
exp2,MJABYc,control,balloon,pop,cause,proximal,0,1,2880,7.89,7,m
exp2,MJABYc,control,balloon,pop,lexical,proximal,0,1,2880,7.89,7,m
exp2,MJABYc,control,drum,break,cause,distal,1,0,2880,7.89,7,m
exp2,MJABYc,control,drum,break,lexical,proximal,0,1,2880,7.89,7,m
exp2,c3LAAH,experimental,drum,angry,lexical,proximal,0,1,2190,6.0,5,f
exp2,c3LAAH,experimental,drum,angry,cause,distal,1,0,2190,6.0,5,f
exp2,c3LAAH,experimental,balloon,sad,lexical,proximal,0,1,2190,6.0,5,f
exp2,c3LAAH,experimental,balloon,sad,cause,distal,1,0,2190,6.0,5,f
exp2,3T3Acd,experimental,balloon,sad,cause,proximal,0,1,3510,9.61,9,f
exp2,3T3Acd,experimental,balloon,sad,lexical,distal,1,0,3510,9.61,9,f
exp2,3T3Acd,experimental,drum,angry,cause,distal,1,0,3510,9.61,9,f
exp2,3T3Acd,experimental,drum,angry,lexical,proximal,0,1,3510,9.61,9,f
exp2,YANBFG,experimental,balloon,sad,cause,distal,1,0,3420,9.36,9,m
exp2,YANBFG,experimental,balloon,sad,lexical,proximal,0,1,3420,9.36,9,m
exp2,YANBFG,experimental,drum,angry,cause,distal,1,0,3420,9.36,9,m
exp2,YANBFG,experimental,drum,angry,lexical,proximal,0,1,3420,9.36,9,m
exp2,FLCXY4,experimental,balloon,sad,cause,distal,1,0,1740,4.76,4,m
exp2,FLCXY4,experimental,balloon,sad,lexical,proximal,0,1,1740,4.76,4,m
exp2,FLCXY4,experimental,drum,angry,cause,distal,1,0,1740,4.76,4,m
exp2,FLCXY4,experimental,drum,angry,lexical,proximal,0,1,1740,4.76,4,m
exp2,EC6R7E,experimental,balloon,sad,cause,proximal,0,1,1350,3.7,3,f
exp2,EC6R7E,experimental,balloon,sad,lexical,distal,1,0,1350,3.7,3,f
exp2,EC6R7E,experimental,drum,angry,cause,proximal,0,1,1350,3.7,3,f
exp2,EC6R7E,experimental,drum,angry,lexical,distal,1,0,1350,3.7,3,f
exp2,CWEPG7,experimental,drum,angry,lexical,distal,1,0,3150,8.62,8,m
exp2,CWEPG7,experimental,drum,angry,cause,distal,1,0,3150,8.62,8,m
exp2,CWEPG7,experimental,balloon,sad,lexical,distal,1,0,3150,8.62,8,m
exp2,CWEPG7,experimental,balloon,sad,cause,distal,1,0,3150,8.62,8,m
exp2,N3R565,experimental,balloon,sad,cause,proximal,0,1,3600,9.86,9,m
exp2,N3R565,experimental,balloon,sad,lexical,distal,1,0,3600,9.86,9,m
exp2,N3R565,experimental,drum,angry,cause,distal,1,0,3600,9.86,9,m
exp2,N3R565,experimental,drum,angry,lexical,proximal,0,1,3600,9.86,9,m
exp2,V4KEHL,experimental,drum,angry,cause,distal,1,0,2790,7.64,7,m
exp2,V4KEHL,experimental,drum,angry,lexical,proximal,0,1,2790,7.64,7,m
exp2,V4KEHL,experimental,balloon,sad,cause,distal,1,0,2790,7.64,7,m
exp2,V4KEHL,experimental,balloon,sad,lexical,proximal,0,1,2790,7.64,7,m
exp2,E5TCJY,control,balloon,pop,cause,distal,1,0,1200,3.29,3,f
exp2,E5TCJY,control,balloon,pop,lexical,proximal,0,1,1200,3.29,3,f
exp2,E5TCJY,control,drum,break,cause,proximal,0,1,1200,3.29,3,f
exp2,E5TCJY,control,drum,break,lexical,distal,1,0,1200,3.29,3,f
exp2,5TGEFG,control,drum,break,lexical,proximal,0,1,1170,3.2,3,m
exp2,5TGEFG,control,drum,break,cause,distal,1,0,1170,3.2,3,m
exp2,5TGEFG,control,balloon,pop,lexical,proximal,0,1,1170,3.2,3,m
exp2,5TGEFG,control,balloon,pop,cause,distal,1,0,1170,3.2,3,m
exp2,WNSQL3,experimental,drum,angry,cause,distal,1,0,1380,3.78,3,f
exp2,WNSQL3,experimental,drum,angry,lexical,proximal,0,1,1380,3.78,3,f
exp2,WNSQL3,experimental,balloon,sad,cause,proximal,0,1,1380,3.78,3,f
exp2,WNSQL3,experimental,balloon,sad,lexical,distal,1,0,1380,3.78,3,f
exp2,6Jc2PP,control,balloon,pop,lexical,distal,1,0,1830,5.01,5,m
exp2,6Jc2PP,control,balloon,pop,cause,distal,1,0,1830,5.01,5,m
exp2,6Jc2PP,control,drum,break,lexical,distal,1,0,1830,5.01,5,m
exp2,6Jc2PP,control,drum,break,cause,distal,1,0,1830,5.01,5,m
exp2,VL7LDC,control,drum,break,lexical,proximal,0,1,1590,4.35,4,m
exp2,VL7LDC,control,drum,break,cause,distal,1,0,1590,4.35,4,m
exp2,VL7LDC,control,balloon,pop,lexical,proximal,0,1,1590,4.35,4,m
exp2,VL7LDC,control,balloon,pop,cause,distal,1,0,1590,4.35,4,m
exp2,AQNAJ3,control,drum,break,lexical,distal,1,0,3210,8.79,8,m
exp2,AQNAJ3,control,drum,break,cause,distal,1,0,3210,8.79,8,m
exp2,AQNAJ3,control,balloon,pop,lexical,proximal,0,1,3210,8.79,8,m
exp2,AQNAJ3,control,balloon,pop,cause,distal,1,0,3210,8.79,8,m
exp2,6U4M4Y,control,drum,break,lexical,distal,1,0,1980,5.42,5,m
exp2,6U4M4Y,control,drum,break,cause,distal,1,0,1980,5.42,5,m
exp2,6U4M4Y,control,balloon,pop,lexical,distal,1,0,1980,5.42,5,m
exp2,6U4M4Y,control,balloon,pop,cause,distal,1,0,1980,5.42,5,m
exp2,F353FP,experimental,balloon,sad,lexical,distal,1,0,3540,9.69,9,m
exp2,F353FP,experimental,balloon,sad,cause,distal,1,0,3540,9.69,9,m
exp2,F353FP,experimental,drum,angry,lexical,distal,1,0,3540,9.69,9,m
exp2,F353FP,experimental,drum,angry,cause,distal,1,0,3540,9.69,9,m
exp2,CP44FN,experimental,balloon,sad,cause,proximal,0,1,1620,4.44,4,m
exp2,CP44FN,experimental,balloon,sad,lexical,distal,1,0,1620,4.44,4,m
exp2,CP44FN,experimental,drum,angry,cause,proximal,0,1,1620,4.44,4,m
exp2,CP44FN,experimental,drum,angry,lexical,distal,1,0,1620,4.44,4,m
exp2,AdTAJX,experimental,balloon,sad,lexical,proximal,0,1,1740,4.76,4,f
exp2,AdTAJX,experimental,balloon,sad,cause,distal,1,0,1740,4.76,4,f
exp2,AdTAJX,experimental,drum,angry,lexical,proximal,0,1,1740,4.76,4,f
exp2,AdTAJX,experimental,drum,angry,cause,distal,1,0,1740,4.76,4,f
exp2,RZQBNV,experimental,drum,angry,cause,proximal,0,1,1410,3.86,3,f
exp2,RZQBNV,experimental,drum,angry,lexical,proximal,0,1,1410,3.86,3,f
exp2,RZQBNV,experimental,balloon,sad,cause,distal,1,0,1410,3.86,3,f
exp2,RZQBNV,experimental,balloon,sad,lexical,proximal,0,1,1410,3.86,3,f
exp2,7HB7X2,experimental,drum,angry,lexical,proximal,0,1,1320,3.61,3,f
exp2,7HB7X2,experimental,drum,angry,cause,distal,1,0,1320,3.61,3,f
exp2,7HB7X2,experimental,balloon,sad,lexical,distal,1,0,1320,3.61,3,f
exp2,7HB7X2,experimental,balloon,sad,cause,proximal,0,1,1320,3.61,3,f
exp2,R7SPZD,experimental,drum,angry,cause,distal,1,0,2790,7.64,7,f
exp2,R7SPZD,experimental,drum,angry,lexical,proximal,0,1,2790,7.64,7,f
exp2,R7SPZD,experimental,balloon,sad,cause,distal,1,0,2790,7.64,7,f
exp2,R7SPZD,experimental,balloon,sad,lexical,proximal,0,1,2790,7.64,7,f
exp2,RJ4E47,experimental,drum,angry,lexical,proximal,0,1,2760,7.56,7,f
exp2,RJ4E47,experimental,drum,angry,cause,proximal,0,1,2760,7.56,7,f
exp2,RJ4E47,experimental,balloon,sad,lexical,proximal,0,1,2760,7.56,7,f
exp2,RJ4E47,experimental,balloon,sad,cause,proximal,0,1,2760,7.56,7,f
exp2,N6Y3RE,control,drum,break,lexical,proximal,0,1,1230,3.37,3,f
exp2,N6Y3RE,control,drum,break,cause,distal,1,0,1230,3.37,3,f
exp2,N6Y3RE,control,balloon,pop,lexical,proximal,0,1,1230,3.37,3,f
exp2,N6Y3RE,control,balloon,pop,cause,distal,1,0,1230,3.37,3,f
exp2,WBQSW5,experimental,balloon,sad,lexical,distal,1,0,2370,6.49,6,m
exp2,WBQSW5,experimental,balloon,sad,cause,proximal,0,1,2370,6.49,6,m
exp2,WBQSW5,experimental,drum,angry,lexical,proximal,0,1,2370,6.49,6,m
exp2,WBQSW5,experimental,drum,angry,cause,distal,1,0,2370,6.49,6,m
exp2,LLEJFG,control,drum,break,lexical,proximal,0,1,1620,4.44,4,f
exp2,LLEJFG,control,drum,break,cause,distal,1,0,1620,4.44,4,f
exp2,LLEJFG,control,balloon,pop,lexical,proximal,0,1,1620,4.44,4,f
exp2,LLEJFG,control,balloon,pop,cause,distal,1,0,1620,4.44,4,f
exp2,XEU7S6,experimental,drum,angry,lexical,distal,1,0,1830,5.01,5,m
exp2,XEU7S6,experimental,drum,angry,cause,distal,1,0,1830,5.01,5,m
exp2,XEU7S6,experimental,balloon,sad,lexical,proximal,0,1,1830,5.01,5,m
exp2,XEU7S6,experimental,balloon,sad,cause,distal,1,0,1830,5.01,5,m
exp2,4YHMMc,control,drum,break,cause,proximal,0,1,1200,3.29,3,f
exp2,4YHMMc,control,drum,break,lexical,proximal,0,1,1200,3.29,3,f
exp2,4YHMMc,control,balloon,pop,cause,proximal,0,1,1200,3.29,3,f
exp2,4YHMMc,control,balloon,pop,lexical,proximal,0,1,1200,3.29,3,f
exp2,FXG457,control,drum,break,lexical,distal,1,0,1260,3.45,3,m
exp2,FXG457,control,drum,break,cause,proximal,0,1,1260,3.45,3,m
exp2,FXG457,control,balloon,pop,lexical,proximal,0,1,1260,3.45,3,m
exp2,FXG457,control,balloon,pop,cause,distal,1,0,1260,3.45,3,m
exp2,233425,control,drum,break,lexical,proximal,0,1,1680,4.6,4,f
exp2,233425,control,drum,break,cause,proximal,0,1,1680,4.6,4,f
exp2,233425,control,balloon,pop,lexical,proximal,0,1,1680,4.6,4,f
exp2,233425,control,balloon,pop,cause,proximal,0,1,1680,4.6,4,f
exp2,U6GNPN,control,drum,break,lexical,proximal,0,1,1770,4.85,4,m
exp2,U6GNPN,control,drum,break,cause,distal,1,0,1770,4.85,4,m
exp2,U6GNPN,control,balloon,pop,lexical,proximal,0,1,1770,4.85,4,m
exp2,U6GNPN,control,balloon,pop,cause,distal,1,0,1770,4.85,4,m
exp2,SCFGHT,experimental,drum,angry,cause,proximal,0,1,1140,3.12,3,f
exp2,SCFGHT,experimental,drum,angry,lexical,distal,1,0,1140,3.12,3,f
exp2,SCFGHT,experimental,balloon,sad,cause,proximal,0,1,1140,3.12,3,f
exp2,SCFGHT,experimental,balloon,sad,lexical,distal,1,0,1140,3.12,3,f
exp2,HCXDQT,experimental,balloon,sad,lexical,proximal,0,1,2700,7.39,7,f
exp2,HCXDQT,experimental,balloon,sad,cause,distal,1,0,2700,7.39,7,f
exp2,HCXDQT,experimental,drum,angry,lexical,proximal,0,1,2700,7.39,7,f
exp2,HCXDQT,experimental,drum,angry,cause,distal,1,0,2700,7.39,7,f
exp2,WDC56J,control,balloon,pop,cause,proximal,0,1,3030,8.3,8,m
exp2,WDC56J,control,balloon,pop,lexical,proximal,0,1,3030,8.3,8,m
exp2,WDC56J,control,drum,break,cause,distal,1,0,3030,8.3,8,m
exp2,WDC56J,control,drum,break,lexical,proximal,0,1,3030,8.3,8,m
exp2,cdAWRC,control,drum,break,cause,distal,1,0,3510,9.61,9,m
exp2,cdAWRC,control,drum,break,lexical,proximal,0,1,3510,9.61,9,m
exp2,cdAWRC,control,balloon,pop,cause,distal,1,0,3510,9.61,9,m
exp2,cdAWRC,control,balloon,pop,lexical,proximal,0,1,3510,9.61,9,m
exp2,XMWLPc,control,balloon,pop,cause,distal,1,0,2610,7.15,7,f
exp2,XMWLPc,control,balloon,pop,lexical,proximal,0,1,2610,7.15,7,f
exp2,XMWLPc,control,drum,break,cause,distal,1,0,2610,7.15,7,f
exp2,XMWLPc,control,drum,break,lexical,proximal,0,1,2610,7.15,7,f
exp2,KZLHD7,control,balloon,pop,lexical,proximal,0,1,3600,9.86,9,f
exp2,KZLHD7,control,balloon,pop,cause,distal,1,0,3600,9.86,9,f
exp2,KZLHD7,control,drum,break,lexical,proximal,0,1,3600,9.86,9,f
exp2,KZLHD7,control,drum,break,cause,distal,1,0,3600,9.86,9,f
exp2,V2C7T3,experimental,balloon,sad,cause,distal,1,0,3300,9.03,9,f
exp2,V2C7T3,experimental,balloon,sad,lexical,proximal,0,1,3300,9.03,9,f
exp2,V2C7T3,experimental,drum,angry,cause,distal,1,0,3300,9.03,9,f
exp2,V2C7T3,experimental,drum,angry,lexical,proximal,0,1,3300,9.03,9,f
exp2,SGTPRA,control,balloon,pop,cause,proximal,0,1,3240,8.87,8,f
exp2,SGTPRA,control,balloon,pop,lexical,proximal,0,1,3240,8.87,8,f
exp2,SGTPRA,control,drum,break,cause,distal,1,0,3240,8.87,8,f
exp2,SGTPRA,control,drum,break,lexical,proximal,0,1,3240,8.87,8,f
exp2,HcdCEL,experimental,balloon,sad,lexical,proximal,0,1,2520,6.9,6,m
exp2,HcdCEL,experimental,balloon,sad,cause,distal,1,0,2520,6.9,6,m
exp2,HcdCEL,experimental,drum,angry,lexical,proximal,0,1,2520,6.9,6,m
exp2,HcdCEL,experimental,drum,angry,cause,distal,1,0,2520,6.9,6,m
exp2,JdKNCU,control,drum,break,lexical,proximal,0,1,1770,4.85,4,m
exp2,JdKNCU,control,drum,break,cause,distal,1,0,1770,4.85,4,m
exp2,JdKNCU,control,balloon,pop,lexical,proximal,0,1,1770,4.85,4,m
exp2,JdKNCU,control,balloon,pop,cause,proximal,0,1,1770,4.85,4,m
exp2,QLJ54D,control,balloon,pop,cause,proximal,0,1,1350,3.7,3,f
exp2,QLJ54D,control,balloon,pop,lexical,proximal,0,1,1350,3.7,3,f
exp2,QLJ54D,control,drum,break,cause,proximal,0,1,1350,3.7,3,f
exp2,QLJ54D,control,drum,break,lexical,proximal,0,1,1350,3.7,3,f
exp2,E5EAWX,control,drum,break,lexical,proximal,0,1,2940,8.05,8,m
exp2,E5EAWX,control,drum,break,cause,proximal,0,1,2940,8.05,8,m
exp2,E5EAWX,control,balloon,pop,lexical,proximal,0,1,2940,8.05,8,m
exp2,E5EAWX,control,balloon,pop,cause,proximal,0,1,2940,8.05,8,m
exp2,64EUEH,experimental,balloon,sad,lexical,distal,1,0,1110,3.04,3,m
exp2,64EUEH,experimental,balloon,sad,cause,distal,1,0,1110,3.04,3,m
exp2,64EUEH,experimental,drum,angry,lexical,distal,1,0,1110,3.04,3,m
exp2,64EUEH,experimental,drum,angry,cause,distal,1,0,1110,3.04,3,m
exp2,SGCJ6T,experimental,balloon,sad,lexical,proximal,0,1,2700,7.39,7,f
exp2,SGCJ6T,experimental,balloon,sad,cause,distal,1,0,2700,7.39,7,f
exp2,SGCJ6T,experimental,drum,angry,lexical,proximal,0,1,2700,7.39,7,f
exp2,SGCJ6T,experimental,drum,angry,cause,distal,1,0,2700,7.39,7,f
exp2,SACcAE,experimental,balloon,sad,lexical,distal,1,0,2790,7.64,7,m
exp2,SACcAE,experimental,balloon,sad,cause,distal,1,0,2790,7.64,7,m
exp2,SACcAE,experimental,drum,angry,lexical,proximal,0,1,2790,7.64,7,m
exp2,SACcAE,experimental,drum,angry,cause,distal,1,0,2790,7.64,7,m
exp2,NGBZTA,experimental,balloon,sad,cause,distal,1,0,1470,4.02,4,m
exp2,NGBZTA,experimental,balloon,sad,lexical,proximal,0,1,1470,4.02,4,m
exp2,NGBZTA,experimental,drum,angry,cause,distal,1,0,1470,4.02,4,m
exp2,NGBZTA,experimental,drum,angry,lexical,proximal,0,1,1470,4.02,4,m
exp2,LPGFDW,experimental,balloon,sad,cause,distal,1,0,1800,4.93,4,f
exp2,LPGFDW,experimental,balloon,sad,lexical,proximal,0,1,1800,4.93,4,f
exp2,LPGFDW,experimental,drum,angry,cause,distal,1,0,1800,4.93,4,f
exp2,LPGFDW,experimental,drum,angry,lexical,proximal,0,1,1800,4.93,4,f
exp2,2MWSYH,experimental,drum,angry,cause,distal,1,0,2190,6.0,5,f
exp2,2MWSYH,experimental,drum,angry,lexical,proximal,0,1,2190,6.0,5,f
exp2,2MWSYH,experimental,balloon,sad,cause,distal,1,0,2190,6.0,5,f
exp2,2MWSYH,experimental,balloon,sad,lexical,proximal,0,1,2190,6.0,5,f
exp2,6FA4FF,control,balloon,pop,lexical,distal,1,0,1260,3.45,3,m
exp2,6FA4FF,control,balloon,pop,cause,distal,1,0,1260,3.45,3,m
exp2,6FA4FF,control,drum,break,lexical,distal,1,0,1260,3.45,3,m
exp2,6FA4FF,control,drum,break,cause,proximal,0,1,1260,3.45,3,m
exp2,D43SAE,control,drum,break,lexical,proximal,0,1,1530,4.19,4,f
exp2,D43SAE,control,drum,break,cause,proximal,0,1,1530,4.19,4,f
exp2,D43SAE,control,balloon,pop,lexical,proximal,0,1,1530,4.19,4,f
exp2,D43SAE,control,balloon,pop,cause,proximal,0,1,1530,4.19,4,f
exp2,UYYCJJ,control,balloon,pop,lexical,proximal,0,1,2400,6.57,6,m
exp2,UYYCJJ,control,balloon,pop,cause,distal,1,0,2400,6.57,6,m
exp2,UYYCJJ,control,drum,break,lexical,proximal,0,1,2400,6.57,6,m
exp2,UYYCJJ,control,drum,break,cause,distal,1,0,2400,6.57,6,m
exp2,D6W4LU,experimental,drum,angry,cause,distal,1,0,2460,6.74,6,f
exp2,D6W4LU,experimental,drum,angry,lexical,proximal,0,1,2460,6.74,6,f
exp2,D6W4LU,experimental,balloon,sad,cause,proximal,0,1,2460,6.74,6,f
exp2,D6W4LU,experimental,balloon,sad,lexical,proximal,0,1,2460,6.74,6,f
exp2,ZT2TVD,experimental,balloon,sad,lexical,proximal,0,1,1410,3.86,3,m
exp2,ZT2TVD,experimental,balloon,sad,cause,distal,1,0,1410,3.86,3,m
exp2,ZT2TVD,experimental,drum,angry,lexical,proximal,0,1,1410,3.86,3,m
exp2,ZT2TVD,experimental,drum,angry,cause,distal,1,0,1410,3.86,3,m
exp2,V5UTSU,experimental,balloon,sad,cause,distal,1,0,2220,6.08,6,f
exp2,V5UTSU,experimental,balloon,sad,lexical,distal,1,0,2220,6.08,6,f
exp2,V5UTSU,experimental,drum,angry,cause,distal,1,0,2220,6.08,6,f
exp2,V5UTSU,experimental,drum,angry,lexical,distal,1,0,2220,6.08,6,f
exp2,MW72YC,experimental,drum,angry,cause,distal,1,0,3570,9.77,9,m
exp2,MW72YC,experimental,drum,angry,lexical,proximal,0,1,3570,9.77,9,m
exp2,MW72YC,experimental,balloon,sad,cause,proximal,0,1,3570,9.77,9,m
exp2,MW72YC,experimental,balloon,sad,lexical,distal,1,0,3570,9.77,9,m
exp2,3RJEXP,control,drum,break,lexical,proximal,0,1,1440,3.94,3,f
exp2,3RJEXP,control,drum,break,cause,proximal,0,1,1440,3.94,3,f
exp2,3RJEXP,control,balloon,pop,lexical,proximal,0,1,1440,3.94,3,f
exp2,3RJEXP,control,balloon,pop,cause,distal,1,0,1440,3.94,3,f
exp2,FdRKC5,control,balloon,pop,cause,proximal,0,1,1770,4.85,4,f
exp2,FdRKC5,control,balloon,pop,lexical,proximal,0,1,1770,4.85,4,f
exp2,FdRKC5,control,drum,break,cause,distal,1,0,1770,4.85,4,f
exp2,FdRKC5,control,drum,break,lexical,proximal,0,1,1770,4.85,4,f
exp2,VQ37RW,experimental,balloon,sad,cause,distal,1,0,1410,3.86,3,m
exp2,VQ37RW,experimental,balloon,sad,lexical,distal,1,0,1410,3.86,3,m
exp2,VQ37RW,experimental,drum,angry,cause,distal,1,0,1410,3.86,3,m
exp2,VQ37RW,experimental,drum,angry,lexical,distal,1,0,1410,3.86,3,m
exp2,L3FXNS,control,balloon,pop,lexical,proximal,0,1,1260,3.45,3,f
exp2,L3FXNS,control,balloon,pop,cause,distal,1,0,1260,3.45,3,f
exp2,L3FXNS,control,drum,break,lexical,proximal,0,1,1260,3.45,3,f
exp2,L3FXNS,control,drum,break,cause,distal,1,0,1260,3.45,3,f
exp2,NASSC3,experimental,drum,angry,cause,distal,1,0,1680,4.6,4,m
exp2,NASSC3,experimental,drum,angry,lexical,distal,1,0,1680,4.6,4,m
exp2,NASSC3,experimental,balloon,sad,cause,distal,1,0,1680,4.6,4,m
exp2,NASSC3,experimental,balloon,sad,lexical,distal,1,0,1680,4.6,4,m
exp2,SYcMDM,experimental,balloon,sad,lexical,proximal,0,1,1500,4.11,4,m
exp2,SYcMDM,experimental,balloon,sad,cause,distal,1,0,1500,4.11,4,m
exp2,SYcMDM,experimental,drum,angry,lexical,proximal,0,1,1500,4.11,4,m
exp2,SYcMDM,experimental,drum,angry,cause,proximal,0,1,1500,4.11,4,m
exp2,BDdE2L,control,drum,break,cause,proximal,0,1,1590,4.35,4,f
exp2,BDdE2L,control,drum,break,lexical,proximal,0,1,1590,4.35,4,f
exp2,BDdE2L,control,balloon,pop,cause,proximal,0,1,1590,4.35,4,f
exp2,BDdE2L,control,balloon,pop,lexical,proximal,0,1,1590,4.35,4,f
exp2,GAZB2G,experimental,drum,angry,cause,distal,1,0,1530,4.19,4,f
exp2,GAZB2G,experimental,drum,angry,lexical,proximal,0,1,1530,4.19,4,f
exp2,GAZB2G,experimental,balloon,sad,cause,proximal,0,1,1530,4.19,4,f
exp2,GAZB2G,experimental,balloon,sad,lexical,distal,1,0,1530,4.19,4,f
exp2,Q4MYQF,control,drum,break,cause,distal,1,0,1380,3.78,3,m
exp2,Q4MYQF,control,drum,break,lexical,distal,1,0,1380,3.78,3,m
exp2,Q4MYQF,control,balloon,pop,cause,distal,1,0,1380,3.78,3,m
exp2,Q4MYQF,control,balloon,pop,lexical,distal,1,0,1380,3.78,3,m
exp2,NVSH4Z,control,balloon,pop,cause,proximal,0,1,3000,8.21,8,m
exp2,NVSH4Z,control,balloon,pop,lexical,proximal,0,1,3000,8.21,8,m
exp2,NVSH4Z,control,drum,break,cause,distal,1,0,3000,8.21,8,m
exp2,NVSH4Z,control,drum,break,lexical,proximal,0,1,3000,8.21,8,m
exp2,7TU5PN,control,drum,break,cause,proximal,0,1,1290,3.53,3,m
exp2,7TU5PN,control,drum,break,lexical,proximal,0,1,1290,3.53,3,m
exp2,7TU5PN,control,balloon,pop,cause,proximal,0,1,1290,3.53,3,m
exp2,7TU5PN,control,balloon,pop,lexical,distal,1,0,1290,3.53,3,m
exp2,PEXLLK,experimental,balloon,sad,lexical,proximal,0,1,2820,7.72,7,f
exp2,PEXLLK,experimental,balloon,sad,cause,distal,1,0,2820,7.72,7,f
exp2,PEXLLK,experimental,drum,angry,lexical,distal,1,0,2820,7.72,7,f
exp2,PEXLLK,experimental,drum,angry,cause,distal,1,0,2820,7.72,7,f
exp2,McNNHL,control,balloon,pop,lexical,proximal,0,1,1800,4.93,4,m
exp2,McNNHL,control,balloon,pop,cause,proximal,0,1,1800,4.93,4,m
exp2,McNNHL,control,drum,break,lexical,proximal,0,1,1800,4.93,4,m
exp2,McNNHL,control,drum,break,cause,proximal,0,1,1800,4.93,4,m
exp2,AY5cVK,control,balloon,pop,lexical,proximal,0,1,1680,4.6,4,f
exp2,AY5cVK,control,balloon,pop,cause,distal,1,0,1680,4.6,4,f
exp2,AY5cVK,control,drum,break,lexical,proximal,0,1,1680,4.6,4,f
exp2,AY5cVK,control,drum,break,cause,distal,1,0,1680,4.6,4,f
exp2,Ec5DPZ,control,balloon,pop,lexical,proximal,0,1,1950,5.34,5,f
exp2,Ec5DPZ,control,balloon,pop,cause,distal,1,0,1950,5.34,5,f
exp2,Ec5DPZ,control,drum,break,lexical,proximal,0,1,1950,5.34,5,f
exp2,Ec5DPZ,control,drum,break,cause,distal,1,0,1950,5.34,5,f
exp2,42UR3c,experimental,drum,angry,lexical,proximal,0,1,1350,3.7,3,f
exp2,42UR3c,experimental,drum,angry,cause,proximal,0,1,1350,3.7,3,f
exp2,42UR3c,experimental,balloon,sad,lexical,distal,1,0,1350,3.7,3,f
exp2,42UR3c,experimental,balloon,sad,cause,distal,1,0,1350,3.7,3,f
exp2,6YGLGc,control,drum,break,lexical,distal,1,0,1650,4.52,4,f
exp2,6YGLGc,control,drum,break,cause,distal,1,0,1650,4.52,4,f
exp2,6YGLGc,control,balloon,pop,lexical,distal,1,0,1650,4.52,4,f
exp2,6YGLGc,control,balloon,pop,cause,proximal,0,1,1650,4.52,4,f
exp2,Z7YQUJ,experimental,drum,angry,lexical,proximal,0,1,3480,9.53,9,m
exp2,Z7YQUJ,experimental,drum,angry,cause,distal,1,0,3480,9.53,9,m
exp2,Z7YQUJ,experimental,balloon,sad,lexical,proximal,0,1,3480,9.53,9,m
exp2,Z7YQUJ,experimental,balloon,sad,cause,distal,1,0,3480,9.53,9,m
exp2,MdQSVN,experimental,drum,angry,lexical,distal,1,0,2520,6.9,6,f
exp2,MdQSVN,experimental,drum,angry,cause,distal,1,0,2520,6.9,6,f
exp2,MdQSVN,experimental,balloon,sad,lexical,distal,1,0,2520,6.9,6,f
exp2,MdQSVN,experimental,balloon,sad,cause,distal,1,0,2520,6.9,6,f
exp2,GE3RG4,experimental,balloon,sad,cause,distal,1,0,1290,3.53,3,m
exp2,GE3RG4,experimental,balloon,sad,lexical,distal,1,0,1290,3.53,3,m
exp2,GE3RG4,experimental,drum,angry,cause,proximal,0,1,1290,3.53,3,m
exp2,GE3RG4,experimental,drum,angry,lexical,distal,1,0,1290,3.53,3,m
exp2,NECAX3,experimental,drum,angry,cause,proximal,0,1,1320,3.61,3,f
exp2,NECAX3,experimental,drum,angry,lexical,proximal,0,1,1320,3.61,3,f
exp2,NECAX3,experimental,balloon,sad,cause,distal,1,0,1320,3.61,3,f
exp2,NECAX3,experimental,balloon,sad,lexical,distal,1,0,1320,3.61,3,f
exp2,6YL4KH,experimental,drum,angry,cause,proximal,0,1,1410,3.86,3,m
exp2,6YL4KH,experimental,drum,angry,lexical,distal,1,0,1410,3.86,3,m
exp2,6YL4KH,experimental,balloon,sad,cause,proximal,0,1,1410,3.86,3,m
exp2,6YL4KH,experimental,balloon,sad,lexical,distal,1,0,1410,3.86,3,m
exp2,3ZGRVB,experimental,drum,angry,cause,distal,1,0,1290,3.53,3,m
exp2,3ZGRVB,experimental,drum,angry,lexical,proximal,0,1,1290,3.53,3,m
exp2,3ZGRVB,experimental,balloon,sad,cause,distal,1,0,1290,3.53,3,m
exp2,3ZGRVB,experimental,balloon,sad,lexical,proximal,0,1,1290,3.53,3,m
exp2,XXXD5K,experimental,balloon,sad,cause,distal,1,0,3210,8.79,8,f
exp2,XXXD5K,experimental,balloon,sad,lexical,distal,1,0,3210,8.79,8,f
exp2,XXXD5K,experimental,drum,angry,cause,distal,1,0,3210,8.79,8,f
exp2,XXXD5K,experimental,drum,angry,lexical,distal,1,0,3210,8.79,8,f
exp2,WFQPWU,control,balloon,pop,cause,distal,1,0,2190,6.0,5,m
exp2,WFQPWU,control,balloon,pop,lexical,proximal,0,1,2190,6.0,5,m
exp2,WFQPWU,control,drum,break,cause,distal,1,0,2190,6.0,5,m
exp2,WFQPWU,control,drum,break,lexical,proximal,0,1,2190,6.0,5,m
exp2,HdLMRF,experimental,balloon,sad,lexical,distal,1,0,1170,3.2,3,m
exp2,HdLMRF,experimental,balloon,sad,cause,proximal,0,1,1170,3.2,3,m
exp2,HdLMRF,experimental,drum,angry,lexical,proximal,0,1,1170,3.2,3,m
exp2,HdLMRF,experimental,drum,angry,cause,proximal,0,1,1170,3.2,3,m
exp2,QAVXVH,experimental,balloon,sad,lexical,distal,1,0,3420,9.36,9,m
exp2,QAVXVH,experimental,balloon,sad,cause,distal,1,0,3420,9.36,9,m
exp2,QAVXVH,experimental,drum,angry,lexical,distal,1,0,3420,9.36,9,m
exp2,QAVXVH,experimental,drum,angry,cause,distal,1,0,3420,9.36,9,m
exp2,P7VSRQ,control,balloon,pop,lexical,proximal,0,1,2730,7.47,7,m
exp2,P7VSRQ,control,balloon,pop,cause,distal,1,0,2730,7.47,7,m
exp2,P7VSRQ,control,drum,break,lexical,proximal,0,1,2730,7.47,7,m
exp2,P7VSRQ,control,drum,break,cause,distal,1,0,2730,7.47,7,m
exp2,BTBS34,control,balloon,pop,lexical,distal,1,0,1890,5.17,5,f
exp2,BTBS34,control,balloon,pop,cause,distal,1,0,1890,5.17,5,f
exp2,BTBS34,control,drum,break,lexical,distal,1,0,1890,5.17,5,f
exp2,BTBS34,control,drum,break,cause,distal,1,0,1890,5.17,5,f
exp2,UJDcZB,control,drum,break,lexical,proximal,0,1,2370,6.49,6,f
exp2,UJDcZB,control,drum,break,cause,distal,1,0,2370,6.49,6,f
exp2,UJDcZB,control,balloon,pop,lexical,proximal,0,1,2370,6.49,6,f
exp2,UJDcZB,control,balloon,pop,cause,distal,1,0,2370,6.49,6,f
exp2,QYXFPT,control,balloon,pop,cause,distal,1,0,2400,6.57,6,m
exp2,QYXFPT,control,balloon,pop,lexical,distal,1,0,2400,6.57,6,m
exp2,QYXFPT,control,drum,break,cause,distal,1,0,2400,6.57,6,m
exp2,QYXFPT,control,drum,break,lexical,proximal,0,1,2400,6.57,6,m
exp2,AVcU4C,control,balloon,pop,cause,distal,1,0,1830,5.01,5,f
exp2,AVcU4C,control,balloon,pop,lexical,distal,1,0,1830,5.01,5,f
exp2,AVcU4C,control,drum,break,cause,distal,1,0,1830,5.01,5,f
exp2,AVcU4C,control,drum,break,lexical,distal,1,0,1830,5.01,5,f
exp2,QER6RR,experimental,balloon,sad,cause,distal,1,0,3030,8.3,8,f
exp2,QER6RR,experimental,balloon,sad,lexical,distal,1,0,3030,8.3,8,f
exp2,QER6RR,experimental,drum,angry,cause,distal,1,0,3030,8.3,8,f
exp2,QER6RR,experimental,drum,angry,lexical,distal,1,0,3030,8.3,8,f
exp2,GMB67C,control,balloon,pop,lexical,proximal,0,1,1380,3.78,3,f
exp2,GMB67C,control,balloon,pop,cause,proximal,0,1,1380,3.78,3,f
exp2,GMB67C,control,drum,break,lexical,proximal,0,1,1380,3.78,3,f
exp2,GMB67C,control,drum,break,cause,proximal,0,1,1380,3.78,3,f
exp2,2H5L5B,control,balloon,pop,lexical,proximal,0,1,3480,9.53,9,m
exp2,2H5L5B,control,balloon,pop,cause,distal,1,0,3480,9.53,9,m
exp2,2H5L5B,control,drum,break,lexical,proximal,0,1,3480,9.53,9,m
exp2,2H5L5B,control,drum,break,cause,distal,1,0,3480,9.53,9,m
exp2,SJESSC,experimental,balloon,sad,cause,distal,1,0,1530,4.19,4,m
exp2,SJESSC,experimental,balloon,sad,lexical,proximal,0,1,1530,4.19,4,m
exp2,SJESSC,experimental,drum,angry,cause,proximal,0,1,1530,4.19,4,m
exp2,SJESSC,experimental,drum,angry,lexical,distal,1,0,1530,4.19,4,m
exp2,66XVc2,experimental,drum,angry,lexical,distal,1,0,2700,7.39,7,m
exp2,66XVc2,experimental,drum,angry,cause,distal,1,0,2700,7.39,7,m
exp2,66XVc2,experimental,balloon,sad,lexical,distal,1,0,2700,7.39,7,m
exp2,66XVc2,experimental,balloon,sad,cause,distal,1,0,2700,7.39,7,m
exp2,c7XCTY,control,balloon,pop,lexical,proximal,0,1,3000,8.21,8,f
exp2,c7XCTY,control,balloon,pop,cause,distal,1,0,3000,8.21,8,f
exp2,c7XCTY,control,drum,break,lexical,proximal,0,1,3000,8.21,8,f
exp2,c7XCTY,control,drum,break,cause,distal,1,0,3000,8.21,8,f
exp2,5DLcKC,control,balloon,pop,lexical,proximal,0,1,1620,4.44,4,f
exp2,5DLcKC,control,balloon,pop,cause,distal,1,0,1620,4.44,4,f
exp2,5DLcKC,control,drum,break,lexical,proximal,0,1,1620,4.44,4,f
exp2,5DLcKC,control,drum,break,cause,distal,1,0,1620,4.44,4,f
exp2,C3QYSX,control,drum,break,cause,proximal,0,1,1890,5.17,5,f
exp2,C3QYSX,control,drum,break,lexical,distal,1,0,1890,5.17,5,f
exp2,C3QYSX,control,balloon,pop,cause,proximal,0,1,1890,5.17,5,f
exp2,C3QYSX,control,balloon,pop,lexical,distal,1,0,1890,5.17,5,f
exp2,3QSJBZ,experimental,drum,angry,lexical,proximal,0,1,3180,8.71,8,f
exp2,3QSJBZ,experimental,drum,angry,cause,distal,1,0,3180,8.71,8,f
exp2,3QSJBZ,experimental,balloon,sad,lexical,proximal,0,1,3180,8.71,8,f
exp2,3QSJBZ,experimental,balloon,sad,cause,distal,1,0,3180,8.71,8,f
exp2,BWMd6Q,experimental,drum,angry,cause,distal,1,0,2490,6.82,6,m
exp2,BWMd6Q,experimental,drum,angry,lexical,distal,1,0,2490,6.82,6,m
exp2,BWMd6Q,experimental,balloon,sad,cause,proximal,0,1,2490,6.82,6,m
exp2,BWMd6Q,experimental,balloon,sad,lexical,distal,1,0,2490,6.82,6,m
exp2,DYZGC7,experimental,balloon,sad,lexical,proximal,0,1,3120,8.54,8,f
exp2,DYZGC7,experimental,balloon,sad,cause,distal,1,0,3120,8.54,8,f
exp2,DYZGC7,experimental,drum,angry,lexical,proximal,0,1,3120,8.54,8,f
exp2,DYZGC7,experimental,drum,angry,cause,distal,1,0,3120,8.54,8,f
exp2,6A2ZNH,control,drum,break,lexical,proximal,0,1,2220,6.08,6,m
exp2,6A2ZNH,control,drum,break,cause,distal,1,0,2220,6.08,6,m
exp2,6A2ZNH,control,balloon,pop,lexical,proximal,0,1,2220,6.08,6,m
exp2,6A2ZNH,control,balloon,pop,cause,distal,1,0,2220,6.08,6,m
exp2,5BcCTP,control,drum,break,lexical,distal,1,0,2850,7.8,7,m
exp2,5BcCTP,control,drum,break,cause,distal,1,0,2850,7.8,7,m
exp2,5BcCTP,control,balloon,pop,lexical,proximal,0,1,2850,7.8,7,m
exp2,5BcCTP,control,balloon,pop,cause,distal,1,0,2850,7.8,7,m
exp2,LDGSG4,experimental,balloon,sad,cause,distal,1,0,3450,9.45,9,m
exp2,LDGSG4,experimental,balloon,sad,lexical,proximal,0,1,3450,9.45,9,m
exp2,LDGSG4,experimental,drum,angry,cause,distal,1,0,3450,9.45,9,m
exp2,LDGSG4,experimental,drum,angry,lexical,proximal,0,1,3450,9.45,9,m
exp2,QBYB2Z,control,balloon,pop,lexical,proximal,0,1,1320,3.61,3,m
exp2,QBYB2Z,control,balloon,pop,cause,proximal,0,1,1320,3.61,3,m
exp2,QBYB2Z,control,drum,break,lexical,proximal,0,1,1320,3.61,3,m
exp2,QBYB2Z,control,drum,break,cause,proximal,0,1,1320,3.61,3,m
exp2,75JVR5,control,drum,break,lexical,proximal,0,1,1770,4.85,4,m
exp2,75JVR5,control,drum,break,cause,distal,1,0,1770,4.85,4,m
exp2,75JVR5,control,balloon,pop,lexical,proximal,0,1,1770,4.85,4,m
exp2,75JVR5,control,balloon,pop,cause,distal,1,0,1770,4.85,4,m
exp2,EcUV4c,experimental,drum,angry,lexical,distal,1,0,3600,9.86,9,m
exp2,EcUV4c,experimental,drum,angry,cause,distal,1,0,3600,9.86,9,m
exp2,EcUV4c,experimental,balloon,sad,lexical,proximal,0,1,3600,9.86,9,m
exp2,EcUV4c,experimental,balloon,sad,cause,distal,1,0,3600,9.86,9,m
exp2,6QAWCB,control,drum,break,lexical,proximal,0,1,2850,7.8,7,m
exp2,6QAWCB,control,drum,break,cause,distal,1,0,2850,7.8,7,m
exp2,6QAWCB,control,balloon,pop,lexical,proximal,0,1,2850,7.8,7,m
exp2,6QAWCB,control,balloon,pop,cause,distal,1,0,2850,7.8,7,m
exp2,MPDDK4,control,drum,break,lexical,proximal,0,1,1470,4.02,4,f
exp2,MPDDK4,control,drum,break,cause,distal,1,0,1470,4.02,4,f
exp2,MPDDK4,control,balloon,pop,lexical,proximal,0,1,1470,4.02,4,f
exp2,MPDDK4,control,balloon,pop,cause,distal,1,0,1470,4.02,4,f
exp2,BPJJ75,control,drum,break,lexical,proximal,0,1,2970,8.13,8,m
exp2,BPJJ75,control,drum,break,cause,distal,1,0,2970,8.13,8,m
exp2,BPJJ75,control,balloon,pop,lexical,proximal,0,1,2970,8.13,8,m
exp2,BPJJ75,control,balloon,pop,cause,distal,1,0,2970,8.13,8,m
exp2,VFA5Ud,control,balloon,pop,cause,proximal,0,1,1860,5.09,5,m
exp2,VFA5Ud,control,balloon,pop,lexical,proximal,0,1,1860,5.09,5,m
exp2,VFA5Ud,control,drum,break,cause,distal,1,0,1860,5.09,5,m
exp2,VFA5Ud,control,drum,break,lexical,proximal,0,1,1860,5.09,5,m
exp2,4BCCPF,experimental,drum,angry,cause,proximal,0,1,1560,4.27,4,f
exp2,4BCCPF,experimental,drum,angry,lexical,proximal,0,1,1560,4.27,4,f
exp2,4BCCPF,experimental,balloon,sad,cause,proximal,0,1,1560,4.27,4,f
exp2,4BCCPF,experimental,balloon,sad,lexical,distal,1,0,1560,4.27,4,f
exp2,S2DCND,control,balloon,pop,lexical,proximal,0,1,2580,7.06,7,m
exp2,S2DCND,control,balloon,pop,cause,distal,1,0,2580,7.06,7,m
exp2,S2DCND,control,drum,break,lexical,proximal,0,1,2580,7.06,7,m
exp2,S2DCND,control,drum,break,cause,distal,1,0,2580,7.06,7,m
exp2,cPPF6A,experimental,drum,angry,cause,proximal,0,1,2100,5.75,5,f
exp2,cPPF6A,experimental,drum,angry,lexical,distal,1,0,2100,5.75,5,f
exp2,cPPF6A,experimental,balloon,sad,cause,proximal,0,1,2100,5.75,5,f
exp2,cPPF6A,experimental,balloon,sad,lexical,distal,1,0,2100,5.75,5,f
exp2,DYWSD3,experimental,balloon,sad,cause,distal,1,0,1380,3.78,3,m
exp2,DYWSD3,experimental,balloon,sad,lexical,distal,1,0,1380,3.78,3,m
exp2,DYWSD3,experimental,drum,angry,cause,distal,1,0,1380,3.78,3,m
exp2,DYWSD3,experimental,drum,angry,lexical,distal,1,0,1380,3.78,3,m
exp2,YRYGF6,experimental,drum,angry,lexical,proximal,0,1,1200,3.29,3,m
exp2,YRYGF6,experimental,drum,angry,cause,distal,1,0,1200,3.29,3,m
exp2,YRYGF6,experimental,balloon,sad,lexical,distal,1,0,1200,3.29,3,m
exp2,YRYGF6,experimental,balloon,sad,cause,proximal,0,1,1200,3.29,3,m
exp2,3QEZ7c,experimental,balloon,sad,lexical,proximal,0,1,1800,4.93,4,m
exp2,3QEZ7c,experimental,balloon,sad,cause,proximal,0,1,1800,4.93,4,m
exp2,3QEZ7c,experimental,drum,angry,lexical,proximal,0,1,1800,4.93,4,m
exp2,3QEZ7c,experimental,drum,angry,cause,proximal,0,1,1800,4.93,4,m
exp2,EJBAFD,experimental,balloon,sad,lexical,proximal,0,1,2820,7.72,7,m
exp2,EJBAFD,experimental,balloon,sad,cause,distal,1,0,2820,7.72,7,m
exp2,EJBAFD,experimental,drum,angry,lexical,proximal,0,1,2820,7.72,7,m
exp2,EJBAFD,experimental,drum,angry,cause,distal,1,0,2820,7.72,7,m
exp2,PHHdGY,experimental,balloon,sad,lexical,proximal,0,1,3450,9.45,9,f
exp2,PHHdGY,experimental,balloon,sad,cause,proximal,0,1,3450,9.45,9,f
exp2,PHHdGY,experimental,drum,angry,lexical,distal,1,0,3450,9.45,9,f
exp2,PHHdGY,experimental,drum,angry,cause,distal,1,0,3450,9.45,9,f
exp2,XDH4NA,experimental,balloon,sad,cause,distal,1,0,2820,7.72,7,m
exp2,XDH4NA,experimental,balloon,sad,lexical,proximal,0,1,2820,7.72,7,m
exp2,XDH4NA,experimental,drum,angry,cause,distal,1,0,2820,7.72,7,m
exp2,XDH4NA,experimental,drum,angry,lexical,proximal,0,1,2820,7.72,7,m
exp2,77Q6F6,experimental,balloon,sad,cause,distal,1,0,1440,3.94,3,f
exp2,77Q6F6,experimental,balloon,sad,lexical,proximal,0,1,1440,3.94,3,f
exp2,77Q6F6,experimental,drum,angry,cause,distal,1,0,1440,3.94,3,f
exp2,77Q6F6,experimental,drum,angry,lexical,distal,1,0,1440,3.94,3,f
exp2,EZJVBV,control,drum,break,lexical,proximal,0,1,3360,9.2,9,m
exp2,EZJVBV,control,drum,break,cause,distal,1,0,3360,9.2,9,m
exp2,EZJVBV,control,balloon,pop,lexical,proximal,0,1,3360,9.2,9,m
exp2,EZJVBV,control,balloon,pop,cause,distal,1,0,3360,9.2,9,m
exp2,4VdA47,control,drum,break,lexical,proximal,0,1,3510,9.61,9,m
exp2,4VdA47,control,drum,break,cause,distal,1,0,3510,9.61,9,m
exp2,4VdA47,control,balloon,pop,lexical,proximal,0,1,3510,9.61,9,m
exp2,4VdA47,control,balloon,pop,cause,distal,1,0,3510,9.61,9,m
exp2,4WJLQF,experimental,drum,angry,cause,distal,1,0,1770,4.85,4,f
exp2,4WJLQF,experimental,drum,angry,lexical,proximal,0,1,1770,4.85,4,f
exp2,4WJLQF,experimental,balloon,sad,cause,distal,1,0,1770,4.85,4,f
exp2,4WJLQF,experimental,balloon,sad,lexical,proximal,0,1,1770,4.85,4,f
exp2,dZBS5E,experimental,balloon,sad,cause,distal,1,0,2430,6.65,6,m
exp2,dZBS5E,experimental,balloon,sad,lexical,proximal,0,1,2430,6.65,6,m
exp2,dZBS5E,experimental,drum,angry,cause,proximal,0,1,2430,6.65,6,m
exp2,dZBS5E,experimental,drum,angry,lexical,distal,1,0,2430,6.65,6,m
exp2,YZ4d6B,experimental,drum,angry,cause,distal,1,0,3540,9.69,9,m
exp2,YZ4d6B,experimental,drum,angry,lexical,proximal,0,1,3540,9.69,9,m
exp2,YZ4d6B,experimental,balloon,sad,cause,distal,1,0,3540,9.69,9,m
exp2,YZ4d6B,experimental,balloon,sad,lexical,proximal,0,1,3540,9.69,9,m
exp2,MG4Y5Z,experimental,drum,angry,cause,distal,1,0,1740,4.76,4,f
exp2,MG4Y5Z,experimental,drum,angry,lexical,distal,1,0,1740,4.76,4,f
exp2,MG4Y5Z,experimental,balloon,sad,cause,distal,1,0,1740,4.76,4,f
exp2,MG4Y5Z,experimental,balloon,sad,lexical,proximal,0,1,1740,4.76,4,f
exp2,AEcK6U,control,drum,break,lexical,distal,1,0,1590,4.35,4,f
exp2,AEcK6U,control,drum,break,cause,proximal,0,1,1590,4.35,4,f
exp2,AEcK6U,control,balloon,pop,lexical,proximal,0,1,1590,4.35,4,f
exp2,AEcK6U,control,balloon,pop,cause,distal,1,0,1590,4.35,4,f
exp2,23YLFM,control,drum,break,lexical,proximal,0,1,1500,4.11,4,m
exp2,23YLFM,control,drum,break,cause,distal,1,0,1500,4.11,4,m
exp2,23YLFM,control,balloon,pop,lexical,proximal,0,1,1500,4.11,4,m
exp2,23YLFM,control,balloon,pop,cause,distal,1,0,1500,4.11,4,m
exp2,WYSCcR,experimental,balloon,sad,cause,proximal,0,1,1290,3.53,3,m
exp2,WYSCcR,experimental,balloon,sad,lexical,proximal,0,1,1290,3.53,3,m
exp2,WYSCcR,experimental,drum,angry,cause,distal,1,0,1290,3.53,3,m
exp2,WYSCcR,experimental,drum,angry,lexical,proximal,0,1,1290,3.53,3,m
exp2,Hd3KRU,experimental,balloon,sad,lexical,distal,1,0,1290,3.53,3,m
exp2,Hd3KRU,experimental,balloon,sad,cause,proximal,0,1,1290,3.53,3,m
exp2,Hd3KRU,experimental,drum,angry,lexical,distal,1,0,1290,3.53,3,m
exp2,Hd3KRU,experimental,drum,angry,cause,proximal,0,1,1290,3.53,3,m
exp2,5BUF5F,experimental,balloon,sad,cause,distal,1,0,2760,7.56,7,m
exp2,5BUF5F,experimental,balloon,sad,lexical,proximal,0,1,2760,7.56,7,m
exp2,5BUF5F,experimental,drum,angry,cause,distal,1,0,2760,7.56,7,m
exp2,5BUF5F,experimental,drum,angry,lexical,proximal,0,1,2760,7.56,7,m
exp2,PC3V3M,control,drum,break,lexical,distal,1,0,1710,4.68,4,m
exp2,PC3V3M,control,drum,break,cause,proximal,0,1,1710,4.68,4,m
exp2,PC3V3M,control,balloon,pop,lexical,proximal,0,1,1710,4.68,4,m
exp2,PC3V3M,control,balloon,pop,cause,distal,1,0,1710,4.68,4,m
exp2,UEQXRX,control,drum,break,cause,distal,1,0,1620,4.44,4,m
exp2,UEQXRX,control,drum,break,lexical,proximal,0,1,1620,4.44,4,m
exp2,UEQXRX,control,balloon,pop,cause,proximal,0,1,1620,4.44,4,m
exp2,UEQXRX,control,balloon,pop,lexical,proximal,0,1,1620,4.44,4,m
exp2,VB75LF,control,drum,break,cause,distal,1,0,1410,3.86,3,f
exp2,VB75LF,control,drum,break,lexical,proximal,0,1,1410,3.86,3,f
exp2,VB75LF,control,balloon,pop,cause,distal,1,0,1410,3.86,3,f
exp2,VB75LF,control,balloon,pop,lexical,proximal,0,1,1410,3.86,3,f
exp2,CFW5DC,control,balloon,pop,cause,distal,1,0,3270,8.95,8,f
exp2,CFW5DC,control,balloon,pop,lexical,proximal,0,1,3270,8.95,8,f
exp2,CFW5DC,control,drum,break,cause,distal,1,0,3270,8.95,8,f
exp2,CFW5DC,control,drum,break,lexical,proximal,0,1,3270,8.95,8,f
exp2,ACFA34,experimental,balloon,sad,cause,proximal,0,1,3480,9.53,9,f
exp2,ACFA34,experimental,balloon,sad,lexical,distal,1,0,3480,9.53,9,f
exp2,ACFA34,experimental,drum,angry,cause,distal,1,0,3480,9.53,9,f
exp2,ACFA34,experimental,drum,angry,lexical,proximal,0,1,3480,9.53,9,f
exp2,2VBWQD,experimental,balloon,sad,lexical,distal,1,0,3090,8.46,8,f
exp2,2VBWQD,experimental,balloon,sad,cause,proximal,0,1,3090,8.46,8,f
exp2,2VBWQD,experimental,drum,angry,lexical,proximal,0,1,3090,8.46,8,f
exp2,2VBWQD,experimental,drum,angry,cause,distal,1,0,3090,8.46,8,f
exp2,BNLRFc,experimental,balloon,sad,lexical,distal,1,0,2040,5.59,5,m
exp2,BNLRFc,experimental,balloon,sad,cause,distal,1,0,2040,5.59,5,m
exp2,BNLRFc,experimental,drum,angry,lexical,distal,1,0,2040,5.59,5,m
exp2,BNLRFc,experimental,drum,angry,cause,distal,1,0,2040,5.59,5,m
exp2,dU4XFM,experimental,balloon,sad,cause,proximal,0,1,1380,3.78,3,f
exp2,dU4XFM,experimental,balloon,sad,lexical,distal,1,0,1380,3.78,3,f
exp2,dU4XFM,experimental,drum,angry,cause,distal,1,0,1380,3.78,3,f
exp2,dU4XFM,experimental,drum,angry,lexical,proximal,0,1,1380,3.78,3,f
exp2,MHNDR4,experimental,drum,angry,lexical,distal,1,0,1650,4.52,4,f
exp2,MHNDR4,experimental,drum,angry,cause,distal,1,0,1650,4.52,4,f
exp2,MHNDR4,experimental,balloon,sad,lexical,proximal,0,1,1650,4.52,4,f
exp2,MHNDR4,experimental,balloon,sad,cause,proximal,0,1,1650,4.52,4,f
exp2,7FCKTD,control,drum,break,cause,proximal,0,1,2400,6.57,6,m
exp2,7FCKTD,control,drum,break,lexical,proximal,0,1,2400,6.57,6,m
exp2,7FCKTD,control,balloon,pop,cause,distal,1,0,2400,6.57,6,m
exp2,7FCKTD,control,balloon,pop,lexical,proximal,0,1,2400,6.57,6,m
exp2,WEW4Xc,experimental,drum,angry,lexical,proximal,0,1,1530,4.19,4,f
exp2,WEW4Xc,experimental,drum,angry,cause,proximal,0,1,1530,4.19,4,f
exp2,WEW4Xc,experimental,balloon,sad,lexical,distal,1,0,1530,4.19,4,f
exp2,WEW4Xc,experimental,balloon,sad,cause,proximal,0,1,1530,4.19,4,f
exp2,3cVXRR,control,balloon,pop,lexical,distal,1,0,1140,3.12,3,m
exp2,3cVXRR,control,balloon,pop,cause,proximal,0,1,1140,3.12,3,m
exp2,3cVXRR,control,drum,break,lexical,distal,1,0,1140,3.12,3,m
exp2,3cVXRR,control,drum,break,cause,proximal,0,1,1140,3.12,3,m
exp2,YXLVWU,control,balloon,pop,cause,proximal,0,1,3150,8.62,8,m
exp2,YXLVWU,control,balloon,pop,lexical,proximal,0,1,3150,8.62,8,m
exp2,YXLVWU,control,drum,break,cause,distal,1,0,3150,8.62,8,m
exp2,YXLVWU,control,drum,break,lexical,proximal,0,1,3150,8.62,8,m
exp2,Z5QVMA,control,balloon,pop,lexical,distal,1,0,1380,3.78,3,f
exp2,Z5QVMA,control,balloon,pop,cause,distal,1,0,1380,3.78,3,f
exp2,Z5QVMA,control,drum,break,lexical,proximal,0,1,1380,3.78,3,f
exp2,Z5QVMA,control,drum,break,cause,proximal,0,1,1380,3.78,3,f
exp2,4BMG44,control,balloon,pop,cause,distal,1,0,1110,3.04,3,m
exp2,4BMG44,control,balloon,pop,lexical,proximal,0,1,1110,3.04,3,m
exp2,4BMG44,control,drum,break,cause,distal,1,0,1110,3.04,3,m
exp2,4BMG44,control,drum,break,lexical,proximal,0,1,1110,3.04,3,m
exp2,E2RLWJ,experimental,drum,angry,cause,distal,1,0,1500,4.11,4,m
exp2,E2RLWJ,experimental,drum,angry,lexical,proximal,0,1,1500,4.11,4,m
exp2,E2RLWJ,experimental,balloon,sad,cause,distal,1,0,1500,4.11,4,m
exp2,E2RLWJ,experimental,balloon,sad,lexical,proximal,0,1,1500,4.11,4,m
exp2,CcE6XV,control,drum,break,lexical,proximal,0,1,3330,9.12,9,m
exp2,CcE6XV,control,drum,break,cause,distal,1,0,3330,9.12,9,m
exp2,CcE6XV,control,balloon,pop,lexical,proximal,0,1,3330,9.12,9,m
exp2,CcE6XV,control,balloon,pop,cause,distal,1,0,3330,9.12,9,m
exp2,UcVNNP,control,drum,break,lexical,distal,1,0,2430,6.65,6,f
exp2,UcVNNP,control,drum,break,cause,distal,1,0,2430,6.65,6,f
exp2,UcVNNP,control,balloon,pop,lexical,proximal,0,1,2430,6.65,6,f
exp2,UcVNNP,control,balloon,pop,cause,distal,1,0,2430,6.65,6,f
exp2,5EDGFX,control,balloon,pop,cause,distal,1,0,2040,5.59,5,m
exp2,5EDGFX,control,balloon,pop,lexical,distal,1,0,2040,5.59,5,m
exp2,5EDGFX,control,drum,break,cause,distal,1,0,2040,5.59,5,m
exp2,5EDGFX,control,drum,break,lexical,distal,1,0,2040,5.59,5,m
exp2,DQ7Kd2,control,drum,break,cause,distal,1,0,3330,9.12,9,f
exp2,DQ7Kd2,control,drum,break,lexical,proximal,0,1,3330,9.12,9,f
exp2,DQ7Kd2,control,balloon,pop,cause,distal,1,0,3330,9.12,9,f
exp2,DQ7Kd2,control,balloon,pop,lexical,proximal,0,1,3330,9.12,9,f
exp2,MDF7dE,control,drum,break,cause,proximal,0,1,3330,9.12,9,f
exp2,MDF7dE,control,drum,break,lexical,proximal,0,1,3330,9.12,9,f
exp2,MDF7dE,control,balloon,pop,cause,distal,1,0,3330,9.12,9,f
exp2,MDF7dE,control,balloon,pop,lexical,proximal,0,1,3330,9.12,9,f
exp2,HdT2T2,experimental,drum,angry,lexical,proximal,0,1,1590,4.35,4,m
exp2,HdT2T2,experimental,drum,angry,cause,distal,1,0,1590,4.35,4,m
exp2,HdT2T2,experimental,balloon,sad,lexical,distal,1,0,1590,4.35,4,m
exp2,HdT2T2,experimental,balloon,sad,cause,proximal,0,1,1590,4.35,4,m
exp2,CGGHDB,control,balloon,pop,cause,distal,1,0,2880,7.89,7,m
exp2,CGGHDB,control,balloon,pop,lexical,proximal,0,1,2880,7.89,7,m
exp2,CGGHDB,control,drum,break,cause,distal,1,0,2880,7.89,7,m
exp2,CGGHDB,control,drum,break,lexical,proximal,0,1,2880,7.89,7,m
exp2,EPDWTT,control,balloon,pop,cause,proximal,0,1,1530,4.19,4,m
exp2,EPDWTT,control,balloon,pop,lexical,proximal,0,1,1530,4.19,4,m
exp2,EPDWTT,control,drum,break,cause,proximal,0,1,1530,4.19,4,m
exp2,EPDWTT,control,drum,break,lexical,proximal,0,1,1530,4.19,4,m
exp2,QFV4RT,control,balloon,pop,lexical,distal,1,0,3540,9.69,9,m
exp2,QFV4RT,control,balloon,pop,cause,distal,1,0,3540,9.69,9,m
exp2,QFV4RT,control,drum,break,lexical,proximal,0,1,3540,9.69,9,m
exp2,QFV4RT,control,drum,break,cause,distal,1,0,3540,9.69,9,m
exp2,24MPdG,experimental,balloon,sad,lexical,distal,1,0,2760,7.56,7,m
exp2,24MPdG,experimental,balloon,sad,cause,distal,1,0,2760,7.56,7,m
exp2,24MPdG,experimental,drum,angry,lexical,distal,1,0,2760,7.56,7,m
exp2,24MPdG,experimental,drum,angry,cause,distal,1,0,2760,7.56,7,m
exp2,372TAL,experimental,drum,angry,lexical,distal,1,0,1500,4.11,4,f
exp2,372TAL,experimental,drum,angry,cause,proximal,0,1,1500,4.11,4,f
exp2,372TAL,experimental,balloon,sad,lexical,proximal,0,1,1500,4.11,4,f
exp2,372TAL,experimental,balloon,sad,cause,distal,1,0,1500,4.11,4,f
exp2,QTXLEG,experimental,drum,angry,cause,distal,1,0,3570,9.77,9,f
exp2,QTXLEG,experimental,drum,angry,lexical,distal,1,0,3570,9.77,9,f
exp2,QTXLEG,experimental,balloon,sad,cause,proximal,0,1,3570,9.77,9,f
exp2,QTXLEG,experimental,balloon,sad,lexical,distal,1,0,3570,9.77,9,f
exp2,ET55d3,control,balloon,pop,cause,proximal,0,1,3240,8.87,8,m
exp2,ET55d3,control,balloon,pop,lexical,distal,1,0,3240,8.87,8,m
exp2,ET55d3,control,drum,break,cause,distal,1,0,3240,8.87,8,m
exp2,ET55d3,control,drum,break,lexical,proximal,0,1,3240,8.87,8,m
exp2,cd66HD,experimental,drum,angry,cause,proximal,0,1,1650,4.52,4,f
exp2,cd66HD,experimental,drum,angry,lexical,proximal,0,1,1650,4.52,4,f
exp2,cd66HD,experimental,balloon,sad,cause,proximal,0,1,1650,4.52,4,f
exp2,cd66HD,experimental,balloon,sad,lexical,distal,1,0,1650,4.52,4,f
exp2,MK67UA,control,drum,break,lexical,proximal,0,1,1320,3.61,3,m
exp2,MK67UA,control,drum,break,cause,distal,1,0,1320,3.61,3,m
exp2,MK67UA,control,balloon,pop,lexical,proximal,0,1,1320,3.61,3,m
exp2,MK67UA,control,balloon,pop,cause,distal,1,0,1320,3.61,3,m
exp2,PdXGVV,control,balloon,pop,lexical,proximal,0,1,2460,6.74,6,f
exp2,PdXGVV,control,balloon,pop,cause,distal,1,0,2460,6.74,6,f
exp2,PdXGVV,control,drum,break,lexical,proximal,0,1,2460,6.74,6,f
exp2,PdXGVV,control,drum,break,cause,distal,1,0,2460,6.74,6,f
exp2,B4V7DZ,experimental,drum,angry,lexical,distal,1,0,2100,5.75,5,m
exp2,B4V7DZ,experimental,drum,angry,cause,distal,1,0,2100,5.75,5,m
exp2,B4V7DZ,experimental,balloon,sad,lexical,distal,1,0,2100,5.75,5,m
exp2,B4V7DZ,experimental,balloon,sad,cause,distal,1,0,2100,5.75,5,m
exp2,XFBR2K,experimental,drum,angry,cause,proximal,0,1,2880,7.89,7,m
exp2,XFBR2K,experimental,drum,angry,lexical,distal,1,0,2880,7.89,7,m
exp2,XFBR2K,experimental,balloon,sad,cause,proximal,0,1,2880,7.89,7,m
exp2,XFBR2K,experimental,balloon,sad,lexical,distal,1,0,2880,7.89,7,m
exp2,KX63VS,experimental,drum,angry,lexical,distal,1,0,3240,8.87,8,m
exp2,KX63VS,experimental,drum,angry,cause,distal,1,0,3240,8.87,8,m
exp2,KX63VS,experimental,balloon,sad,lexical,distal,1,0,3240,8.87,8,m
exp2,KX63VS,experimental,balloon,sad,cause,distal,1,0,3240,8.87,8,m
exp2,SF3FH3,control,drum,break,lexical,proximal,0,1,2160,5.91,5,m
exp2,SF3FH3,control,drum,break,cause,distal,1,0,2160,5.91,5,m
exp2,SF3FH3,control,balloon,pop,lexical,distal,1,0,2160,5.91,5,m
exp2,SF3FH3,control,balloon,pop,cause,distal,1,0,2160,5.91,5,m
exp2,2VXUPV,control,balloon,pop,lexical,proximal,0,1,1650,4.52,4,f
exp2,2VXUPV,control,balloon,pop,cause,distal,1,0,1650,4.52,4,f
exp2,2VXUPV,control,drum,break,lexical,proximal,0,1,1650,4.52,4,f
exp2,2VXUPV,control,drum,break,cause,distal,1,0,1650,4.52,4,f
exp2,BHMWKD,control,balloon,pop,cause,distal,1,0,2610,7.15,7,f
exp2,BHMWKD,control,balloon,pop,lexical,proximal,0,1,2610,7.15,7,f
exp2,BHMWKD,control,drum,break,cause,distal,1,0,2610,7.15,7,f
exp2,BHMWKD,control,drum,break,lexical,proximal,0,1,2610,7.15,7,f
exp2,7A3RSJ,control,drum,break,cause,distal,1,0,3210,8.79,8,f
exp2,7A3RSJ,control,drum,break,lexical,proximal,0,1,3210,8.79,8,f
exp2,7A3RSJ,control,balloon,pop,cause,distal,1,0,3210,8.79,8,f
exp2,7A3RSJ,control,balloon,pop,lexical,proximal,0,1,3210,8.79,8,f
exp2,7XWWF2,experimental,balloon,sad,cause,distal,1,0,2700,7.39,7,m
exp2,7XWWF2,experimental,balloon,sad,lexical,proximal,0,1,2700,7.39,7,m
exp2,7XWWF2,experimental,drum,angry,cause,distal,1,0,2700,7.39,7,m
exp2,7XWWF2,experimental,drum,angry,lexical,proximal,0,1,2700,7.39,7,m
exp2,SUGDMS,experimental,balloon,sad,lexical,proximal,0,1,1980,5.42,5,f
exp2,SUGDMS,experimental,balloon,sad,cause,distal,1,0,1980,5.42,5,f
exp2,SUGDMS,experimental,drum,angry,lexical,distal,1,0,1980,5.42,5,f
exp2,SUGDMS,experimental,drum,angry,cause,distal,1,0,1980,5.42,5,f
exp2,YCXUK4,control,drum,break,cause,distal,1,0,1980,5.42,5,m
exp2,YCXUK4,control,drum,break,lexical,proximal,0,1,1980,5.42,5,m
exp2,YCXUK4,control,balloon,pop,cause,distal,1,0,1980,5.42,5,m
exp2,YCXUK4,control,balloon,pop,lexical,proximal,0,1,1980,5.42,5,m
exp2,PECSC4,experimental,drum,angry,lexical,distal,1,0,2100,5.75,5,f
exp2,PECSC4,experimental,drum,angry,cause,distal,1,0,2100,5.75,5,f
exp2,PECSC4,experimental,balloon,sad,lexical,proximal,0,1,2100,5.75,5,f
exp2,PECSC4,experimental,balloon,sad,cause,distal,1,0,2100,5.75,5,f
exp2,NRQBZA,control,balloon,pop,lexical,distal,1,0,1410,3.86,3,f
exp2,NRQBZA,control,balloon,pop,cause,proximal,0,1,1410,3.86,3,f
exp2,NRQBZA,control,drum,break,lexical,distal,1,0,1410,3.86,3,f
exp2,NRQBZA,control,drum,break,cause,proximal,0,1,1410,3.86,3,f
exp2,RHWYPQ,experimental,balloon,sad,cause,proximal,0,1,2760,7.56,7,f
exp2,RHWYPQ,experimental,balloon,sad,lexical,proximal,0,1,2760,7.56,7,f
exp2,RHWYPQ,experimental,drum,angry,cause,distal,1,0,2760,7.56,7,f
exp2,RHWYPQ,experimental,drum,angry,lexical,proximal,0,1,2760,7.56,7,f
exp2,NDJScE,control,drum,break,cause,distal,1,0,2040,5.59,5,f
exp2,NDJScE,control,drum,break,lexical,proximal,0,1,2040,5.59,5,f
exp2,NDJScE,control,balloon,pop,cause,distal,1,0,2040,5.59,5,f
exp2,NDJScE,control,balloon,pop,lexical,proximal,0,1,2040,5.59,5,f
exp2,NY7TcG,control,drum,break,lexical,proximal,0,1,3390,9.28,9,f
exp2,NY7TcG,control,drum,break,cause,distal,1,0,3390,9.28,9,f
exp2,NY7TcG,control,balloon,pop,lexical,proximal,0,1,3390,9.28,9,f
exp2,NY7TcG,control,balloon,pop,cause,distal,1,0,3390,9.28,9,f
exp2,UVcAZC,experimental,balloon,sad,cause,distal,1,0,2520,6.9,6,f
exp2,UVcAZC,experimental,balloon,sad,lexical,proximal,0,1,2520,6.9,6,f
exp2,UVcAZC,experimental,drum,angry,cause,distal,1,0,2520,6.9,6,f
exp2,UVcAZC,experimental,drum,angry,lexical,proximal,0,1,2520,6.9,6,f
exp2,LdVYFK,control,drum,break,cause,distal,1,0,1140,3.12,3,f
exp2,LdVYFK,control,drum,break,lexical,distal,1,0,1140,3.12,3,f
exp2,LdVYFK,control,balloon,pop,cause,distal,1,0,1140,3.12,3,f
exp2,LdVYFK,control,balloon,pop,lexical,proximal,0,1,1140,3.12,3,f
exp2,MELRGG,control,balloon,pop,cause,distal,1,0,1350,3.7,3,m
exp2,MELRGG,control,balloon,pop,lexical,distal,1,0,1350,3.7,3,m
exp2,MELRGG,control,drum,break,cause,distal,1,0,1350,3.7,3,m
exp2,MELRGG,control,drum,break,lexical,distal,1,0,1350,3.7,3,m
exp2,YcJ2AK,experimental,balloon,sad,lexical,distal,1,0,2010,5.5,5,f
exp2,YcJ2AK,experimental,balloon,sad,cause,distal,1,0,2010,5.5,5,f
exp2,YcJ2AK,experimental,drum,angry,lexical,distal,1,0,2010,5.5,5,f
exp2,YcJ2AK,experimental,drum,angry,cause,proximal,0,1,2010,5.5,5,f
exp2,KMGdKV,experimental,balloon,sad,cause,distal,1,0,1620,4.44,4,m
exp2,KMGdKV,experimental,balloon,sad,lexical,proximal,0,1,1620,4.44,4,m
exp2,KMGdKV,experimental,drum,angry,cause,distal,1,0,1620,4.44,4,m
exp2,KMGdKV,experimental,drum,angry,lexical,proximal,0,1,1620,4.44,4,m
exp2,SVd7HG,experimental,drum,angry,lexical,distal,1,0,2370,6.49,6,f
exp2,SVd7HG,experimental,drum,angry,cause,distal,1,0,2370,6.49,6,f
exp2,SVd7HG,experimental,balloon,sad,lexical,proximal,0,1,2370,6.49,6,f
exp2,SVd7HG,experimental,balloon,sad,cause,distal,1,0,2370,6.49,6,f
exp2,AVRDTW,experimental,balloon,sad,lexical,distal,1,0,1710,4.68,4,m
exp2,AVRDTW,experimental,balloon,sad,cause,distal,1,0,1710,4.68,4,m
exp2,AVRDTW,experimental,drum,angry,lexical,distal,1,0,1710,4.68,4,m
exp2,AVRDTW,experimental,drum,angry,cause,proximal,0,1,1710,4.68,4,m
exp2,MKCRT7,experimental,balloon,sad,lexical,proximal,0,1,3180,8.71,8,m
exp2,MKCRT7,experimental,balloon,sad,cause,distal,1,0,3180,8.71,8,m
exp2,MKCRT7,experimental,drum,angry,lexical,distal,1,0,3180,8.71,8,m
exp2,MKCRT7,experimental,drum,angry,cause,proximal,0,1,3180,8.71,8,m
exp2,Ad4D7B,experimental,drum,angry,cause,distal,1,0,2700,7.39,7,f
exp2,Ad4D7B,experimental,drum,angry,lexical,proximal,0,1,2700,7.39,7,f
exp2,Ad4D7B,experimental,balloon,sad,cause,distal,1,0,2700,7.39,7,f
exp2,Ad4D7B,experimental,balloon,sad,lexical,proximal,0,1,2700,7.39,7,f
exp2,CW5dNG,control,drum,break,cause,distal,1,0,2100,5.75,5,f
exp2,CW5dNG,control,drum,break,lexical,proximal,0,1,2100,5.75,5,f
exp2,CW5dNG,control,balloon,pop,cause,distal,1,0,2100,5.75,5,f
exp2,CW5dNG,control,balloon,pop,lexical,proximal,0,1,2100,5.75,5,f
exp2,CJBSFX,control,balloon,pop,cause,proximal,0,1,1470,4.02,4,f
exp2,CJBSFX,control,balloon,pop,lexical,proximal,0,1,1470,4.02,4,f
exp2,CJBSFX,control,drum,break,cause,distal,1,0,1470,4.02,4,f
exp2,CJBSFX,control,drum,break,lexical,distal,1,0,1470,4.02,4,f
exp2,X6SXdT,control,balloon,pop,cause,distal,1,0,2400,6.57,6,m
exp2,X6SXdT,control,balloon,pop,lexical,proximal,0,1,2400,6.57,6,m
exp2,X6SXdT,control,drum,break,cause,distal,1,0,2400,6.57,6,m
exp2,X6SXdT,control,drum,break,lexical,proximal,0,1,2400,6.57,6,m
exp2,AG2BXS,experimental,balloon,sad,cause,proximal,0,1,3390,9.28,9,m
exp2,AG2BXS,experimental,balloon,sad,lexical,proximal,0,1,3390,9.28,9,m
exp2,AG2BXS,experimental,drum,angry,cause,proximal,0,1,3390,9.28,9,m
exp2,AG2BXS,experimental,drum,angry,lexical,proximal,0,1,3390,9.28,9,m
exp2,HScRYG,control,balloon,pop,cause,distal,1,0,3480,9.53,9,f
exp2,HScRYG,control,balloon,pop,lexical,proximal,0,1,3480,9.53,9,f
exp2,HScRYG,control,drum,break,cause,distal,1,0,3480,9.53,9,f
exp2,HScRYG,control,drum,break,lexical,proximal,0,1,3480,9.53,9,f
exp2,Q4SJJN,experimental,drum,angry,lexical,proximal,0,1,3120,8.54,8,m
exp2,Q4SJJN,experimental,drum,angry,cause,distal,1,0,3120,8.54,8,m
exp2,Q4SJJN,experimental,balloon,sad,lexical,distal,1,0,3120,8.54,8,m
exp2,Q4SJJN,experimental,balloon,sad,cause,proximal,0,1,3120,8.54,8,m
exp2,CJ36VS,control,drum,break,cause,distal,1,0,1680,4.6,4,m
exp2,CJ36VS,control,drum,break,lexical,proximal,0,1,1680,4.6,4,m
exp2,CJ36VS,control,balloon,pop,cause,distal,1,0,1680,4.6,4,m
exp2,CJ36VS,control,balloon,pop,lexical,proximal,0,1,1680,4.6,4,m
exp2,dAFB5F,control,balloon,pop,lexical,proximal,0,1,2070,5.67,5,f
exp2,dAFB5F,control,balloon,pop,cause,distal,1,0,2070,5.67,5,f
exp2,dAFB5F,control,drum,break,lexical,proximal,0,1,2070,5.67,5,f
exp2,dAFB5F,control,drum,break,cause,distal,1,0,2070,5.67,5,f
exp2,F24ERH,experimental,balloon,sad,cause,distal,1,0,2070,5.67,5,m
exp2,F24ERH,experimental,balloon,sad,lexical,distal,1,0,2070,5.67,5,m
exp2,F24ERH,experimental,drum,angry,cause,distal,1,0,2070,5.67,5,m
exp2,F24ERH,experimental,drum,angry,lexical,distal,1,0,2070,5.67,5,m
exp2,cKMdXN,control,balloon,pop,lexical,proximal,0,1,2250,6.16,6,m
exp2,cKMdXN,control,balloon,pop,cause,distal,1,0,2250,6.16,6,m
exp2,cKMdXN,control,drum,break,lexical,proximal,0,1,2250,6.16,6,m
exp2,cKMdXN,control,drum,break,cause,distal,1,0,2250,6.16,6,m
exp2,C3VDdG,control,drum,break,lexical,distal,1,0,3030,8.3,8,m
exp2,C3VDdG,control,drum,break,cause,distal,1,0,3030,8.3,8,m
exp2,C3VDdG,control,balloon,pop,lexical,proximal,0,1,3030,8.3,8,m
exp2,C3VDdG,control,balloon,pop,cause,distal,1,0,3030,8.3,8,m
exp2,2J6dBQ,experimental,balloon,sad,lexical,proximal,0,1,1950,5.34,5,m
exp2,2J6dBQ,experimental,balloon,sad,cause,distal,1,0,1950,5.34,5,m
exp2,2J6dBQ,experimental,drum,angry,lexical,distal,1,0,1950,5.34,5,m
exp2,2J6dBQ,experimental,drum,angry,cause,proximal,0,1,1950,5.34,5,m
exp2,UVJA46,experimental,balloon,sad,lexical,distal,1,0,2370,6.49,6,m
exp2,UVJA46,experimental,balloon,sad,cause,distal,1,0,2370,6.49,6,m
exp2,UVJA46,experimental,drum,angry,lexical,distal,1,0,2370,6.49,6,m
exp2,UVJA46,experimental,drum,angry,cause,distal,1,0,2370,6.49,6,m
exp2,3cJPX4,experimental,balloon,sad,cause,distal,1,0,2010,5.5,5,f
exp2,3cJPX4,experimental,balloon,sad,lexical,proximal,0,1,2010,5.5,5,f
exp2,3cJPX4,experimental,drum,angry,cause,proximal,0,1,2010,5.5,5,f
exp2,3cJPX4,experimental,drum,angry,lexical,distal,1,0,2010,5.5,5,f
exp2,L7dLcG,experimental,drum,angry,cause,distal,1,0,1740,4.76,4,f
exp2,L7dLcG,experimental,drum,angry,lexical,distal,1,0,1740,4.76,4,f
exp2,L7dLcG,experimental,balloon,sad,cause,proximal,0,1,1740,4.76,4,f
exp2,L7dLcG,experimental,balloon,sad,lexical,proximal,0,1,1740,4.76,4,f
exp2,BZdHK7,experimental,balloon,sad,lexical,distal,1,0,1560,4.27,4,m
exp2,BZdHK7,experimental,balloon,sad,cause,proximal,0,1,1560,4.27,4,m
exp2,BZdHK7,experimental,drum,angry,lexical,distal,1,0,1560,4.27,4,m
exp2,BZdHK7,experimental,drum,angry,cause,proximal,0,1,1560,4.27,4,m
exp2,dMCX63,experimental,drum,angry,cause,proximal,0,1,3600,9.86,9,m
exp2,dMCX63,experimental,drum,angry,lexical,proximal,0,1,3600,9.86,9,m
exp2,dMCX63,experimental,balloon,sad,cause,distal,1,0,3600,9.86,9,m
exp2,dMCX63,experimental,balloon,sad,lexical,proximal,0,1,3600,9.86,9,m
exp2,5KVLBH,control,drum,break,cause,distal,1,0,1860,5.09,5,f
exp2,5KVLBH,control,drum,break,lexical,distal,1,0,1860,5.09,5,f
exp2,5KVLBH,control,balloon,pop,cause,distal,1,0,1860,5.09,5,f
exp2,5KVLBH,control,balloon,pop,lexical,proximal,0,1,1860,5.09,5,f
exp2,RKK3KL,control,balloon,pop,cause,proximal,0,1,1680,4.6,4,m
exp2,RKK3KL,control,balloon,pop,lexical,proximal,0,1,1680,4.6,4,m
exp2,RKK3KL,control,drum,break,cause,proximal,0,1,1680,4.6,4,m
exp2,RKK3KL,control,drum,break,lexical,proximal,0,1,1680,4.6,4,m
exp2,AV4GcP,control,drum,break,lexical,proximal,0,1,1830,5.01,5,m
exp2,AV4GcP,control,drum,break,cause,proximal,0,1,1830,5.01,5,m
exp2,AV4GcP,control,balloon,pop,lexical,proximal,0,1,1830,5.01,5,m
exp2,AV4GcP,control,balloon,pop,cause,distal,1,0,1830,5.01,5,m
exp2,NQRY4d,control,balloon,pop,lexical,proximal,0,1,1770,4.85,4,f
exp2,NQRY4d,control,balloon,pop,cause,distal,1,0,1770,4.85,4,f
exp2,NQRY4d,control,drum,break,lexical,proximal,0,1,1770,4.85,4,f
exp2,NQRY4d,control,drum,break,cause,distal,1,0,1770,4.85,4,f
exp2,cKHDBB,experimental,drum,angry,lexical,distal,1,0,2610,7.15,7,m
exp2,cKHDBB,experimental,drum,angry,cause,distal,1,0,2610,7.15,7,m
exp2,cKHDBB,experimental,balloon,sad,lexical,distal,1,0,2610,7.15,7,m
exp2,cKHDBB,experimental,balloon,sad,cause,proximal,0,1,2610,7.15,7,m
exp2,Pc7T3M,control,balloon,pop,lexical,distal,1,0,1710,4.68,4,f
exp2,Pc7T3M,control,balloon,pop,cause,distal,1,0,1710,4.68,4,f
exp2,Pc7T3M,control,drum,break,lexical,distal,1,0,1710,4.68,4,f
exp2,Pc7T3M,control,drum,break,cause,distal,1,0,1710,4.68,4,f
exp2,QHJA3E,experimental,drum,angry,lexical,proximal,0,1,2730,7.47,7,m
exp2,QHJA3E,experimental,drum,angry,cause,distal,1,0,2730,7.47,7,m
exp2,QHJA3E,experimental,balloon,sad,lexical,proximal,0,1,2730,7.47,7,m
exp2,QHJA3E,experimental,balloon,sad,cause,distal,1,0,2730,7.47,7,m
exp2,4XVdXE,control,balloon,pop,lexical,distal,1,0,3510,9.61,9,f
exp2,4XVdXE,control,balloon,pop,cause,distal,1,0,3510,9.61,9,f
exp2,4XVdXE,control,drum,break,lexical,proximal,0,1,3510,9.61,9,f
exp2,4XVdXE,control,drum,break,cause,distal,1,0,3510,9.61,9,f
exp2,T756UN,control,drum,break,cause,distal,1,0,3540,9.69,9,f
exp2,T756UN,control,drum,break,lexical,proximal,0,1,3540,9.69,9,f
exp2,T756UN,control,balloon,pop,cause,proximal,0,1,3540,9.69,9,f
exp2,T756UN,control,balloon,pop,lexical,proximal,0,1,3540,9.69,9,f
exp2,WLT7YC,control,drum,break,lexical,distal,1,0,2430,6.65,6,f
exp2,WLT7YC,control,drum,break,cause,proximal,0,1,2430,6.65,6,f
exp2,WLT7YC,control,balloon,pop,lexical,distal,1,0,2430,6.65,6,f
exp2,WLT7YC,control,balloon,pop,cause,proximal,0,1,2430,6.65,6,f
exp2,3TV2Y3,control,drum,break,cause,proximal,0,1,2700,7.39,7,m
exp2,3TV2Y3,control,drum,break,lexical,proximal,0,1,2700,7.39,7,m
exp2,3TV2Y3,control,balloon,pop,cause,distal,1,0,2700,7.39,7,m
exp2,3TV2Y3,control,balloon,pop,lexical,proximal,0,1,2700,7.39,7,m
exp2,PYMEZU,experimental,balloon,sad,cause,proximal,0,1,3330,9.12,9,m
exp2,PYMEZU,experimental,balloon,sad,lexical,distal,1,0,3330,9.12,9,m
exp2,PYMEZU,experimental,drum,angry,cause,distal,1,0,3330,9.12,9,m
exp2,PYMEZU,experimental,drum,angry,lexical,proximal,0,1,3330,9.12,9,m
exp2,FTBMXC,experimental,drum,angry,cause,distal,1,0,1890,5.17,5,m
exp2,FTBMXC,experimental,drum,angry,lexical,proximal,0,1,1890,5.17,5,m
exp2,FTBMXC,experimental,balloon,sad,cause,distal,1,0,1890,5.17,5,m
exp2,FTBMXC,experimental,balloon,sad,lexical,proximal,0,1,1890,5.17,5,m
exp2,TW4URd,experimental,balloon,sad,cause,distal,1,0,3030,8.3,8,m
exp2,TW4URd,experimental,balloon,sad,lexical,proximal,0,1,3030,8.3,8,m
exp2,TW4URd,experimental,drum,angry,cause,distal,1,0,3030,8.3,8,m
exp2,TW4URd,experimental,drum,angry,lexical,proximal,0,1,3030,8.3,8,m
exp2,R33PFM,control,balloon,pop,cause,distal,1,0,2100,5.75,5,m
exp2,R33PFM,control,balloon,pop,lexical,proximal,0,1,2100,5.75,5,m
exp2,R33PFM,control,drum,break,cause,distal,1,0,2100,5.75,5,m
exp2,R33PFM,control,drum,break,lexical,proximal,0,1,2100,5.75,5,m
exp2,6TGDPA,control,balloon,pop,lexical,proximal,0,1,3480,9.53,9,m
exp2,6TGDPA,control,balloon,pop,cause,distal,1,0,3480,9.53,9,m
exp2,6TGDPA,control,drum,break,lexical,proximal,0,1,3480,9.53,9,m
exp2,6TGDPA,control,drum,break,cause,distal,1,0,3480,9.53,9,m
exp2,ZXPFSH,experimental,balloon,sad,cause,proximal,0,1,3060,8.38,8,f
exp2,ZXPFSH,experimental,balloon,sad,lexical,proximal,0,1,3060,8.38,8,f
exp2,ZXPFSH,experimental,drum,angry,cause,distal,1,0,3060,8.38,8,f
exp2,ZXPFSH,experimental,drum,angry,lexical,distal,1,0,3060,8.38,8,f
exp2,SSACPU,experimental,drum,angry,lexical,distal,1,0,2100,5.75,5,m
exp2,SSACPU,experimental,drum,angry,cause,distal,1,0,2100,5.75,5,m
exp2,SSACPU,experimental,balloon,sad,lexical,distal,1,0,2100,5.75,5,m
exp2,SSACPU,experimental,balloon,sad,cause,distal,1,0,2100,5.75,5,m
exp2,cDS43d,experimental,drum,angry,lexical,proximal,0,1,3150,8.62,8,f
exp2,cDS43d,experimental,drum,angry,cause,distal,1,0,3150,8.62,8,f
exp2,cDS43d,experimental,balloon,sad,lexical,distal,1,0,3150,8.62,8,f
exp2,cDS43d,experimental,balloon,sad,cause,proximal,0,1,3150,8.62,8,f
exp2,XGRG2P,control,drum,break,lexical,proximal,0,1,2730,7.47,7,m
exp2,XGRG2P,control,drum,break,cause,distal,1,0,2730,7.47,7,m
exp2,XGRG2P,control,balloon,pop,lexical,proximal,0,1,2730,7.47,7,m
exp2,XGRG2P,control,balloon,pop,cause,distal,1,0,2730,7.47,7,m
exp2,76YYE3,experimental,balloon,sad,lexical,proximal,0,1,2490,6.82,6,f
exp2,76YYE3,experimental,balloon,sad,cause,distal,1,0,2490,6.82,6,f
exp2,76YYE3,experimental,drum,angry,lexical,proximal,0,1,2490,6.82,6,f
exp2,76YYE3,experimental,drum,angry,cause,distal,1,0,2490,6.82,6,f
exp2,ZEAARX,control,drum,break,lexical,proximal,0,1,2640,7.23,7,f
exp2,ZEAARX,control,drum,break,cause,distal,1,0,2640,7.23,7,f
exp2,ZEAARX,control,balloon,pop,lexical,proximal,0,1,2640,7.23,7,f
exp2,ZEAARX,control,balloon,pop,cause,proximal,0,1,2640,7.23,7,f
exp2,dYZHJD,experimental,drum,angry,cause,distal,1,0,2460,6.74,6,m
exp2,dYZHJD,experimental,drum,angry,lexical,proximal,0,1,2460,6.74,6,m
exp2,dYZHJD,experimental,balloon,sad,cause,distal,1,0,2460,6.74,6,m
exp2,dYZHJD,experimental,balloon,sad,lexical,proximal,0,1,2460,6.74,6,m
exp2,PDUJBK,control,balloon,pop,lexical,proximal,0,1,2820,7.72,7,m
exp2,PDUJBK,control,balloon,pop,cause,distal,1,0,2820,7.72,7,m
exp2,PDUJBK,control,drum,break,lexical,proximal,0,1,2820,7.72,7,m
exp2,PDUJBK,control,drum,break,cause,distal,1,0,2820,7.72,7,m
exp2,AdCVCE,experimental,balloon,sad,cause,distal,1,0,3390,9.28,9,f
exp2,AdCVCE,experimental,balloon,sad,lexical,proximal,0,1,3390,9.28,9,f
exp2,AdCVCE,experimental,drum,angry,cause,distal,1,0,3390,9.28,9,f
exp2,AdCVCE,experimental,drum,angry,lexical,distal,1,0,3390,9.28,9,f
exp2,5KJN5W,control,balloon,pop,lexical,proximal,0,1,3300,9.03,9,m
exp2,5KJN5W,control,balloon,pop,cause,proximal,0,1,3300,9.03,9,m
exp2,5KJN5W,control,drum,break,lexical,proximal,0,1,3300,9.03,9,m
exp2,5KJN5W,control,drum,break,cause,distal,1,0,3300,9.03,9,m
exp2,MZAEFQ,control,balloon,pop,lexical,proximal,0,1,1920,5.26,5,f
exp2,MZAEFQ,control,balloon,pop,cause,distal,1,0,1920,5.26,5,f
exp2,MZAEFQ,control,drum,break,lexical,proximal,0,1,1920,5.26,5,f
exp2,MZAEFQ,control,drum,break,cause,distal,1,0,1920,5.26,5,f
exp2,AAT5FC,control,drum,break,lexical,proximal,0,1,3000,8.21,8,f
exp2,AAT5FC,control,drum,break,cause,distal,1,0,3000,8.21,8,f
exp2,AAT5FC,control,balloon,pop,lexical,proximal,0,1,3000,8.21,8,f
exp2,AAT5FC,control,balloon,pop,cause,distal,1,0,3000,8.21,8,f
exp2,7QCdW2,control,drum,break,cause,distal,1,0,2760,7.56,7,f
exp2,7QCdW2,control,drum,break,lexical,proximal,0,1,2760,7.56,7,f
exp2,7QCdW2,control,balloon,pop,cause,distal,1,0,2760,7.56,7,f
exp2,7QCdW2,control,balloon,pop,lexical,proximal,0,1,2760,7.56,7,f
exp2,PHTEFZ,experimental,balloon,sad,cause,distal,1,0,2940,8.05,8,m
exp2,PHTEFZ,experimental,balloon,sad,lexical,proximal,0,1,2940,8.05,8,m
exp2,PHTEFZ,experimental,drum,angry,cause,distal,1,0,2940,8.05,8,m
exp2,PHTEFZ,experimental,drum,angry,lexical,distal,1,0,2940,8.05,8,m
exp2,J7cP6H,control,balloon,pop,cause,distal,1,0,3090,8.46,8,m
exp2,J7cP6H,control,balloon,pop,lexical,proximal,0,1,3090,8.46,8,m
exp2,J7cP6H,control,drum,break,cause,distal,1,0,3090,8.46,8,m
exp2,J7cP6H,control,drum,break,lexical,proximal,0,1,3090,8.46,8,m
exp2,HBSCBA,experimental,drum,angry,cause,proximal,0,1,3180,8.71,8,m
exp2,HBSCBA,experimental,drum,angry,lexical,proximal,0,1,3180,8.71,8,m
exp2,HBSCBA,experimental,balloon,sad,cause,proximal,0,1,3180,8.71,8,m
exp2,HBSCBA,experimental,balloon,sad,lexical,proximal,0,1,3180,8.71,8,m
exp2,WT5AMG,experimental,drum,angry,cause,distal,1,0,2910,7.97,7,f
exp2,WT5AMG,experimental,drum,angry,lexical,proximal,0,1,2910,7.97,7,f
exp2,WT5AMG,experimental,balloon,sad,cause,proximal,0,1,2910,7.97,7,f
exp2,WT5AMG,experimental,balloon,sad,lexical,distal,1,0,2910,7.97,7,f
exp2,7ccHRN,experimental,balloon,sad,cause,distal,1,0,3510,9.61,9,m
exp2,7ccHRN,experimental,balloon,sad,lexical,distal,1,0,3510,9.61,9,m
exp2,7ccHRN,experimental,drum,angry,cause,distal,1,0,3510,9.61,9,m
exp2,7ccHRN,experimental,drum,angry,lexical,distal,1,0,3510,9.61,9,m
exp2,6JQ2Vc,control,balloon,pop,cause,distal,1,0,2310,6.32,6,f
exp2,6JQ2Vc,control,balloon,pop,lexical,proximal,0,1,2310,6.32,6,f
exp2,6JQ2Vc,control,drum,break,cause,distal,1,0,2310,6.32,6,f
exp2,6JQ2Vc,control,drum,break,lexical,proximal,0,1,2310,6.32,6,f
exp2,BXWNUK,experimental,drum,angry,cause,distal,1,0,1890,5.17,5,f
exp2,BXWNUK,experimental,drum,angry,lexical,proximal,0,1,1890,5.17,5,f
exp2,BXWNUK,experimental,balloon,sad,cause,distal,1,0,1890,5.17,5,f
exp2,BXWNUK,experimental,balloon,sad,lexical,proximal,0,1,1890,5.17,5,f
exp2,SQSPVA,control,drum,break,lexical,distal,1,0,3300,9.03,9,f
exp2,SQSPVA,control,drum,break,cause,distal,1,0,3300,9.03,9,f
exp2,SQSPVA,control,balloon,pop,lexical,proximal,0,1,3300,9.03,9,f
exp2,SQSPVA,control,balloon,pop,cause,distal,1,0,3300,9.03,9,f
exp2,L7K6DX,experimental,balloon,sad,cause,distal,1,0,2220,6.08,6,m
exp2,L7K6DX,experimental,balloon,sad,lexical,distal,1,0,2220,6.08,6,m
exp2,L7K6DX,experimental,drum,angry,cause,distal,1,0,2220,6.08,6,m
exp2,L7K6DX,experimental,drum,angry,lexical,distal,1,0,2220,6.08,6,m
exp2,KdTPBM,control,drum,break,lexical,proximal,0,1,1980,5.42,5,f
exp2,KdTPBM,control,drum,break,cause,distal,1,0,1980,5.42,5,f
exp2,KdTPBM,control,balloon,pop,lexical,proximal,0,1,1980,5.42,5,f
exp2,KdTPBM,control,balloon,pop,cause,distal,1,0,1980,5.42,5,f
exp2,BQVEQ6,control,drum,break,cause,distal,1,0,2130,5.83,5,f
exp2,BQVEQ6,control,drum,break,lexical,proximal,0,1,2130,5.83,5,f
exp2,BQVEQ6,control,balloon,pop,cause,distal,1,0,2130,5.83,5,f
exp2,BQVEQ6,control,balloon,pop,lexical,proximal,0,1,2130,5.83,5,f
exp2,FdTNGS,experimental,balloon,sad,cause,proximal,0,1,2370,6.49,6,m
exp2,FdTNGS,experimental,balloon,sad,lexical,proximal,0,1,2370,6.49,6,m
exp2,FdTNGS,experimental,drum,angry,cause,proximal,0,1,2370,6.49,6,m
exp2,FdTNGS,experimental,drum,angry,lexical,proximal,0,1,2370,6.49,6,m
exp2,Z2FA4U,control,balloon,pop,cause,proximal,0,1,1830,5.01,5,f
exp2,Z2FA4U,control,balloon,pop,lexical,proximal,0,1,1830,5.01,5,f
exp2,Z2FA4U,control,drum,break,cause,proximal,0,1,1830,5.01,5,f
exp2,Z2FA4U,control,drum,break,lexical,proximal,0,1,1830,5.01,5,f
exp2,T6BGVT,experimental,drum,angry,cause,proximal,0,1,2310,6.32,6,f
exp2,T6BGVT,experimental,drum,angry,lexical,proximal,0,1,2310,6.32,6,f
exp2,T6BGVT,experimental,balloon,sad,cause,distal,1,0,2310,6.32,6,f
exp2,T6BGVT,experimental,balloon,sad,lexical,proximal,0,1,2310,6.32,6,f
exp2,E6AR2W,control,drum,break,lexical,distal,1,0,2490,6.82,6,m
exp2,E6AR2W,control,drum,break,cause,proximal,0,1,2490,6.82,6,m
exp2,E6AR2W,control,balloon,pop,lexical,distal,1,0,2490,6.82,6,m
exp2,E6AR2W,control,balloon,pop,cause,proximal,0,1,2490,6.82,6,m
exp2,PCYTAM,control,drum,break,lexical,distal,1,0,1860,5.09,5,f
exp2,PCYTAM,control,drum,break,cause,proximal,0,1,1860,5.09,5,f
exp2,PCYTAM,control,balloon,pop,lexical,distal,1,0,1860,5.09,5,f
exp2,PCYTAM,control,balloon,pop,cause,proximal,0,1,1860,5.09,5,f
exp2,GBFKWd,experimental,drum,angry,cause,proximal,0,1,1830,5.01,5,f
exp2,GBFKWd,experimental,drum,angry,lexical,proximal,0,1,1830,5.01,5,f
exp2,GBFKWd,experimental,balloon,sad,cause,proximal,0,1,1830,5.01,5,f
exp2,GBFKWd,experimental,balloon,sad,lexical,distal,1,0,1830,5.01,5,f
exp2,F2cJEX,control,drum,break,lexical,distal,1,0,2400,6.57,6,m
exp2,F2cJEX,control,drum,break,cause,distal,1,0,2400,6.57,6,m
exp2,F2cJEX,control,balloon,pop,lexical,proximal,0,1,2400,6.57,6,m
exp2,F2cJEX,control,balloon,pop,cause,distal,1,0,2400,6.57,6,m
exp2,3TLZdB,control,balloon,pop,cause,proximal,0,1,2130,5.83,5,m
exp2,3TLZdB,control,balloon,pop,lexical,proximal,0,1,2130,5.83,5,m
exp2,3TLZdB,control,drum,break,cause,distal,1,0,2130,5.83,5,m
exp2,3TLZdB,control,drum,break,lexical,proximal,0,1,2130,5.83,5,m
exp2,P7Y3HS,control,drum,break,lexical,proximal,0,1,2310,6.32,6,m
exp2,P7Y3HS,control,drum,break,cause,distal,1,0,2310,6.32,6,m
exp2,P7Y3HS,control,balloon,pop,lexical,proximal,0,1,2310,6.32,6,m
exp2,P7Y3HS,control,balloon,pop,cause,distal,1,0,2310,6.32,6,m
exp2,2MT5UM,control,balloon,pop,lexical,proximal,0,1,2550,6.98,6,f
exp2,2MT5UM,control,balloon,pop,cause,distal,1,0,2550,6.98,6,f
exp2,2MT5UM,control,drum,break,lexical,proximal,0,1,2550,6.98,6,f
exp2,2MT5UM,control,drum,break,cause,distal,1,0,2550,6.98,6,f
exp2,C3L5HE,control,balloon,pop,lexical,proximal,0,1,2430,6.65,6,m
exp2,C3L5HE,control,balloon,pop,cause,distal,1,0,2430,6.65,6,m
exp2,C3L5HE,control,drum,break,lexical,proximal,0,1,2430,6.65,6,m
exp2,C3L5HE,control,drum,break,cause,distal,1,0,2430,6.65,6,m
exp2,cWRJdH,experimental,balloon,sad,lexical,proximal,0,1,1950,5.34,5,m
exp2,cWRJdH,experimental,balloon,sad,cause,distal,1,0,1950,5.34,5,m
exp2,cWRJdH,experimental,drum,angry,lexical,proximal,0,1,1950,5.34,5,m
exp2,cWRJdH,experimental,drum,angry,cause,distal,1,0,1950,5.34,5,m
exp2,ZEGJN2,experimental,balloon,sad,cause,distal,1,0,2550,6.98,6,f
exp2,ZEGJN2,experimental,balloon,sad,lexical,proximal,0,1,2550,6.98,6,f
exp2,ZEGJN2,experimental,drum,angry,cause,distal,1,0,2550,6.98,6,f
exp2,ZEGJN2,experimental,drum,angry,lexical,distal,1,0,2550,6.98,6,f
exp2,VBHLYQ,control,drum,break,lexical,distal,1,0,2250,6.16,6,f
exp2,VBHLYQ,control,drum,break,cause,distal,1,0,2250,6.16,6,f
exp2,VBHLYQ,control,balloon,pop,lexical,proximal,0,1,2250,6.16,6,f
exp2,VBHLYQ,control,balloon,pop,cause,distal,1,0,2250,6.16,6,f
exp2,K6BC2R,control,balloon,pop,cause,distal,1,0,2010,5.5,5,m
exp2,K6BC2R,control,balloon,pop,lexical,proximal,0,1,2010,5.5,5,m
exp2,K6BC2R,control,drum,break,cause,proximal,0,1,2010,5.5,5,m
exp2,K6BC2R,control,drum,break,lexical,distal,1,0,2010,5.5,5,m
exp2,X4SMdD,control,drum,break,lexical,proximal,0,1,2070,5.67,5,m
exp2,X4SMdD,control,drum,break,cause,distal,1,0,2070,5.67,5,m
exp2,X4SMdD,control,balloon,pop,lexical,proximal,0,1,2070,5.67,5,m
exp2,X4SMdD,control,balloon,pop,cause,distal,1,0,2070,5.67,5,m
exp2,2C5Ucc,control,balloon,pop,cause,distal,1,0,2460,6.74,6,f
exp2,2C5Ucc,control,balloon,pop,lexical,proximal,0,1,2460,6.74,6,f
exp2,2C5Ucc,control,drum,break,cause,distal,1,0,2460,6.74,6,f
exp2,2C5Ucc,control,drum,break,lexical,proximal,0,1,2460,6.74,6,f
exp2,XLTRUC,experimental,balloon,sad,lexical,proximal,0,1,2130,5.83,5,m
exp2,XLTRUC,experimental,balloon,sad,cause,proximal,0,1,2130,5.83,5,m
exp2,XLTRUC,experimental,drum,angry,lexical,proximal,0,1,2130,5.83,5,m
exp2,XLTRUC,experimental,drum,angry,cause,proximal,0,1,2130,5.83,5,m
exp2,PMLAS5,control,drum,break,cause,distal,1,0,2100,5.75,5,m
exp2,PMLAS5,control,drum,break,lexical,proximal,0,1,2100,5.75,5,m
exp2,PMLAS5,control,balloon,pop,cause,distal,1,0,2100,5.75,5,m
exp2,PMLAS5,control,balloon,pop,lexical,proximal,0,1,2100,5.75,5,m
exp2,2KM3AD,experimental,drum,angry,lexical,distal,1,0,2130,5.83,5,f
exp2,2KM3AD,experimental,drum,angry,cause,distal,1,0,2130,5.83,5,f
exp2,2KM3AD,experimental,balloon,sad,lexical,distal,1,0,2130,5.83,5,f
exp2,2KM3AD,experimental,balloon,sad,cause,distal,1,0,2130,5.83,5,f
exp2,cKSTNB,experimental,balloon,sad,lexical,distal,1,0,2220,6.08,6,m
exp2,cKSTNB,experimental,balloon,sad,cause,distal,1,0,2220,6.08,6,m
exp2,cKSTNB,experimental,drum,angry,lexical,distal,1,0,2220,6.08,6,m
exp2,cKSTNB,experimental,drum,angry,cause,proximal,0,1,2220,6.08,6,m
exp2,BV2S3F,control,drum,break,lexical,proximal,0,1,2340,6.41,6,m
exp2,BV2S3F,control,drum,break,cause,distal,1,0,2340,6.41,6,m
exp2,BV2S3F,control,balloon,pop,lexical,proximal,0,1,2340,6.41,6,m
exp2,BV2S3F,control,balloon,pop,cause,distal,1,0,2340,6.41,6,m
exp2,QCAY46,control,drum,break,lexical,proximal,0,1,2430,6.65,6,m
exp2,QCAY46,control,drum,break,cause,distal,1,0,2430,6.65,6,m
exp2,QCAY46,control,balloon,pop,lexical,proximal,0,1,2430,6.65,6,m
exp2,QCAY46,control,balloon,pop,cause,distal,1,0,2430,6.65,6,m
exp2,QcUTJS,control,drum,break,cause,proximal,0,1,2460,6.74,6,m
exp2,QcUTJS,control,drum,break,lexical,proximal,0,1,2460,6.74,6,m
exp2,QcUTJS,control,balloon,pop,cause,proximal,0,1,2460,6.74,6,m
exp2,QcUTJS,control,balloon,pop,lexical,proximal,0,1,2460,6.74,6,m
exp2,JCJ5dD,experimental,balloon,sad,cause,distal,1,0,2310,6.32,6,f
exp2,JCJ5dD,experimental,balloon,sad,lexical,distal,1,0,2310,6.32,6,f
exp2,JCJ5dD,experimental,drum,angry,cause,distal,1,0,2310,6.32,6,f
exp2,JCJ5dD,experimental,drum,angry,lexical,distal,1,0,2310,6.32,6,f
exp2,JdM5Ac,control,balloon,pop,cause,distal,1,0,2220,6.08,6,m
exp2,JdM5Ac,control,balloon,pop,lexical,proximal,0,1,2220,6.08,6,m
exp2,JdM5Ac,control,drum,break,cause,distal,1,0,2220,6.08,6,m
exp2,JdM5Ac,control,drum,break,lexical,proximal,0,1,2220,6.08,6,m
exp2,c7ddHV,experimental,drum,angry,cause,distal,1,0,2220,6.08,6,f
exp2,c7ddHV,experimental,drum,angry,lexical,distal,1,0,2220,6.08,6,f
exp2,c7ddHV,experimental,balloon,sad,cause,proximal,0,1,2220,6.08,6,f
exp2,c7ddHV,experimental,balloon,sad,lexical,distal,1,0,2220,6.08,6,f
exp2,EAXAL4,control,drum,break,lexical,proximal,0,1,2370,6.49,6,f
exp2,EAXAL4,control,drum,break,cause,distal,1,0,2370,6.49,6,f
exp2,EAXAL4,control,balloon,pop,lexical,proximal,0,1,2370,6.49,6,f
exp2,EAXAL4,control,balloon,pop,cause,distal,1,0,2370,6.49,6,f
exp2,2JRGT5,control,balloon,pop,cause,distal,1,0,2520,6.9,6,m
exp2,2JRGT5,control,balloon,pop,lexical,proximal,0,1,2520,6.9,6,m
exp2,2JRGT5,control,drum,break,cause,distal,1,0,2520,6.9,6,m
exp2,2JRGT5,control,drum,break,lexical,proximal,0,1,2520,6.9,6,m
exp2,YMTQ6H,control,balloon,pop,cause,proximal,0,1,2310,6.32,6,f
exp2,YMTQ6H,control,balloon,pop,lexical,distal,1,0,2310,6.32,6,f
exp2,YMTQ6H,control,drum,break,cause,distal,1,0,2310,6.32,6,f
exp2,YMTQ6H,control,drum,break,lexical,proximal,0,1,2310,6.32,6,f
exp2,HDZCZK,experimental,balloon,sad,lexical,distal,1,0,2400,6.57,6,f
exp2,HDZCZK,experimental,balloon,sad,cause,distal,1,0,2400,6.57,6,f
exp2,HDZCZK,experimental,drum,angry,lexical,proximal,0,1,2400,6.57,6,f
exp2,HDZCZK,experimental,drum,angry,cause,distal,1,0,2400,6.57,6,f
exp2,TEEQP7,experimental,balloon,sad,lexical,distal,1,0,2070,5.67,5,f
exp2,TEEQP7,experimental,balloon,sad,cause,distal,1,0,2070,5.67,5,f
exp2,TEEQP7,experimental,drum,angry,lexical,distal,1,0,2070,5.67,5,f
exp2,TEEQP7,experimental,drum,angry,cause,distal,1,0,2070,5.67,5,f
exp2,ZNG4PF,control,balloon,pop,cause,distal,1,0,2640,7.23,7,f
exp2,ZNG4PF,control,balloon,pop,lexical,proximal,0,1,2640,7.23,7,f
exp2,ZNG4PF,control,drum,break,cause,distal,1,0,2640,7.23,7,f
exp2,ZNG4PF,control,drum,break,lexical,proximal,0,1,2640,7.23,7,f
exp2,VKFd4G,experimental,drum,angry,cause,distal,1,0,1890,5.17,5,m
exp2,VKFd4G,experimental,drum,angry,lexical,proximal,0,1,1890,5.17,5,m
exp2,VKFd4G,experimental,balloon,sad,cause,proximal,0,1,1890,5.17,5,m
exp2,VKFd4G,experimental,balloon,sad,lexical,distal,1,0,1890,5.17,5,m
exp2,24AASE,control,balloon,pop,cause,proximal,0,1,3510,9.61,9,m
exp2,24AASE,control,balloon,pop,lexical,proximal,0,1,3510,9.61,9,m
exp2,24AASE,control,drum,break,cause,distal,1,0,3510,9.61,9,m
exp2,24AASE,control,drum,break,lexical,distal,1,0,3510,9.61,9,m
exp2,7QNSHX,experimental,drum,angry,cause,distal,1,0,1200,3.29,3,f
exp2,7QNSHX,experimental,drum,angry,lexical,proximal,0,1,1200,3.29,3,f
exp2,7QNSHX,experimental,balloon,sad,cause,distal,1,0,1200,3.29,3,f
exp2,7QNSHX,experimental,balloon,sad,lexical,proximal,0,1,1200,3.29,3,f
exp2,N7QGUP,control,drum,break,lexical,proximal,0,1,2790,7.64,7,f
exp2,N7QGUP,control,drum,break,cause,distal,1,0,2790,7.64,7,f
exp2,N7QGUP,control,balloon,pop,lexical,proximal,0,1,2790,7.64,7,f
exp2,N7QGUP,control,balloon,pop,cause,distal,1,0,2790,7.64,7,f
exp2,DKLPXH,experimental,balloon,sad,cause,distal,1,0,2040,5.59,5,m
exp2,DKLPXH,experimental,balloon,sad,lexical,proximal,0,1,2040,5.59,5,m
exp2,DKLPXH,experimental,drum,angry,cause,proximal,0,1,2040,5.59,5,m
exp2,DKLPXH,experimental,drum,angry,lexical,distal,1,0,2040,5.59,5,m
exp2,2dLGT2,experimental,drum,angry,lexical,distal,1,0,1290,3.53,3,m
exp2,2dLGT2,experimental,drum,angry,cause,proximal,0,1,1290,3.53,3,m
exp2,2dLGT2,experimental,balloon,sad,lexical,distal,1,0,1290,3.53,3,m
exp2,2dLGT2,experimental,balloon,sad,cause,proximal,0,1,1290,3.53,3,m
exp2,XZYFKN,experimental,drum,angry,lexical,distal,1,0,3600,9.86,9,m
exp2,XZYFKN,experimental,drum,angry,cause,distal,1,0,3600,9.86,9,m
exp2,XZYFKN,experimental,balloon,sad,lexical,proximal,0,1,3600,9.86,9,m
exp2,XZYFKN,experimental,balloon,sad,cause,distal,1,0,3600,9.86,9,m
exp2,B3BQST,experimental,drum,angry,cause,distal,1,0,1980,5.42,5,f
exp2,B3BQST,experimental,drum,angry,lexical,proximal,0,1,1980,5.42,5,f
exp2,B3BQST,experimental,balloon,sad,cause,distal,1,0,1980,5.42,5,f
exp2,B3BQST,experimental,balloon,sad,lexical,proximal,0,1,1980,5.42,5,f
exp2,HWcQKH,experimental,balloon,sad,cause,proximal,0,1,3630,9.94,9,f
exp2,HWcQKH,experimental,balloon,sad,lexical,distal,1,0,3630,9.94,9,f
exp2,HWcQKH,experimental,drum,angry,cause,distal,1,0,3630,9.94,9,f
exp2,HWcQKH,experimental,drum,angry,lexical,proximal,0,1,3630,9.94,9,f
exp2,WBZZTd,experimental,balloon,sad,lexical,proximal,0,1,1410,3.86,3,m
exp2,WBZZTd,experimental,balloon,sad,cause,distal,1,0,1410,3.86,3,m
exp2,WBZZTd,experimental,drum,angry,lexical,proximal,0,1,1410,3.86,3,m
exp2,WBZZTd,experimental,drum,angry,cause,distal,1,0,1410,3.86,3,m
exp2,KFFH7U,experimental,drum,angry,cause,proximal,0,1,1380,3.78,3,m
exp2,KFFH7U,experimental,drum,angry,lexical,distal,1,0,1380,3.78,3,m
exp2,KFFH7U,experimental,balloon,sad,cause,proximal,0,1,1380,3.78,3,m
exp2,KFFH7U,experimental,balloon,sad,lexical,distal,1,0,1380,3.78,3,m
exp2,H4FJdS,control,drum,break,lexical,proximal,0,1,2340,6.41,6,m
exp2,H4FJdS,control,drum,break,cause,proximal,0,1,2340,6.41,6,m
exp2,H4FJdS,control,balloon,pop,lexical,proximal,0,1,2340,6.41,6,m
exp2,H4FJdS,control,balloon,pop,cause,proximal,0,1,2340,6.41,6,m
exp2,PUJ7YN,control,balloon,pop,cause,distal,1,0,2520,6.9,6,m
exp2,PUJ7YN,control,balloon,pop,lexical,proximal,0,1,2520,6.9,6,m
exp2,PUJ7YN,control,drum,break,cause,distal,1,0,2520,6.9,6,m
exp2,PUJ7YN,control,drum,break,lexical,proximal,0,1,2520,6.9,6,m
exp2,TTP5Xc,experimental,balloon,sad,cause,distal,1,0,2550,6.98,6,m
exp2,TTP5Xc,experimental,balloon,sad,lexical,distal,1,0,2550,6.98,6,m
exp2,TTP5Xc,experimental,drum,angry,cause,proximal,0,1,2550,6.98,6,m
exp2,TTP5Xc,experimental,drum,angry,lexical,distal,1,0,2550,6.98,6,m
exp2,MFFAA2,control,balloon,pop,lexical,proximal,0,1,3180,8.71,8,f
exp2,MFFAA2,control,balloon,pop,cause,distal,1,0,3180,8.71,8,f
exp2,MFFAA2,control,drum,break,lexical,proximal,0,1,3180,8.71,8,f
exp2,MFFAA2,control,drum,break,cause,distal,1,0,3180,8.71,8,f
exp2,PYKNJE,control,drum,break,lexical,proximal,0,1,3030,8.3,8,m
exp2,PYKNJE,control,drum,break,cause,distal,1,0,3030,8.3,8,m
exp2,PYKNJE,control,balloon,pop,lexical,proximal,0,1,3030,8.3,8,m
exp2,PYKNJE,control,balloon,pop,cause,distal,1,0,3030,8.3,8,m
exp2,U6TWT2,experimental,balloon,sad,cause,proximal,0,1,3090,8.46,8,m
exp2,U6TWT2,experimental,balloon,sad,lexical,proximal,0,1,3090,8.46,8,m
exp2,U6TWT2,experimental,drum,angry,cause,distal,1,0,3090,8.46,8,m
exp2,U6TWT2,experimental,drum,angry,lexical,distal,1,0,3090,8.46,8,m
exp2,X6QQcD,experimental,balloon,sad,lexical,distal,1,0,2340,6.41,6,m
exp2,X6QQcD,experimental,balloon,sad,cause,distal,1,0,2340,6.41,6,m
exp2,X6QQcD,experimental,drum,angry,lexical,distal,1,0,2340,6.41,6,m
exp2,X6QQcD,experimental,drum,angry,cause,distal,1,0,2340,6.41,6,m
exp2,NUcHA3,experimental,balloon,sad,cause,distal,1,0,3060,8.38,8,m
exp2,NUcHA3,experimental,balloon,sad,lexical,proximal,0,1,3060,8.38,8,m
exp2,NUcHA3,experimental,drum,angry,cause,distal,1,0,3060,8.38,8,m
exp2,NUcHA3,experimental,drum,angry,lexical,proximal,0,1,3060,8.38,8,m
exp2,4GQH4K,control,balloon,pop,lexical,distal,1,0,2910,7.97,7,m
exp2,4GQH4K,control,balloon,pop,cause,distal,1,0,2910,7.97,7,m
exp2,4GQH4K,control,drum,break,lexical,distal,1,0,2910,7.97,7,m
exp2,4GQH4K,control,drum,break,cause,distal,1,0,2910,7.97,7,m
exp2,DTY3dQ,control,balloon,pop,cause,distal,1,0,2880,7.89,7,f
exp2,DTY3dQ,control,balloon,pop,lexical,proximal,0,1,2880,7.89,7,f
exp2,DTY3dQ,control,drum,break,cause,distal,1,0,2880,7.89,7,f
exp2,DTY3dQ,control,drum,break,lexical,proximal,0,1,2880,7.89,7,f
exp2,YRVDH6,control,balloon,pop,lexical,distal,1,0,2190,6.0,5,f
exp2,YRVDH6,control,balloon,pop,cause,proximal,0,1,2190,6.0,5,f
exp2,YRVDH6,control,drum,break,lexical,distal,1,0,2190,6.0,5,f
exp2,YRVDH6,control,drum,break,cause,proximal,0,1,2190,6.0,5,f
exp2,LK2G6T,experimental,balloon,sad,lexical,proximal,0,1,2460,6.74,6,m
exp2,LK2G6T,experimental,balloon,sad,cause,proximal,0,1,2460,6.74,6,m
exp2,LK2G6T,experimental,drum,angry,lexical,proximal,0,1,2460,6.74,6,m
exp2,LK2G6T,experimental,drum,angry,cause,proximal,0,1,2460,6.74,6,m
exp2,BEMD67,control,drum,break,cause,distal,1,0,2460,6.74,6,m
exp2,BEMD67,control,drum,break,lexical,proximal,0,1,2460,6.74,6,m
exp2,BEMD67,control,balloon,pop,cause,proximal,0,1,2460,6.74,6,m
exp2,BEMD67,control,balloon,pop,lexical,proximal,0,1,2460,6.74,6,m
exp2,Tc5KEH,control,drum,break,lexical,distal,1,0,2790,7.64,7,m
exp2,Tc5KEH,control,drum,break,cause,distal,1,0,2790,7.64,7,m
exp2,Tc5KEH,control,balloon,pop,lexical,distal,1,0,2790,7.64,7,m
exp2,Tc5KEH,control,balloon,pop,cause,distal,1,0,2790,7.64,7,m
exp2,PEE6XH,control,balloon,pop,cause,distal,1,0,2370,6.49,6,m
exp2,PEE6XH,control,balloon,pop,lexical,proximal,0,1,2370,6.49,6,m
exp2,PEE6XH,control,drum,break,cause,distal,1,0,2370,6.49,6,m
exp2,PEE6XH,control,drum,break,lexical,proximal,0,1,2370,6.49,6,m
exp2,GcEGRC,control,balloon,pop,lexical,distal,1,0,2670,7.31,7,m
exp2,GcEGRC,control,balloon,pop,cause,proximal,0,1,2670,7.31,7,m
exp2,GcEGRC,control,drum,break,lexical,proximal,0,1,2670,7.31,7,m
exp2,GcEGRC,control,drum,break,cause,proximal,0,1,2670,7.31,7,m
exp2,ZDcTBV,control,drum,break,lexical,proximal,0,1,2580,7.06,7,f
exp2,ZDcTBV,control,drum,break,cause,distal,1,0,2580,7.06,7,f
exp2,ZDcTBV,control,balloon,pop,lexical,proximal,0,1,2580,7.06,7,f
exp2,ZDcTBV,control,balloon,pop,cause,distal,1,0,2580,7.06,7,f
exp2,J45HUW,experimental,balloon,sad,cause,distal,1,0,3090,8.46,8,f
exp2,J45HUW,experimental,balloon,sad,lexical,distal,1,0,3090,8.46,8,f
exp2,J45HUW,experimental,drum,angry,cause,distal,1,0,3090,8.46,8,f
exp2,J45HUW,experimental,drum,angry,lexical,distal,1,0,3090,8.46,8,f
exp2,YAGGTV,control,balloon,pop,lexical,proximal,0,1,2820,7.72,7,m
exp2,YAGGTV,control,balloon,pop,cause,distal,1,0,2820,7.72,7,m
exp2,YAGGTV,control,drum,break,lexical,proximal,0,1,2820,7.72,7,m
exp2,YAGGTV,control,drum,break,cause,distal,1,0,2820,7.72,7,m
exp2,YJEWY6,control,drum,break,cause,distal,1,0,3000,8.21,8,f
exp2,YJEWY6,control,drum,break,lexical,proximal,0,1,3000,8.21,8,f
exp2,YJEWY6,control,balloon,pop,cause,distal,1,0,3000,8.21,8,f
exp2,YJEWY6,control,balloon,pop,lexical,proximal,0,1,3000,8.21,8,f
exp2,5J2U3S,control,drum,break,lexical,distal,1,0,2760,7.56,7,f
exp2,5J2U3S,control,drum,break,cause,distal,1,0,2760,7.56,7,f
exp2,5J2U3S,control,balloon,pop,lexical,proximal,0,1,2760,7.56,7,f
exp2,5J2U3S,control,balloon,pop,cause,distal,1,0,2760,7.56,7,f
exp2,HWVSZX,control,drum,break,cause,distal,1,0,2910,7.97,7,m
exp2,HWVSZX,control,drum,break,lexical,proximal,0,1,2910,7.97,7,m
exp2,HWVSZX,control,balloon,pop,cause,distal,1,0,2910,7.97,7,m
exp2,HWVSZX,control,balloon,pop,lexical,proximal,0,1,2910,7.97,7,m
exp2,VUDGKB,control,drum,break,cause,distal,1,0,2700,7.39,7,m
exp2,VUDGKB,control,drum,break,lexical,proximal,0,1,2700,7.39,7,m
exp2,VUDGKB,control,balloon,pop,cause,distal,1,0,2700,7.39,7,m
exp2,VUDGKB,control,balloon,pop,lexical,proximal,0,1,2700,7.39,7,m
exp2,LHKBTE,control,drum,break,cause,distal,1,0,2640,7.23,7,f
exp2,LHKBTE,control,drum,break,lexical,proximal,0,1,2640,7.23,7,f
exp2,LHKBTE,control,balloon,pop,cause,distal,1,0,2640,7.23,7,f
exp2,LHKBTE,control,balloon,pop,lexical,proximal,0,1,2640,7.23,7,f
exp2,FF7ZBW,control,balloon,pop,cause,distal,1,0,2610,7.15,7,m
exp2,FF7ZBW,control,balloon,pop,lexical,proximal,0,1,2610,7.15,7,m
exp2,FF7ZBW,control,drum,break,cause,distal,1,0,2610,7.15,7,m
exp2,FF7ZBW,control,drum,break,lexical,proximal,0,1,2610,7.15,7,m
exp2,SYQHCC,control,drum,break,lexical,proximal,0,1,3060,8.38,8,f
exp2,SYQHCC,control,drum,break,cause,distal,1,0,3060,8.38,8,f
exp2,SYQHCC,control,balloon,pop,lexical,proximal,0,1,3060,8.38,8,f
exp2,SYQHCC,control,balloon,pop,cause,distal,1,0,3060,8.38,8,f
exp2,PS2KQY,control,drum,break,lexical,proximal,0,1,3150,8.62,8,m
exp2,PS2KQY,control,drum,break,cause,distal,1,0,3150,8.62,8,m
exp2,PS2KQY,control,balloon,pop,lexical,proximal,0,1,3150,8.62,8,m
exp2,PS2KQY,control,balloon,pop,cause,distal,1,0,3150,8.62,8,m
exp2,4K3Zc4,experimental,drum,angry,cause,distal,1,0,3060,8.38,8,m
exp2,4K3Zc4,experimental,drum,angry,lexical,distal,1,0,3060,8.38,8,m
exp2,4K3Zc4,experimental,balloon,sad,cause,distal,1,0,3060,8.38,8,m
exp2,4K3Zc4,experimental,balloon,sad,lexical,distal,1,0,3060,8.38,8,m
exp2,D57dWM,experimental,drum,angry,cause,proximal,0,1,3240,8.87,8,m
exp2,D57dWM,experimental,drum,angry,lexical,distal,1,0,3240,8.87,8,m
exp2,D57dWM,experimental,balloon,sad,cause,distal,1,0,3240,8.87,8,m
exp2,D57dWM,experimental,balloon,sad,lexical,proximal,0,1,3240,8.87,8,m
exp2,5Ec24G,control,balloon,pop,cause,distal,1,0,2610,7.15,7,f
exp2,5Ec24G,control,balloon,pop,lexical,proximal,0,1,2610,7.15,7,f
exp2,5Ec24G,control,drum,break,cause,distal,1,0,2610,7.15,7,f
exp2,5Ec24G,control,drum,break,lexical,proximal,0,1,2610,7.15,7,f
exp2,ADDLdE,control,drum,break,cause,proximal,0,1,2610,7.15,7,f
exp2,ADDLdE,control,drum,break,lexical,proximal,0,1,2610,7.15,7,f
exp2,ADDLdE,control,balloon,pop,cause,distal,1,0,2610,7.15,7,f
exp2,ADDLdE,control,balloon,pop,lexical,proximal,0,1,2610,7.15,7,f
exp2,TR7cFM,control,drum,break,cause,distal,1,0,2970,8.13,8,f
exp2,TR7cFM,control,drum,break,lexical,proximal,0,1,2970,8.13,8,f
exp2,TR7cFM,control,balloon,pop,cause,proximal,0,1,2970,8.13,8,f
exp2,TR7cFM,control,balloon,pop,lexical,proximal,0,1,2970,8.13,8,f
exp2,66S6GM,experimental,drum,angry,lexical,distal,1,0,3090,8.46,8,m
exp2,66S6GM,experimental,drum,angry,cause,distal,1,0,3090,8.46,8,m
exp2,66S6GM,experimental,balloon,sad,lexical,proximal,0,1,3090,8.46,8,m
exp2,66S6GM,experimental,balloon,sad,cause,distal,1,0,3090,8.46,8,m
exp2,ZDW6GF,control,drum,break,cause,proximal,0,1,3030,8.3,8,m
exp2,ZDW6GF,control,drum,break,lexical,proximal,0,1,3030,8.3,8,m
exp2,ZDW6GF,control,balloon,pop,cause,distal,1,0,3030,8.3,8,m
exp2,ZDW6GF,control,balloon,pop,lexical,distal,1,0,3030,8.3,8,m
exp2,VW62YC,control,drum,break,lexical,proximal,0,1,3210,8.79,8,m
exp2,VW62YC,control,drum,break,cause,distal,1,0,3210,8.79,8,m
exp2,VW62YC,control,balloon,pop,lexical,proximal,0,1,3210,8.79,8,m
exp2,VW62YC,control,balloon,pop,cause,distal,1,0,3210,8.79,8,m
exp2,7cYYTL,control,balloon,pop,lexical,proximal,0,1,3180,8.71,8,f
exp2,7cYYTL,control,balloon,pop,cause,distal,1,0,3180,8.71,8,f
exp2,7cYYTL,control,drum,break,lexical,proximal,0,1,3180,8.71,8,f
exp2,7cYYTL,control,drum,break,cause,distal,1,0,3180,8.71,8,f
exp2,5DL3M3,control,balloon,pop,lexical,proximal,0,1,2730,7.47,7,f
exp2,5DL3M3,control,balloon,pop,cause,distal,1,0,2730,7.47,7,f
exp2,5DL3M3,control,drum,break,lexical,proximal,0,1,2730,7.47,7,f
exp2,5DL3M3,control,drum,break,cause,distal,1,0,2730,7.47,7,f
exp2,4NSW3F,experimental,balloon,sad,lexical,distal,1,0,3060,8.38,8,m
exp2,4NSW3F,experimental,balloon,sad,cause,proximal,0,1,3060,8.38,8,m
exp2,4NSW3F,experimental,drum,angry,lexical,distal,1,0,3060,8.38,8,m
exp2,4NSW3F,experimental,drum,angry,cause,distal,1,0,3060,8.38,8,m
exp2,SBdDS4,experimental,balloon,sad,lexical,proximal,0,1,3030,8.3,8,m
exp2,SBdDS4,experimental,balloon,sad,cause,distal,1,0,3030,8.3,8,m
exp2,SBdDS4,experimental,drum,angry,lexical,proximal,0,1,3030,8.3,8,m
exp2,SBdDS4,experimental,drum,angry,cause,distal,1,0,3030,8.3,8,m
exp2,LMBSRG,experimental,drum,angry,lexical,distal,1,0,3180,8.71,8,m
exp2,LMBSRG,experimental,drum,angry,cause,proximal,0,1,3180,8.71,8,m
exp2,LMBSRG,experimental,balloon,sad,lexical,distal,1,0,3180,8.71,8,m
exp2,LMBSRG,experimental,balloon,sad,cause,proximal,0,1,3180,8.71,8,m
exp2,cQHMQN,control,drum,break,cause,distal,1,0,3150,8.62,8,m
exp2,cQHMQN,control,drum,break,lexical,proximal,0,1,3150,8.62,8,m
exp2,cQHMQN,control,balloon,pop,cause,distal,1,0,3150,8.62,8,m
exp2,cQHMQN,control,balloon,pop,lexical,proximal,0,1,3150,8.62,8,m
exp2,RHcS3c,control,drum,break,cause,distal,1,0,3150,8.62,8,f
exp2,RHcS3c,control,drum,break,lexical,proximal,0,1,3150,8.62,8,f
exp2,RHcS3c,control,balloon,pop,cause,distal,1,0,3150,8.62,8,f
exp2,RHcS3c,control,balloon,pop,lexical,proximal,0,1,3150,8.62,8,f
exp2,3NXTQB,control,drum,break,lexical,proximal,0,1,2970,8.13,8,m
exp2,3NXTQB,control,drum,break,cause,distal,1,0,2970,8.13,8,m
exp2,3NXTQB,control,balloon,pop,lexical,proximal,0,1,2970,8.13,8,m
exp2,3NXTQB,control,balloon,pop,cause,distal,1,0,2970,8.13,8,m
exp2,UADRUE,control,balloon,pop,cause,distal,1,0,2940,8.05,8,m
exp2,UADRUE,control,balloon,pop,lexical,proximal,0,1,2940,8.05,8,m
exp2,UADRUE,control,drum,break,cause,distal,1,0,2940,8.05,8,m
exp2,UADRUE,control,drum,break,lexical,proximal,0,1,2940,8.05,8,m
exp2,CPFKL5,experimental,balloon,sad,lexical,distal,1,0,3210,8.79,8,m
exp2,CPFKL5,experimental,balloon,sad,cause,proximal,0,1,3210,8.79,8,m
exp2,CPFKL5,experimental,drum,angry,lexical,distal,1,0,3210,8.79,8,m
exp2,CPFKL5,experimental,drum,angry,cause,distal,1,0,3210,8.79,8,m
exp2,KGKS3X,control,balloon,pop,lexical,distal,1,0,3240,8.87,8,f
exp2,KGKS3X,control,balloon,pop,cause,distal,1,0,3240,8.87,8,f
exp2,KGKS3X,control,drum,break,lexical,proximal,0,1,3240,8.87,8,f
exp2,KGKS3X,control,drum,break,cause,distal,1,0,3240,8.87,8,f
exp2,UHJ7F4,experimental,balloon,sad,cause,distal,1,0,3270,8.95,8,f
exp2,UHJ7F4,experimental,balloon,sad,lexical,proximal,0,1,3270,8.95,8,f
exp2,UHJ7F4,experimental,drum,angry,cause,distal,1,0,3270,8.95,8,f
exp2,UHJ7F4,experimental,drum,angry,lexical,distal,1,0,3270,8.95,8,f
