experiment,child_id,condition,scenario,verb,question,response,distal,proximal,age_days,age_years,age_group,gender
exp1,JF2ERc,experimental,balloon,sad,lexical,distal,1,0,2790,7.64,7,f
exp1,JF2ERc,experimental,balloon,sad,cause,proximal,0,1,2790,7.64,7,f
exp1,JF2ERc,experimental,drum,angry,lexical,distal,1,0,2790,7.64,7,f
exp1,JF2ERc,experimental,drum,angry,cause,proximal,0,1,2790,7.64,7,f
exp1,ZSLG2X,control,drum,break,lexical,proximal,0,1,3150,8.62,8,f
exp1,ZSLG2X,control,drum,break,cause,distal,1,0,3150,8.62,8,f
exp1,ZSLG2X,control,balloon,pop,lexical,proximal,0,1,3150,8.62,8,f
exp1,ZSLG2X,control,balloon,pop,cause,distal,1,0,3150,8.62,8,f
exp1,AdAd65,control,drum,break,lexical,proximal,0,1,2670,7.31,7,f
exp1,AdAd65,control,drum,break,cause,distal,1,0,2670,7.31,7,f
exp1,AdAd65,control,balloon,pop,lexical,proximal,0,1,2670,7.31,7,f
exp1,AdAd65,control,balloon,pop,cause,distal,1,0,2670,7.31,7,f
exp1,LDCVAZ,experimental,balloon,sad,lexical,distal,1,0,2850,7.8,7,f
exp1,LDCVAZ,experimental,balloon,sad,cause,distal,1,0,2850,7.8,7,f
exp1,LDCVAZ,experimental,drum,angry,lexical,proximal,0,1,2850,7.8,7,f
exp1,LDCVAZ,experimental,drum,angry,cause,distal,1,0,2850,7.8,7,f
exp1,E24EQD,control,balloon,pop,cause,proximal,0,1,2580,7.06,7,f
exp1,E24EQD,control,balloon,pop,lexical,proximal,0,1,2580,7.06,7,f
exp1,E24EQD,control,drum,break,cause,distal,1,0,2580,7.06,7,f
exp1,E24EQD,control,drum,break,lexical,proximal,0,1,2580,7.06,7,f
exp1,PWDSMD,experimental,drum,angry,lexical,proximal,0,1,3030,8.3,8,m
exp1,PWDSMD,experimental,drum,angry,cause,proximal,0,1,3030,8.3,8,m
exp1,PWDSMD,experimental,balloon,sad,lexical,distal,1,0,3030,8.3,8,m
exp1,PWDSMD,experimental,balloon,sad,cause,proximal,0,1,3030,8.3,8,m
exp1,HH4SKd,experimental,balloon,sad,lexical,distal,1,0,2940,8.05,8,m
exp1,HH4SKd,experimental,balloon,sad,cause,distal,1,0,2940,8.05,8,m
exp1,HH4SKd,experimental,drum,angry,lexical,distal,1,0,2940,8.05,8,m
exp1,HH4SKd,experimental,drum,angry,cause,distal,1,0,2940,8.05,8,m
exp1,6LSWYT,experimental,balloon,sad,lexical,proximal,0,1,3150,8.62,8,m
exp1,6LSWYT,experimental,balloon,sad,cause,proximal,0,1,3150,8.62,8,m
exp1,6LSWYT,experimental,drum,angry,lexical,proximal,0,1,3150,8.62,8,m
exp1,6LSWYT,experimental,drum,angry,cause,proximal,0,1,3150,8.62,8,m
exp1,Y3S5NJ,control,drum,break,cause,distal,1,0,2910,7.97,7,m
exp1,Y3S5NJ,control,drum,break,lexical,proximal,0,1,2910,7.97,7,m
exp1,Y3S5NJ,control,balloon,pop,cause,distal,1,0,2910,7.97,7,m
exp1,Y3S5NJ,control,balloon,pop,lexical,proximal,0,1,2910,7.97,7,m
exp1,2JHBd5,experimental,balloon,sad,lexical,proximal,0,1,2610,7.15,7,m
exp1,2JHBd5,experimental,balloon,sad,cause,proximal,0,1,2610,7.15,7,m
exp1,2JHBd5,experimental,drum,angry,lexical,proximal,0,1,2610,7.15,7,m
exp1,2JHBd5,experimental,drum,angry,cause,proximal,0,1,2610,7.15,7,m
exp1,LS75SH,experimental,balloon,sad,cause,distal,1,0,3240,8.87,8,f
exp1,LS75SH,experimental,balloon,sad,lexical,proximal,0,1,3240,8.87,8,f
exp1,LS75SH,experimental,drum,angry,cause,distal,1,0,3240,8.87,8,f
exp1,LS75SH,experimental,drum,angry,lexical,distal,1,0,3240,8.87,8,f
exp1,XNAdRS,control,balloon,pop,cause,distal,1,0,2910,7.97,7,f
exp1,XNAdRS,control,balloon,pop,lexical,proximal,0,1,2910,7.97,7,f
exp1,XNAdRS,control,drum,break,cause,distal,1,0,2910,7.97,7,f
exp1,XNAdRS,control,drum,break,lexical,proximal,0,1,2910,7.97,7,f
exp1,KJR7QS,control,drum,break,cause,distal,1,0,1500,4.11,4,f
exp1,KJR7QS,control,drum,break,lexical,proximal,0,1,1500,4.11,4,f
exp1,KJR7QS,control,balloon,pop,cause,distal,1,0,1500,4.11,4,f
exp1,KJR7QS,control,balloon,pop,lexical,proximal,0,1,1500,4.11,4,f
exp1,EGdHP5,control,drum,break,lexical,proximal,0,1,1320,3.61,3,f
exp1,EGdHP5,control,drum,break,cause,distal,1,0,1320,3.61,3,f
exp1,EGdHP5,control,balloon,pop,lexical,proximal,0,1,1320,3.61,3,f
exp1,EGdHP5,control,balloon,pop,cause,distal,1,0,1320,3.61,3,f
exp1,P3WQPG,control,drum,break,cause,distal,1,0,3420,9.36,9,f
exp1,P3WQPG,control,drum,break,lexical,proximal,0,1,3420,9.36,9,f
exp1,P3WQPG,control,balloon,pop,cause,distal,1,0,3420,9.36,9,f
exp1,P3WQPG,control,balloon,pop,lexical,proximal,0,1,3420,9.36,9,f
exp1,YCN2Dc,control,balloon,pop,lexical,proximal,0,1,2760,7.56,7,f
exp1,YCN2Dc,control,balloon,pop,cause,distal,1,0,2760,7.56,7,f
exp1,YCN2Dc,control,drum,break,lexical,proximal,0,1,2760,7.56,7,f
exp1,YCN2Dc,control,drum,break,cause,distal,1,0,2760,7.56,7,f
exp1,BFZQJK,experimental,drum,angry,lexical,proximal,0,1,2640,7.23,7,f
exp1,BFZQJK,experimental,drum,angry,cause,distal,1,0,2640,7.23,7,f
exp1,BFZQJK,experimental,balloon,sad,lexical,proximal,0,1,2640,7.23,7,f
exp1,BFZQJK,experimental,balloon,sad,cause,proximal,0,1,2640,7.23,7,f
exp1,RUPcPG,experimental,drum,angry,lexical,distal,1,0,1740,4.76,4,f
exp1,RUPcPG,experimental,drum,angry,cause,proximal,0,1,1740,4.76,4,f
exp1,RUPcPG,experimental,balloon,sad,lexical,proximal,0,1,1740,4.76,4,f
exp1,RUPcPG,experimental,balloon,sad,cause,distal,1,0,1740,4.76,4,f
exp1,44BZcV,experimental,balloon,sad,lexical,distal,1,0,2160,5.91,5,f
exp1,44BZcV,experimental,balloon,sad,cause,distal,1,0,2160,5.91,5,f
exp1,44BZcV,experimental,drum,angry,lexical,distal,1,0,2160,5.91,5,f
exp1,44BZcV,experimental,drum,angry,cause,distal,1,0,2160,5.91,5,f
exp1,REM3WP,control,drum,break,cause,distal,1,0,2280,6.24,6,m
exp1,REM3WP,control,drum,break,lexical,proximal,0,1,2280,6.24,6,m
exp1,REM3WP,control,balloon,pop,cause,distal,1,0,2280,6.24,6,m
exp1,REM3WP,control,balloon,pop,lexical,proximal,0,1,2280,6.24,6,m
exp1,dKXV3U,control,drum,break,cause,distal,1,0,3390,9.28,9,f
exp1,dKXV3U,control,drum,break,lexical,proximal,0,1,3390,9.28,9,f
exp1,dKXV3U,control,balloon,pop,cause,distal,1,0,3390,9.28,9,f
exp1,dKXV3U,control,balloon,pop,lexical,proximal,0,1,3390,9.28,9,f
exp1,5XMW5M,control,drum,break,lexical,proximal,0,1,3480,9.53,9,f
exp1,5XMW5M,control,drum,break,cause,distal,1,0,3480,9.53,9,f
exp1,5XMW5M,control,balloon,pop,lexical,proximal,0,1,3480,9.53,9,f
exp1,5XMW5M,control,balloon,pop,cause,distal,1,0,3480,9.53,9,f
exp1,UN7LEE,control,balloon,pop,cause,distal,1,0,3450,9.45,9,m
exp1,UN7LEE,control,balloon,pop,lexical,proximal,0,1,3450,9.45,9,m
exp1,UN7LEE,control,drum,break,cause,distal,1,0,3450,9.45,9,m
exp1,UN7LEE,control,drum,break,lexical,proximal,0,1,3450,9.45,9,m
exp1,XBC2VR,experimental,drum,angry,lexical,distal,1,0,2160,5.91,5,m
exp1,XBC2VR,experimental,drum,angry,cause,distal,1,0,2160,5.91,5,m
exp1,XBC2VR,experimental,balloon,sad,lexical,distal,1,0,2160,5.91,5,m
exp1,XBC2VR,experimental,balloon,sad,cause,distal,1,0,2160,5.91,5,m
exp1,ENUBXd,experimental,balloon,sad,cause,distal,1,0,1290,3.53,3,f
exp1,ENUBXd,experimental,balloon,sad,lexical,distal,1,0,1290,3.53,3,f
exp1,ENUBXd,experimental,drum,angry,cause,distal,1,0,1290,3.53,3,f
exp1,ENUBXd,experimental,drum,angry,lexical,distal,1,0,1290,3.53,3,f
exp1,ECMPK6,experimental,balloon,sad,lexical,distal,1,0,3300,9.03,9,f
exp1,ECMPK6,experimental,balloon,sad,cause,distal,1,0,3300,9.03,9,f
exp1,ECMPK6,experimental,drum,angry,lexical,distal,1,0,3300,9.03,9,f
exp1,ECMPK6,experimental,drum,angry,cause,distal,1,0,3300,9.03,9,f
exp1,VVCQ7V,experimental,balloon,sad,cause,distal,1,0,1890,5.17,5,f
exp1,VVCQ7V,experimental,balloon,sad,lexical,proximal,0,1,1890,5.17,5,f
exp1,VVCQ7V,experimental,drum,angry,cause,distal,1,0,1890,5.17,5,f
exp1,VVCQ7V,experimental,drum,angry,lexical,proximal,0,1,1890,5.17,5,f
exp1,TG5MBK,experimental,drum,angry,cause,distal,1,0,3420,9.36,9,m
exp1,TG5MBK,experimental,drum,angry,lexical,proximal,0,1,3420,9.36,9,m
exp1,TG5MBK,experimental,balloon,sad,cause,distal,1,0,3420,9.36,9,m
exp1,TG5MBK,experimental,balloon,sad,lexical,proximal,0,1,3420,9.36,9,m
exp1,7GcNFE,experimental,drum,angry,lexical,proximal,0,1,1200,3.29,3,f
exp1,7GcNFE,experimental,drum,angry,cause,proximal,0,1,1200,3.29,3,f
exp1,7GcNFE,experimental,balloon,sad,lexical,proximal,0,1,1200,3.29,3,f
exp1,7GcNFE,experimental,balloon,sad,cause,proximal,0,1,1200,3.29,3,f
exp1,75BQDH,control,balloon,pop,lexical,proximal,0,1,3480,9.53,9,f
exp1,75BQDH,control,balloon,pop,cause,distal,1,0,3480,9.53,9,f
exp1,75BQDH,control,drum,break,lexical,proximal,0,1,3480,9.53,9,f
exp1,75BQDH,control,drum,break,cause,distal,1,0,3480,9.53,9,f
exp1,DAcKGH,experimental,drum,angry,cause,proximal,0,1,1350,3.7,3,f
exp1,DAcKGH,experimental,drum,angry,lexical,distal,1,0,1350,3.7,3,f
exp1,DAcKGH,experimental,balloon,sad,cause,distal,1,0,1350,3.7,3,f
exp1,DAcKGH,experimental,balloon,sad,lexical,distal,1,0,1350,3.7,3,f
exp1,VcBNRV,experimental,balloon,sad,cause,distal,1,0,3330,9.12,9,f
exp1,VcBNRV,experimental,balloon,sad,lexical,proximal,0,1,3330,9.12,9,f
exp1,VcBNRV,experimental,drum,angry,cause,distal,1,0,3330,9.12,9,f
exp1,VcBNRV,experimental,drum,angry,lexical,proximal,0,1,3330,9.12,9,f
exp1,LEPUZY,experimental,drum,angry,cause,distal,1,0,1260,3.45,3,m
exp1,LEPUZY,experimental,drum,angry,lexical,distal,1,0,1260,3.45,3,m
exp1,LEPUZY,experimental,balloon,sad,cause,distal,1,0,1260,3.45,3,m
exp1,LEPUZY,experimental,balloon,sad,lexical,distal,1,0,1260,3.45,3,m
exp1,3ECP34,experimental,drum,angry,cause,distal,1,0,3180,8.71,8,f
exp1,3ECP34,experimental,drum,angry,lexical,proximal,0,1,3180,8.71,8,f
exp1,3ECP34,experimental,balloon,sad,cause,distal,1,0,3180,8.71,8,f
exp1,3ECP34,experimental,balloon,sad,lexical,proximal,0,1,3180,8.71,8,f
exp1,dBP465,control,drum,break,cause,distal,1,0,1140,3.12,3,f
exp1,dBP465,control,drum,break,lexical,distal,1,0,1140,3.12,3,f
exp1,dBP465,control,balloon,pop,cause,distal,1,0,1140,3.12,3,f
exp1,dBP465,control,balloon,pop,lexical,proximal,0,1,1140,3.12,3,f
exp1,GKHcdV,control,balloon,pop,lexical,proximal,0,1,2610,7.15,7,f
exp1,GKHcdV,control,balloon,pop,cause,distal,1,0,2610,7.15,7,f
exp1,GKHcdV,control,drum,break,lexical,proximal,0,1,2610,7.15,7,f
exp1,GKHcdV,control,drum,break,cause,distal,1,0,2610,7.15,7,f
exp1,6CDFUF,control,balloon,pop,cause,proximal,0,1,1650,4.52,4,f
exp1,6CDFUF,control,balloon,pop,lexical,distal,1,0,1650,4.52,4,f
exp1,6CDFUF,control,drum,break,cause,proximal,0,1,1650,4.52,4,f
exp1,6CDFUF,control,drum,break,lexical,distal,1,0,1650,4.52,4,f
exp1,c4QARG,experimental,balloon,sad,lexical,distal,1,0,2010,5.5,5,m
exp1,c4QARG,experimental,balloon,sad,cause,proximal,0,1,2010,5.5,5,m
exp1,c4QARG,experimental,drum,angry,lexical,proximal,0,1,2010,5.5,5,m
exp1,c4QARG,experimental,drum,angry,cause,distal,1,0,2010,5.5,5,m
exp1,PL3URZ,control,balloon,pop,lexical,proximal,0,1,3360,9.2,9,m
exp1,PL3URZ,control,balloon,pop,cause,distal,1,0,3360,9.2,9,m
exp1,PL3URZ,control,drum,break,lexical,proximal,0,1,3360,9.2,9,m
exp1,PL3URZ,control,drum,break,cause,distal,1,0,3360,9.2,9,m
exp1,7FYR2G,control,drum,break,cause,distal,1,0,1740,4.76,4,f
exp1,7FYR2G,control,drum,break,lexical,proximal,0,1,1740,4.76,4,f
exp1,7FYR2G,control,balloon,pop,cause,distal,1,0,1740,4.76,4,f
exp1,7FYR2G,control,balloon,pop,lexical,proximal,0,1,1740,4.76,4,f
exp1,VBEDJP,experimental,drum,angry,lexical,distal,1,0,2610,7.15,7,f
exp1,VBEDJP,experimental,drum,angry,cause,distal,1,0,2610,7.15,7,f
exp1,VBEDJP,experimental,balloon,sad,lexical,proximal,0,1,2610,7.15,7,f
exp1,VBEDJP,experimental,balloon,sad,cause,distal,1,0,2610,7.15,7,f
exp1,6RYd4K,control,balloon,pop,lexical,proximal,0,1,3390,9.28,9,f
exp1,6RYd4K,control,balloon,pop,cause,distal,1,0,3390,9.28,9,f
exp1,6RYd4K,control,drum,break,lexical,proximal,0,1,3390,9.28,9,f
exp1,6RYd4K,control,drum,break,cause,distal,1,0,3390,9.28,9,f
exp1,A2BYLK,control,drum,break,lexical,proximal,0,1,3000,8.21,8,f
exp1,A2BYLK,control,drum,break,cause,distal,1,0,3000,8.21,8,f
exp1,A2BYLK,control,balloon,pop,lexical,proximal,0,1,3000,8.21,8,f
exp1,A2BYLK,control,balloon,pop,cause,distal,1,0,3000,8.21,8,f
exp1,2YH34D,experimental,drum,angry,cause,distal,1,0,2700,7.39,7,m
exp1,2YH34D,experimental,drum,angry,lexical,distal,1,0,2700,7.39,7,m
exp1,2YH34D,experimental,balloon,sad,cause,proximal,0,1,2700,7.39,7,m
exp1,2YH34D,experimental,balloon,sad,lexical,distal,1,0,2700,7.39,7,m
exp1,VXZ4TN,experimental,drum,angry,cause,distal,1,0,2280,6.24,6,f
exp1,VXZ4TN,experimental,drum,angry,lexical,distal,1,0,2280,6.24,6,f
exp1,VXZ4TN,experimental,balloon,sad,cause,distal,1,0,2280,6.24,6,f
exp1,VXZ4TN,experimental,balloon,sad,lexical,proximal,0,1,2280,6.24,6,f
exp1,S2V3cX,control,balloon,pop,cause,distal,1,0,1560,4.27,4,f
exp1,S2V3cX,control,balloon,pop,lexical,proximal,0,1,1560,4.27,4,f
exp1,S2V3cX,control,drum,break,cause,distal,1,0,1560,4.27,4,f
exp1,S2V3cX,control,drum,break,lexical,proximal,0,1,1560,4.27,4,f
exp1,cEQZXV,control,balloon,pop,cause,proximal,0,1,1350,3.7,3,m
exp1,cEQZXV,control,balloon,pop,lexical,proximal,0,1,1350,3.7,3,m
exp1,cEQZXV,control,drum,break,cause,proximal,0,1,1350,3.7,3,m
exp1,cEQZXV,control,drum,break,lexical,proximal,0,1,1350,3.7,3,m
exp1,3R7YJY,experimental,balloon,sad,cause,distal,1,0,2280,6.24,6,m
exp1,3R7YJY,experimental,balloon,sad,lexical,proximal,0,1,2280,6.24,6,m
exp1,3R7YJY,experimental,drum,angry,cause,distal,1,0,2280,6.24,6,m
exp1,3R7YJY,experimental,drum,angry,lexical,proximal,0,1,2280,6.24,6,m
exp1,UREP6U,experimental,balloon,sad,lexical,distal,1,0,1320,3.61,3,f
exp1,UREP6U,experimental,balloon,sad,cause,distal,1,0,1320,3.61,3,f
exp1,UREP6U,experimental,drum,angry,lexical,distal,1,0,1320,3.61,3,f
exp1,UREP6U,experimental,drum,angry,cause,distal,1,0,1320,3.61,3,f
exp1,TRHRZH,control,drum,break,cause,distal,1,0,1560,4.27,4,f
exp1,TRHRZH,control,drum,break,lexical,proximal,0,1,1560,4.27,4,f
exp1,TRHRZH,control,balloon,pop,cause,distal,1,0,1560,4.27,4,f
exp1,TRHRZH,control,balloon,pop,lexical,proximal,0,1,1560,4.27,4,f
exp1,WTcSWd,control,balloon,pop,lexical,distal,1,0,1290,3.53,3,f
exp1,WTcSWd,control,balloon,pop,cause,distal,1,0,1290,3.53,3,f
exp1,WTcSWd,control,drum,break,lexical,distal,1,0,1290,3.53,3,f
exp1,WTcSWd,control,drum,break,cause,distal,1,0,1290,3.53,3,f
exp1,DQcUd4,control,balloon,pop,cause,proximal,0,1,1920,5.26,5,m
exp1,DQcUd4,control,balloon,pop,lexical,proximal,0,1,1920,5.26,5,m
exp1,DQcUd4,control,drum,break,cause,proximal,0,1,1920,5.26,5,m
exp1,DQcUd4,control,drum,break,lexical,proximal,0,1,1920,5.26,5,m
exp1,c6cKKJ,control,balloon,pop,lexical,proximal,0,1,3330,9.12,9,m
exp1,c6cKKJ,control,balloon,pop,cause,distal,1,0,3330,9.12,9,m
exp1,c6cKKJ,control,drum,break,lexical,proximal,0,1,3330,9.12,9,m
exp1,c6cKKJ,control,drum,break,cause,distal,1,0,3330,9.12,9,m
exp1,SJNHSZ,experimental,drum,angry,lexical,proximal,0,1,3120,8.54,8,f
exp1,SJNHSZ,experimental,drum,angry,cause,proximal,0,1,3120,8.54,8,f
exp1,SJNHSZ,experimental,balloon,sad,lexical,proximal,0,1,3120,8.54,8,f
exp1,SJNHSZ,experimental,balloon,sad,cause,proximal,0,1,3120,8.54,8,f
exp1,Z6TVRE,experimental,drum,angry,cause,distal,1,0,3300,9.03,9,m
exp1,Z6TVRE,experimental,drum,angry,lexical,distal,1,0,3300,9.03,9,m
exp1,Z6TVRE,experimental,balloon,sad,cause,distal,1,0,3300,9.03,9,m
exp1,Z6TVRE,experimental,balloon,sad,lexical,distal,1,0,3300,9.03,9,m
exp1,7XE723,experimental,balloon,sad,lexical,proximal,0,1,2580,7.06,7,f
exp1,7XE723,experimental,balloon,sad,cause,proximal,0,1,2580,7.06,7,f
exp1,7XE723,experimental,drum,angry,lexical,proximal,0,1,2580,7.06,7,f
exp1,7XE723,experimental,drum,angry,cause,distal,1,0,2580,7.06,7,f
exp1,W2ZZED,experimental,drum,angry,lexical,distal,1,0,2760,7.56,7,m
exp1,W2ZZED,experimental,drum,angry,cause,distal,1,0,2760,7.56,7,m
exp1,W2ZZED,experimental,balloon,sad,lexical,distal,1,0,2760,7.56,7,m
exp1,W2ZZED,experimental,balloon,sad,cause,distal,1,0,2760,7.56,7,m
exp1,STXAAR,experimental,balloon,sad,cause,distal,1,0,3000,8.21,8,m
exp1,STXAAR,experimental,balloon,sad,lexical,proximal,0,1,3000,8.21,8,m
exp1,STXAAR,experimental,drum,angry,cause,distal,1,0,3000,8.21,8,m
exp1,STXAAR,experimental,drum,angry,lexical,distal,1,0,3000,8.21,8,m
exp1,RR62KH,experimental,balloon,sad,lexical,proximal,0,1,2910,7.97,7,m
exp1,RR62KH,experimental,balloon,sad,cause,proximal,0,1,2910,7.97,7,m
exp1,RR62KH,experimental,drum,angry,lexical,proximal,0,1,2910,7.97,7,m
exp1,RR62KH,experimental,drum,angry,cause,proximal,0,1,2910,7.97,7,m
exp1,YZdEcX,experimental,balloon,sad,lexical,proximal,0,1,3360,9.2,9,m
exp1,YZdEcX,experimental,balloon,sad,cause,distal,1,0,3360,9.2,9,m
exp1,YZdEcX,experimental,drum,angry,lexical,proximal,0,1,3360,9.2,9,m
exp1,YZdEcX,experimental,drum,angry,cause,distal,1,0,3360,9.2,9,m
exp1,7cVZRW,experimental,balloon,sad,cause,distal,1,0,1740,4.76,4,f
exp1,7cVZRW,experimental,balloon,sad,lexical,proximal,0,1,1740,4.76,4,f
exp1,7cVZRW,experimental,drum,angry,cause,distal,1,0,1740,4.76,4,f
exp1,7cVZRW,experimental,drum,angry,lexical,proximal,0,1,1740,4.76,4,f
exp1,AE4EX2,experimental,balloon,sad,lexical,proximal,0,1,3300,9.03,9,m
exp1,AE4EX2,experimental,balloon,sad,cause,distal,1,0,3300,9.03,9,m
exp1,AE4EX2,experimental,drum,angry,lexical,proximal,0,1,3300,9.03,9,m
exp1,AE4EX2,experimental,drum,angry,cause,distal,1,0,3300,9.03,9,m
exp1,32KGMH,experimental,drum,angry,cause,distal,1,0,2700,7.39,7,m
exp1,32KGMH,experimental,drum,angry,lexical,distal,1,0,2700,7.39,7,m
exp1,32KGMH,experimental,balloon,sad,cause,proximal,0,1,2700,7.39,7,m
exp1,32KGMH,experimental,balloon,sad,lexical,distal,1,0,2700,7.39,7,m
exp1,R7FJ3V,control,drum,break,cause,distal,1,0,2790,7.64,7,m
exp1,R7FJ3V,control,drum,break,lexical,proximal,0,1,2790,7.64,7,m
exp1,R7FJ3V,control,balloon,pop,cause,proximal,0,1,2790,7.64,7,m
exp1,R7FJ3V,control,balloon,pop,lexical,distal,1,0,2790,7.64,7,m
exp1,4YWY23,control,balloon,pop,cause,distal,1,0,2190,6.0,5,f
exp1,4YWY23,control,balloon,pop,lexical,proximal,0,1,2190,6.0,5,f
exp1,4YWY23,control,drum,break,cause,distal,1,0,2190,6.0,5,f
exp1,4YWY23,control,drum,break,lexical,proximal,0,1,2190,6.0,5,f
exp1,GFASNL,experimental,drum,angry,cause,distal,1,0,3090,8.46,8,f
exp1,GFASNL,experimental,drum,angry,lexical,distal,1,0,3090,8.46,8,f
exp1,GFASNL,experimental,balloon,sad,cause,proximal,0,1,3090,8.46,8,f
exp1,GFASNL,experimental,balloon,sad,lexical,proximal,0,1,3090,8.46,8,f
exp1,V4ZESL,experimental,balloon,sad,lexical,proximal,0,1,2790,7.64,7,f
exp1,V4ZESL,experimental,balloon,sad,cause,distal,1,0,2790,7.64,7,f
exp1,V4ZESL,experimental,drum,angry,lexical,proximal,0,1,2790,7.64,7,f
exp1,V4ZESL,experimental,drum,angry,cause,distal,1,0,2790,7.64,7,f
exp1,LB5AKN,control,drum,break,lexical,proximal,0,1,1890,5.17,5,m
exp1,LB5AKN,control,drum,break,cause,distal,1,0,1890,5.17,5,m
exp1,LB5AKN,control,balloon,pop,lexical,proximal,0,1,1890,5.17,5,m
exp1,LB5AKN,control,balloon,pop,cause,distal,1,0,1890,5.17,5,m
exp1,M5UCUT,control,drum,break,lexical,proximal,0,1,2820,7.72,7,m
exp1,M5UCUT,control,drum,break,cause,distal,1,0,2820,7.72,7,m
exp1,M5UCUT,control,balloon,pop,lexical,proximal,0,1,2820,7.72,7,m
exp1,M5UCUT,control,balloon,pop,cause,distal,1,0,2820,7.72,7,m
exp1,BAMcEX,experimental,balloon,sad,lexical,distal,1,0,2070,5.67,5,f
exp1,BAMcEX,experimental,balloon,sad,cause,proximal,0,1,2070,5.67,5,f
exp1,BAMcEX,experimental,drum,angry,lexical,distal,1,0,2070,5.67,5,f
exp1,BAMcEX,experimental,drum,angry,cause,proximal,0,1,2070,5.67,5,f
exp1,FVSQcQ,control,drum,break,lexical,proximal,0,1,3210,8.79,8,m
exp1,FVSQcQ,control,drum,break,cause,distal,1,0,3210,8.79,8,m
exp1,FVSQcQ,control,balloon,pop,lexical,proximal,0,1,3210,8.79,8,m
exp1,FVSQcQ,control,balloon,pop,cause,distal,1,0,3210,8.79,8,m
exp1,HLNMBB,experimental,drum,angry,lexical,distal,1,0,2550,6.98,6,m
exp1,HLNMBB,experimental,drum,angry,cause,distal,1,0,2550,6.98,6,m
exp1,HLNMBB,experimental,balloon,sad,lexical,proximal,0,1,2550,6.98,6,m
exp1,HLNMBB,experimental,balloon,sad,cause,proximal,0,1,2550,6.98,6,m
exp1,FFGRCS,experimental,balloon,sad,lexical,distal,1,0,2250,6.16,6,f
exp1,FFGRCS,experimental,balloon,sad,cause,distal,1,0,2250,6.16,6,f
exp1,FFGRCS,experimental,drum,angry,lexical,distal,1,0,2250,6.16,6,f
exp1,FFGRCS,experimental,drum,angry,cause,distal,1,0,2250,6.16,6,f
exp1,PSUGVM,control,balloon,pop,lexical,distal,1,0,1410,3.86,3,f
exp1,PSUGVM,control,balloon,pop,cause,proximal,0,1,1410,3.86,3,f
exp1,PSUGVM,control,drum,break,lexical,distal,1,0,1410,3.86,3,f
exp1,PSUGVM,control,drum,break,cause,proximal,0,1,1410,3.86,3,f
exp1,ECZD2A,control,balloon,pop,cause,proximal,0,1,2250,6.16,6,m
exp1,ECZD2A,control,balloon,pop,lexical,proximal,0,1,2250,6.16,6,m
exp1,ECZD2A,control,drum,break,cause,proximal,0,1,2250,6.16,6,m
exp1,ECZD2A,control,drum,break,lexical,proximal,0,1,2250,6.16,6,m
exp1,Y6EAdT,experimental,drum,angry,cause,distal,1,0,2730,7.47,7,f
exp1,Y6EAdT,experimental,drum,angry,lexical,proximal,0,1,2730,7.47,7,f
exp1,Y6EAdT,experimental,balloon,sad,cause,distal,1,0,2730,7.47,7,f
exp1,Y6EAdT,experimental,balloon,sad,lexical,proximal,0,1,2730,7.47,7,f
exp1,SFVMFZ,control,drum,break,lexical,proximal,0,1,1680,4.6,4,f
exp1,SFVMFZ,control,drum,break,cause,distal,1,0,1680,4.6,4,f
exp1,SFVMFZ,control,balloon,pop,lexical,proximal,0,1,1680,4.6,4,f
exp1,SFVMFZ,control,balloon,pop,cause,distal,1,0,1680,4.6,4,f
exp1,V36V2N,control,balloon,pop,lexical,proximal,0,1,2040,5.59,5,m
exp1,V36V2N,control,balloon,pop,cause,distal,1,0,2040,5.59,5,m
exp1,V36V2N,control,drum,break,lexical,proximal,0,1,2040,5.59,5,m
exp1,V36V2N,control,drum,break,cause,distal,1,0,2040,5.59,5,m
exp1,SVX3WF,experimental,balloon,sad,cause,proximal,0,1,1530,4.19,4,m
exp1,SVX3WF,experimental,balloon,sad,lexical,proximal,0,1,1530,4.19,4,m
exp1,SVX3WF,experimental,drum,angry,cause,distal,1,0,1530,4.19,4,m
exp1,SVX3WF,experimental,drum,angry,lexical,proximal,0,1,1530,4.19,4,m
exp1,dEXGY2,experimental,drum,angry,lexical,distal,1,0,1860,5.09,5,m
exp1,dEXGY2,experimental,drum,angry,cause,distal,1,0,1860,5.09,5,m
exp1,dEXGY2,experimental,balloon,sad,lexical,proximal,0,1,1860,5.09,5,m
exp1,dEXGY2,experimental,balloon,sad,cause,distal,1,0,1860,5.09,5,m
exp1,XGRGKS,control,drum,break,lexical,proximal,0,1,2640,7.23,7,m
exp1,XGRGKS,control,drum,break,cause,distal,1,0,2640,7.23,7,m
exp1,XGRGKS,control,balloon,pop,lexical,proximal,0,1,2640,7.23,7,m
exp1,XGRGKS,control,balloon,pop,cause,distal,1,0,2640,7.23,7,m
exp1,2VJGdW,experimental,drum,angry,lexical,proximal,0,1,1530,4.19,4,m
exp1,2VJGdW,experimental,drum,angry,cause,proximal,0,1,1530,4.19,4,m
exp1,2VJGdW,experimental,balloon,sad,lexical,proximal,0,1,1530,4.19,4,m
exp1,2VJGdW,experimental,balloon,sad,cause,proximal,0,1,1530,4.19,4,m
exp1,3UdSB3,control,balloon,pop,cause,distal,1,0,3330,9.12,9,m
exp1,3UdSB3,control,balloon,pop,lexical,proximal,0,1,3330,9.12,9,m
exp1,3UdSB3,control,drum,break,cause,distal,1,0,3330,9.12,9,m
exp1,3UdSB3,control,drum,break,lexical,proximal,0,1,3330,9.12,9,m
exp1,Z2cFA3,experimental,balloon,sad,cause,proximal,0,1,3090,8.46,8,m
exp1,Z2cFA3,experimental,balloon,sad,lexical,distal,1,0,3090,8.46,8,m
exp1,Z2cFA3,experimental,drum,angry,cause,proximal,0,1,3090,8.46,8,m
exp1,Z2cFA3,experimental,drum,angry,lexical,proximal,0,1,3090,8.46,8,m
exp1,XQEYdE,control,drum,break,lexical,proximal,0,1,1260,3.45,3,m
exp1,XQEYdE,control,drum,break,cause,proximal,0,1,1260,3.45,3,m
exp1,XQEYdE,control,balloon,pop,lexical,proximal,0,1,1260,3.45,3,m
exp1,XQEYdE,control,balloon,pop,cause,proximal,0,1,1260,3.45,3,m
exp1,XEW5cN,experimental,drum,angry,lexical,distal,1,0,2400,6.57,6,f
exp1,XEW5cN,experimental,drum,angry,cause,proximal,0,1,2400,6.57,6,f
exp1,XEW5cN,experimental,balloon,sad,lexical,proximal,0,1,2400,6.57,6,f
exp1,XEW5cN,experimental,balloon,sad,cause,distal,1,0,2400,6.57,6,f
exp1,PJNCNJ,experimental,drum,angry,lexical,distal,1,0,2010,5.5,5,f
exp1,PJNCNJ,experimental,drum,angry,cause,proximal,0,1,2010,5.5,5,f
exp1,PJNCNJ,experimental,balloon,sad,lexical,distal,1,0,2010,5.5,5,f
exp1,PJNCNJ,experimental,balloon,sad,cause,proximal,0,1,2010,5.5,5,f
exp1,ZU2645,experimental,balloon,sad,cause,distal,1,0,1320,3.61,3,m
exp1,ZU2645,experimental,balloon,sad,lexical,proximal,0,1,1320,3.61,3,m
exp1,ZU2645,experimental,drum,angry,cause,distal,1,0,1320,3.61,3,m
exp1,ZU2645,experimental,drum,angry,lexical,distal,1,0,1320,3.61,3,m
exp1,5dD45Y,experimental,balloon,sad,lexical,distal,1,0,1920,5.26,5,m
exp1,5dD45Y,experimental,balloon,sad,cause,distal,1,0,1920,5.26,5,m
exp1,5dD45Y,experimental,drum,angry,lexical,proximal,0,1,1920,5.26,5,m
exp1,5dD45Y,experimental,drum,angry,cause,distal,1,0,1920,5.26,5,m
exp1,MJABYc,control,balloon,pop,cause,proximal,0,1,2880,7.89,7,m
exp1,MJABYc,control,balloon,pop,lexical,proximal,0,1,2880,7.89,7,m
exp1,MJABYc,control,drum,break,cause,distal,1,0,2880,7.89,7,m
exp1,MJABYc,control,drum,break,lexical,proximal,0,1,2880,7.89,7,m
exp1,c3LAAH,experimental,drum,angry,lexical,proximal,0,1,2190,6.0,5,f
exp1,c3LAAH,experimental,drum,angry,cause,distal,1,0,2190,6.0,5,f
exp1,c3LAAH,experimental,balloon,sad,lexical,proximal,0,1,2190,6.0,5,f
exp1,c3LAAH,experimental,balloon,sad,cause,distal,1,0,2190,6.0,5,f
exp1,3T3Acd,experimental,balloon,sad,cause,proximal,0,1,3510,9.61,9,f
exp1,3T3Acd,experimental,balloon,sad,lexical,distal,1,0,3510,9.61,9,f
exp1,3T3Acd,experimental,drum,angry,cause,distal,1,0,3510,9.61,9,f
exp1,3T3Acd,experimental,drum,angry,lexical,proximal,0,1,3510,9.61,9,f
exp1,YANBFG,experimental,balloon,sad,cause,distal,1,0,3420,9.36,9,m
exp1,YANBFG,experimental,balloon,sad,lexical,proximal,0,1,3420,9.36,9,m
exp1,YANBFG,experimental,drum,angry,cause,distal,1,0,3420,9.36,9,m
exp1,YANBFG,experimental,drum,angry,lexical,proximal,0,1,3420,9.36,9,m
exp1,FLCXY4,experimental,balloon,sad,cause,distal,1,0,1740,4.76,4,m
exp1,FLCXY4,experimental,balloon,sad,lexical,proximal,0,1,1740,4.76,4,m
exp1,FLCXY4,experimental,drum,angry,cause,distal,1,0,1740,4.76,4,m
exp1,FLCXY4,experimental,drum,angry,lexical,proximal,0,1,1740,4.76,4,m
exp1,CWEPG7,experimental,drum,angry,lexical,distal,1,0,3150,8.62,8,m
exp1,CWEPG7,experimental,drum,angry,cause,distal,1,0,3150,8.62,8,m
exp1,CWEPG7,experimental,balloon,sad,lexical,distal,1,0,3150,8.62,8,m
exp1,CWEPG7,experimental,balloon,sad,cause,distal,1,0,3150,8.62,8,m
exp1,N3R565,experimental,balloon,sad,cause,proximal,0,1,3600,9.86,9,m
exp1,N3R565,experimental,balloon,sad,lexical,distal,1,0,3600,9.86,9,m
exp1,N3R565,experimental,drum,angry,cause,distal,1,0,3600,9.86,9,m
exp1,N3R565,experimental,drum,angry,lexical,proximal,0,1,3600,9.86,9,m
exp1,5TGEFG,control,drum,break,lexical,proximal,0,1,1170,3.2,3,m
exp1,5TGEFG,control,drum,break,cause,distal,1,0,1170,3.2,3,m
exp1,5TGEFG,control,balloon,pop,lexical,proximal,0,1,1170,3.2,3,m
exp1,5TGEFG,control,balloon,pop,cause,distal,1,0,1170,3.2,3,m
exp1,WNSQL3,experimental,drum,angry,cause,distal,1,0,1380,3.78,3,f
exp1,WNSQL3,experimental,drum,angry,lexical,proximal,0,1,1380,3.78,3,f
exp1,WNSQL3,experimental,balloon,sad,cause,proximal,0,1,1380,3.78,3,f
exp1,WNSQL3,experimental,balloon,sad,lexical,distal,1,0,1380,3.78,3,f
exp1,6Jc2PP,control,balloon,pop,lexical,distal,1,0,1830,5.01,5,m
exp1,6Jc2PP,control,balloon,pop,cause,distal,1,0,1830,5.01,5,m
exp1,6Jc2PP,control,drum,break,lexical,distal,1,0,1830,5.01,5,m
exp1,6Jc2PP,control,drum,break,cause,distal,1,0,1830,5.01,5,m
exp1,VL7LDC,control,drum,break,lexical,proximal,0,1,1590,4.35,4,m
exp1,VL7LDC,control,drum,break,cause,distal,1,0,1590,4.35,4,m
exp1,VL7LDC,control,balloon,pop,lexical,proximal,0,1,1590,4.35,4,m
exp1,VL7LDC,control,balloon,pop,cause,distal,1,0,1590,4.35,4,m
exp1,6U4M4Y,control,drum,break,lexical,distal,1,0,1980,5.42,5,m
exp1,6U4M4Y,control,drum,break,cause,distal,1,0,1980,5.42,5,m
exp1,6U4M4Y,control,balloon,pop,lexical,distal,1,0,1980,5.42,5,m
exp1,6U4M4Y,control,balloon,pop,cause,distal,1,0,1980,5.42,5,m
exp1,F353FP,experimental,balloon,sad,lexical,distal,1,0,3540,9.69,9,m
exp1,F353FP,experimental,balloon,sad,cause,distal,1,0,3540,9.69,9,m
exp1,F353FP,experimental,drum,angry,lexical,distal,1,0,3540,9.69,9,m
exp1,F353FP,experimental,drum,angry,cause,distal,1,0,3540,9.69,9,m
exp1,AdTAJX,experimental,balloon,sad,lexical,proximal,0,1,1740,4.76,4,f
exp1,AdTAJX,experimental,balloon,sad,cause,distal,1,0,1740,4.76,4,f
exp1,AdTAJX,experimental,drum,angry,lexical,proximal,0,1,1740,4.76,4,f
exp1,AdTAJX,experimental,drum,angry,cause,distal,1,0,1740,4.76,4,f
exp1,RZQBNV,experimental,drum,angry,cause,proximal,0,1,1410,3.86,3,f
exp1,RZQBNV,experimental,drum,angry,lexical,proximal,0,1,1410,3.86,3,f
exp1,RZQBNV,experimental,balloon,sad,cause,distal,1,0,1410,3.86,3,f
exp1,RZQBNV,experimental,balloon,sad,lexical,proximal,0,1,1410,3.86,3,f
exp1,7HB7X2,experimental,drum,angry,lexical,proximal,0,1,1320,3.61,3,f
exp1,7HB7X2,experimental,drum,angry,cause,distal,1,0,1320,3.61,3,f
exp1,7HB7X2,experimental,balloon,sad,lexical,distal,1,0,1320,3.61,3,f
exp1,7HB7X2,experimental,balloon,sad,cause,proximal,0,1,1320,3.61,3,f
exp1,R7SPZD,experimental,drum,angry,cause,distal,1,0,2790,7.64,7,f
exp1,R7SPZD,experimental,drum,angry,lexical,proximal,0,1,2790,7.64,7,f
exp1,R7SPZD,experimental,balloon,sad,cause,distal,1,0,2790,7.64,7,f
exp1,R7SPZD,experimental,balloon,sad,lexical,proximal,0,1,2790,7.64,7,f
exp1,RJ4E47,experimental,drum,angry,lexical,proximal,0,1,2760,7.56,7,f
exp1,RJ4E47,experimental,drum,angry,cause,proximal,0,1,2760,7.56,7,f
exp1,RJ4E47,experimental,balloon,sad,lexical,proximal,0,1,2760,7.56,7,f
exp1,RJ4E47,experimental,balloon,sad,cause,proximal,0,1,2760,7.56,7,f
exp1,N6Y3RE,control,drum,break,lexical,proximal,0,1,1230,3.37,3,f
exp1,N6Y3RE,control,drum,break,cause,distal,1,0,1230,3.37,3,f
exp1,N6Y3RE,control,balloon,pop,lexical,proximal,0,1,1230,3.37,3,f
exp1,N6Y3RE,control,balloon,pop,cause,distal,1,0,1230,3.37,3,f
exp1,WBQSW5,experimental,balloon,sad,lexical,distal,1,0,2370,6.49,6,m
exp1,WBQSW5,experimental,balloon,sad,cause,proximal,0,1,2370,6.49,6,m
exp1,WBQSW5,experimental,drum,angry,lexical,proximal,0,1,2370,6.49,6,m
exp1,WBQSW5,experimental,drum,angry,cause,distal,1,0,2370,6.49,6,m
exp1,LLEJFG,control,drum,break,lexical,proximal,0,1,1620,4.44,4,f
exp1,LLEJFG,control,drum,break,cause,distal,1,0,1620,4.44,4,f
exp1,LLEJFG,control,balloon,pop,lexical,proximal,0,1,1620,4.44,4,f
exp1,LLEJFG,control,balloon,pop,cause,distal,1,0,1620,4.44,4,f
exp1,XEU7S6,experimental,drum,angry,lexical,distal,1,0,1830,5.01,5,m
exp1,XEU7S6,experimental,drum,angry,cause,distal,1,0,1830,5.01,5,m
exp1,XEU7S6,experimental,balloon,sad,lexical,proximal,0,1,1830,5.01,5,m
exp1,XEU7S6,experimental,balloon,sad,cause,distal,1,0,1830,5.01,5,m
exp1,YANBFG,experimental,drum,angry,lexical,proximal,0,1,3420,9.36,9,m
exp1,YANBFG,experimental,drum,angry,cause,distal,1,0,3420,9.36,9,m
exp1,YANBFG,experimental,balloon,sad,lexical,proximal,0,1,3420,9.36,9,m
exp1,YANBFG,experimental,balloon,sad,cause,distal,1,0,3420,9.36,9,m
exp1,VL7LDC,experimental,drum,angry,cause,distal,1,0,1590,4.35,4,m
exp1,VL7LDC,experimental,drum,angry,lexical,proximal,0,1,1590,4.35,4,m
exp1,VL7LDC,experimental,balloon,sad,cause,proximal,0,1,1590,4.35,4,m
exp1,VL7LDC,experimental,balloon,sad,lexical,distal,1,0,1590,4.35,4,m
exp1,4YHMMc,control,drum,break,cause,proximal,0,1,1200,3.29,3,f
exp1,4YHMMc,control,drum,break,lexical,proximal,0,1,1200,3.29,3,f
exp1,4YHMMc,control,balloon,pop,cause,proximal,0,1,1200,3.29,3,f
exp1,4YHMMc,control,balloon,pop,lexical,proximal,0,1,1200,3.29,3,f
exp1,FXG457,control,drum,break,lexical,distal,1,0,1260,3.45,3,m
exp1,FXG457,control,drum,break,cause,proximal,0,1,1260,3.45,3,m
exp1,FXG457,control,balloon,pop,lexical,proximal,0,1,1260,3.45,3,m
exp1,FXG457,control,balloon,pop,cause,distal,1,0,1260,3.45,3,m
exp1,233425,control,drum,break,lexical,proximal,0,1,1680,4.6,4,f
exp1,233425,control,drum,break,cause,proximal,0,1,1680,4.6,4,f
exp1,233425,control,balloon,pop,lexical,proximal,0,1,1680,4.6,4,f
exp1,233425,control,balloon,pop,cause,proximal,0,1,1680,4.6,4,f
exp1,U6GNPN,control,drum,break,lexical,proximal,0,1,1770,4.85,4,m
exp1,U6GNPN,control,drum,break,cause,distal,1,0,1770,4.85,4,m
exp1,U6GNPN,control,balloon,pop,lexical,proximal,0,1,1770,4.85,4,m
exp1,U6GNPN,control,balloon,pop,cause,distal,1,0,1770,4.85,4,m
exp1,SCFGHT,experimental,drum,angry,cause,proximal,0,1,1140,3.12,3,f
exp1,SCFGHT,experimental,drum,angry,lexical,distal,1,0,1140,3.12,3,f
exp1,SCFGHT,experimental,balloon,sad,cause,proximal,0,1,1140,3.12,3,f
exp1,SCFGHT,experimental,balloon,sad,lexical,distal,1,0,1140,3.12,3,f
exp1,HCXDQT,experimental,balloon,sad,lexical,proximal,0,1,2700,7.39,7,f
exp1,HCXDQT,experimental,balloon,sad,cause,distal,1,0,2700,7.39,7,f
exp1,HCXDQT,experimental,drum,angry,lexical,proximal,0,1,2700,7.39,7,f
exp1,HCXDQT,experimental,drum,angry,cause,distal,1,0,2700,7.39,7,f
exp1,cdAWRC,control,drum,break,cause,distal,1,0,3510,9.61,9,m
exp1,cdAWRC,control,drum,break,lexical,proximal,0,1,3510,9.61,9,m
exp1,cdAWRC,control,balloon,pop,cause,distal,1,0,3510,9.61,9,m
exp1,cdAWRC,control,balloon,pop,lexical,proximal,0,1,3510,9.61,9,m
exp1,XMWLPc,control,balloon,pop,cause,distal,1,0,2610,7.15,7,f
exp1,XMWLPc,control,balloon,pop,lexical,proximal,0,1,2610,7.15,7,f
exp1,XMWLPc,control,drum,break,cause,distal,1,0,2610,7.15,7,f
exp1,XMWLPc,control,drum,break,lexical,proximal,0,1,2610,7.15,7,f
exp1,KZLHD7,control,balloon,pop,lexical,proximal,0,1,3600,9.86,9,f
exp1,KZLHD7,control,balloon,pop,cause,distal,1,0,3600,9.86,9,f
exp1,KZLHD7,control,drum,break,lexical,proximal,0,1,3600,9.86,9,f
exp1,KZLHD7,control,drum,break,cause,distal,1,0,3600,9.86,9,f
exp1,V2C7T3,experimental,balloon,sad,cause,distal,1,0,3300,9.03,9,f
exp1,V2C7T3,experimental,balloon,sad,lexical,proximal,0,1,3300,9.03,9,f
exp1,V2C7T3,experimental,drum,angry,cause,distal,1,0,3300,9.03,9,f
exp1,V2C7T3,experimental,drum,angry,lexical,proximal,0,1,3300,9.03,9,f
exp1,SGTPRA,control,balloon,pop,cause,proximal,0,1,3240,8.87,8,f
exp1,SGTPRA,control,balloon,pop,lexical,proximal,0,1,3240,8.87,8,f
exp1,SGTPRA,control,drum,break,cause,distal,1,0,3240,8.87,8,f
exp1,SGTPRA,control,drum,break,lexical,proximal,0,1,3240,8.87,8,f
exp1,HcdCEL,experimental,balloon,sad,lexical,proximal,0,1,2520,6.9,6,m
exp1,HcdCEL,experimental,balloon,sad,cause,distal,1,0,2520,6.9,6,m
exp1,HcdCEL,experimental,drum,angry,lexical,proximal,0,1,2520,6.9,6,m
exp1,HcdCEL,experimental,drum,angry,cause,distal,1,0,2520,6.9,6,m
exp1,QLJ54D,control,balloon,pop,cause,proximal,0,1,1350,3.7,3,f
exp1,QLJ54D,control,balloon,pop,lexical,proximal,0,1,1350,3.7,3,f
exp1,QLJ54D,control,drum,break,cause,proximal,0,1,1350,3.7,3,f
exp1,QLJ54D,control,drum,break,lexical,proximal,0,1,1350,3.7,3,f
exp1,E5EAWX,control,drum,break,lexical,proximal,0,1,2940,8.05,8,m
exp1,E5EAWX,control,drum,break,cause,proximal,0,1,2940,8.05,8,m
exp1,E5EAWX,control,balloon,pop,lexical,proximal,0,1,2940,8.05,8,m
exp1,E5EAWX,control,balloon,pop,cause,proximal,0,1,2940,8.05,8,m
exp1,SACcAE,experimental,balloon,sad,lexical,distal,1,0,2790,7.64,7,m
exp1,SACcAE,experimental,balloon,sad,cause,distal,1,0,2790,7.64,7,m
exp1,SACcAE,experimental,drum,angry,lexical,proximal,0,1,2790,7.64,7,m
exp1,SACcAE,experimental,drum,angry,cause,distal,1,0,2790,7.64,7,m
exp1,LPGFDW,experimental,balloon,sad,cause,distal,1,0,1800,4.93,4,f
exp1,LPGFDW,experimental,balloon,sad,lexical,proximal,0,1,1800,4.93,4,f
exp1,LPGFDW,experimental,drum,angry,cause,distal,1,0,1800,4.93,4,f
exp1,LPGFDW,experimental,drum,angry,lexical,proximal,0,1,1800,4.93,4,f
exp1,2MWSYH,experimental,drum,angry,cause,distal,1,0,2190,6.0,5,f
exp1,2MWSYH,experimental,drum,angry,lexical,proximal,0,1,2190,6.0,5,f
exp1,2MWSYH,experimental,balloon,sad,cause,distal,1,0,2190,6.0,5,f
exp1,2MWSYH,experimental,balloon,sad,lexical,proximal,0,1,2190,6.0,5,f
exp1,6FA4FF,control,balloon,pop,lexical,distal,1,0,1260,3.45,3,m
exp1,6FA4FF,control,balloon,pop,cause,distal,1,0,1260,3.45,3,m
exp1,6FA4FF,control,drum,break,lexical,distal,1,0,1260,3.45,3,m
exp1,6FA4FF,control,drum,break,cause,proximal,0,1,1260,3.45,3,m
exp1,D43SAE,control,drum,break,lexical,proximal,0,1,1530,4.19,4,f
exp1,D43SAE,control,drum,break,cause,proximal,0,1,1530,4.19,4,f
exp1,D43SAE,control,balloon,pop,lexical,proximal,0,1,1530,4.19,4,f
exp1,D43SAE,control,balloon,pop,cause,proximal,0,1,1530,4.19,4,f
exp1,UYYCJJ,control,balloon,pop,lexical,proximal,0,1,2400,6.57,6,m
exp1,UYYCJJ,control,balloon,pop,cause,distal,1,0,2400,6.57,6,m
exp1,UYYCJJ,control,drum,break,lexical,proximal,0,1,2400,6.57,6,m
exp1,UYYCJJ,control,drum,break,cause,distal,1,0,2400,6.57,6,m
exp1,D6W4LU,experimental,drum,angry,cause,distal,1,0,2460,6.74,6,f
exp1,D6W4LU,experimental,drum,angry,lexical,proximal,0,1,2460,6.74,6,f
exp1,D6W4LU,experimental,balloon,sad,cause,proximal,0,1,2460,6.74,6,f
exp1,D6W4LU,experimental,balloon,sad,lexical,proximal,0,1,2460,6.74,6,f
exp1,ZT2TVD,experimental,balloon,sad,lexical,proximal,0,1,1410,3.86,3,m
exp1,ZT2TVD,experimental,balloon,sad,cause,distal,1,0,1410,3.86,3,m
exp1,ZT2TVD,experimental,drum,angry,lexical,proximal,0,1,1410,3.86,3,m
exp1,ZT2TVD,experimental,drum,angry,cause,distal,1,0,1410,3.86,3,m
exp1,V5UTSU,experimental,balloon,sad,cause,distal,1,0,2220,6.08,6,f
exp1,V5UTSU,experimental,balloon,sad,lexical,distal,1,0,2220,6.08,6,f
exp1,V5UTSU,experimental,drum,angry,cause,distal,1,0,2220,6.08,6,f
exp1,V5UTSU,experimental,drum,angry,lexical,distal,1,0,2220,6.08,6,f
exp1,3RJEXP,control,drum,break,lexical,proximal,0,1,1440,3.94,3,f
exp1,3RJEXP,control,drum,break,cause,proximal,0,1,1440,3.94,3,f
exp1,3RJEXP,control,balloon,pop,lexical,proximal,0,1,1440,3.94,3,f
exp1,3RJEXP,control,balloon,pop,cause,distal,1,0,1440,3.94,3,f
exp1,FdRKC5,control,balloon,pop,cause,proximal,0,1,1770,4.85,4,f
exp1,FdRKC5,control,balloon,pop,lexical,proximal,0,1,1770,4.85,4,f
exp1,FdRKC5,control,drum,break,cause,distal,1,0,1770,4.85,4,f
exp1,FdRKC5,control,drum,break,lexical,proximal,0,1,1770,4.85,4,f
exp1,VQ37RW,experimental,balloon,sad,cause,distal,1,0,1410,3.86,3,m
exp1,VQ37RW,experimental,balloon,sad,lexical,distal,1,0,1410,3.86,3,m
exp1,VQ37RW,experimental,drum,angry,cause,distal,1,0,1410,3.86,3,m
exp1,VQ37RW,experimental,drum,angry,lexical,distal,1,0,1410,3.86,3,m
exp1,L3FXNS,control,balloon,pop,lexical,proximal,0,1,1260,3.45,3,f
exp1,L3FXNS,control,balloon,pop,cause,distal,1,0,1260,3.45,3,f
exp1,L3FXNS,control,drum,break,lexical,proximal,0,1,1260,3.45,3,f
exp1,L3FXNS,control,drum,break,cause,distal,1,0,1260,3.45,3,f
exp1,SYcMDM,experimental,balloon,sad,lexical,proximal,0,1,1500,4.11,4,m
exp1,SYcMDM,experimental,balloon,sad,cause,distal,1,0,1500,4.11,4,m
exp1,SYcMDM,experimental,drum,angry,lexical,proximal,0,1,1500,4.11,4,m
exp1,SYcMDM,experimental,drum,angry,cause,proximal,0,1,1500,4.11,4,m
exp1,BDdE2L,control,drum,break,cause,proximal,0,1,1590,4.35,4,f
exp1,BDdE2L,control,drum,break,lexical,proximal,0,1,1590,4.35,4,f
exp1,BDdE2L,control,balloon,pop,cause,proximal,0,1,1590,4.35,4,f
exp1,BDdE2L,control,balloon,pop,lexical,proximal,0,1,1590,4.35,4,f
exp1,GAZB2G,experimental,drum,angry,cause,distal,1,0,1530,4.19,4,f
exp1,GAZB2G,experimental,drum,angry,lexical,proximal,0,1,1530,4.19,4,f
exp1,GAZB2G,experimental,balloon,sad,cause,proximal,0,1,1530,4.19,4,f
exp1,GAZB2G,experimental,balloon,sad,lexical,distal,1,0,1530,4.19,4,f
exp1,Q4MYQF,control,drum,break,cause,distal,1,0,1380,3.78,3,m
exp1,Q4MYQF,control,drum,break,lexical,distal,1,0,1380,3.78,3,m
exp1,Q4MYQF,control,balloon,pop,cause,distal,1,0,1380,3.78,3,m
exp1,Q4MYQF,control,balloon,pop,lexical,distal,1,0,1380,3.78,3,m
exp1,NVSH4Z,control,balloon,pop,cause,proximal,0,1,3000,8.21,8,m
exp1,NVSH4Z,control,balloon,pop,lexical,proximal,0,1,3000,8.21,8,m
exp1,NVSH4Z,control,drum,break,cause,distal,1,0,3000,8.21,8,m
exp1,NVSH4Z,control,drum,break,lexical,proximal,0,1,3000,8.21,8,m
exp1,7TU5PN,control,drum,break,cause,proximal,0,1,1290,3.53,3,m
exp1,7TU5PN,control,drum,break,lexical,proximal,0,1,1290,3.53,3,m
exp1,7TU5PN,control,balloon,pop,cause,proximal,0,1,1290,3.53,3,m
exp1,7TU5PN,control,balloon,pop,lexical,distal,1,0,1290,3.53,3,m
exp1,PEXLLK,experimental,balloon,sad,lexical,proximal,0,1,2820,7.72,7,f
exp1,PEXLLK,experimental,balloon,sad,cause,distal,1,0,2820,7.72,7,f
exp1,PEXLLK,experimental,drum,angry,lexical,distal,1,0,2820,7.72,7,f
exp1,PEXLLK,experimental,drum,angry,cause,distal,1,0,2820,7.72,7,f
exp1,McNNHL,control,balloon,pop,lexical,proximal,0,1,1800,4.93,4,m
exp1,McNNHL,control,balloon,pop,cause,proximal,0,1,1800,4.93,4,m
exp1,McNNHL,control,drum,break,lexical,proximal,0,1,1800,4.93,4,m
exp1,McNNHL,control,drum,break,cause,proximal,0,1,1800,4.93,4,m
exp1,AY5cVK,control,balloon,pop,lexical,proximal,0,1,1680,4.6,4,f
exp1,AY5cVK,control,balloon,pop,cause,distal,1,0,1680,4.6,4,f
exp1,AY5cVK,control,drum,break,lexical,proximal,0,1,1680,4.6,4,f
exp1,AY5cVK,control,drum,break,cause,distal,1,0,1680,4.6,4,f
exp1,Ec5DPZ,control,balloon,pop,lexical,proximal,0,1,1950,5.34,5,f
exp1,Ec5DPZ,control,balloon,pop,cause,distal,1,0,1950,5.34,5,f
exp1,Ec5DPZ,control,drum,break,lexical,proximal,0,1,1950,5.34,5,f
exp1,Ec5DPZ,control,drum,break,cause,distal,1,0,1950,5.34,5,f
exp1,42UR3c,experimental,drum,angry,lexical,proximal,0,1,1350,3.7,3,f
exp1,42UR3c,experimental,drum,angry,cause,proximal,0,1,1350,3.7,3,f
exp1,42UR3c,experimental,balloon,sad,lexical,distal,1,0,1350,3.7,3,f
exp1,42UR3c,experimental,balloon,sad,cause,distal,1,0,1350,3.7,3,f
exp1,6YGLGc,control,drum,break,lexical,distal,1,0,1650,4.52,4,f
exp1,6YGLGc,control,drum,break,cause,distal,1,0,1650,4.52,4,f
exp1,6YGLGc,control,balloon,pop,lexical,distal,1,0,1650,4.52,4,f
exp1,6YGLGc,control,balloon,pop,cause,proximal,0,1,1650,4.52,4,f
exp1,MdQSVN,experimental,drum,angry,lexical,distal,1,0,2520,6.9,6,f
exp1,MdQSVN,experimental,drum,angry,cause,distal,1,0,2520,6.9,6,f
exp1,MdQSVN,experimental,balloon,sad,lexical,distal,1,0,2520,6.9,6,f
exp1,MdQSVN,experimental,balloon,sad,cause,distal,1,0,2520,6.9,6,f
exp1,N3R565,experimental,balloon,sad,lexical,proximal,0,1,3600,9.86,9,m
exp1,N3R565,experimental,balloon,sad,cause,distal,1,0,3600,9.86,9,m
exp1,N3R565,experimental,drum,angry,lexical,distal,1,0,3600,9.86,9,m
exp1,N3R565,experimental,drum,angry,cause,proximal,0,1,3600,9.86,9,m
exp1,GE3RG4,experimental,balloon,sad,cause,distal,1,0,1290,3.53,3,m
exp1,GE3RG4,experimental,balloon,sad,lexical,distal,1,0,1290,3.53,3,m
exp1,GE3RG4,experimental,drum,angry,cause,proximal,0,1,1290,3.53,3,m
exp1,GE3RG4,experimental,drum,angry,lexical,distal,1,0,1290,3.53,3,m
exp1,NECAX3,experimental,drum,angry,cause,proximal,0,1,1320,3.61,3,f
exp1,NECAX3,experimental,drum,angry,lexical,proximal,0,1,1320,3.61,3,f
exp1,NECAX3,experimental,balloon,sad,cause,distal,1,0,1320,3.61,3,f
exp1,NECAX3,experimental,balloon,sad,lexical,distal,1,0,1320,3.61,3,f
exp1,6YL4KH,experimental,drum,angry,cause,proximal,0,1,1410,3.86,3,m
exp1,6YL4KH,experimental,drum,angry,lexical,distal,1,0,1410,3.86,3,m
exp1,6YL4KH,experimental,balloon,sad,cause,proximal,0,1,1410,3.86,3,m
exp1,6YL4KH,experimental,balloon,sad,lexical,distal,1,0,1410,3.86,3,m
exp1,3ZGRVB,experimental,drum,angry,cause,distal,1,0,1290,3.53,3,m
exp1,3ZGRVB,experimental,drum,angry,lexical,proximal,0,1,1290,3.53,3,m
exp1,3ZGRVB,experimental,balloon,sad,cause,distal,1,0,1290,3.53,3,m
exp1,3ZGRVB,experimental,balloon,sad,lexical,proximal,0,1,1290,3.53,3,m
exp1,XXXD5K,experimental,balloon,sad,cause,distal,1,0,3210,8.79,8,f
exp1,XXXD5K,experimental,balloon,sad,lexical,distal,1,0,3210,8.79,8,f
exp1,XXXD5K,experimental,drum,angry,cause,distal,1,0,3210,8.79,8,f
exp1,XXXD5K,experimental,drum,angry,lexical,distal,1,0,3210,8.79,8,f
exp1,WFQPWU,control,balloon,pop,cause,distal,1,0,2190,6.0,5,m
exp1,WFQPWU,control,balloon,pop,lexical,proximal,0,1,2190,6.0,5,m
exp1,WFQPWU,control,drum,break,cause,distal,1,0,2190,6.0,5,m
exp1,WFQPWU,control,drum,break,lexical,proximal,0,1,2190,6.0,5,m
exp1,HdLMRF,experimental,balloon,sad,lexical,distal,1,0,1170,3.2,3,m
exp1,HdLMRF,experimental,balloon,sad,cause,proximal,0,1,1170,3.2,3,m
exp1,HdLMRF,experimental,drum,angry,lexical,proximal,0,1,1170,3.2,3,m
exp1,HdLMRF,experimental,drum,angry,cause,proximal,0,1,1170,3.2,3,m
exp1,QAVXVH,experimental,balloon,sad,lexical,distal,1,0,3420,9.36,9,m
exp1,QAVXVH,experimental,balloon,sad,cause,distal,1,0,3420,9.36,9,m
exp1,QAVXVH,experimental,drum,angry,lexical,distal,1,0,3420,9.36,9,m
exp1,QAVXVH,experimental,drum,angry,cause,distal,1,0,3420,9.36,9,m
exp1,P7VSRQ,control,balloon,pop,lexical,proximal,0,1,2730,7.47,7,m
exp1,P7VSRQ,control,balloon,pop,cause,distal,1,0,2730,7.47,7,m
exp1,P7VSRQ,control,drum,break,lexical,proximal,0,1,2730,7.47,7,m
exp1,P7VSRQ,control,drum,break,cause,distal,1,0,2730,7.47,7,m
exp1,BTBS34,control,balloon,pop,lexical,distal,1,0,1890,5.17,5,f
exp1,BTBS34,control,balloon,pop,cause,distal,1,0,1890,5.17,5,f
exp1,BTBS34,control,drum,break,lexical,distal,1,0,1890,5.17,5,f
exp1,BTBS34,control,drum,break,cause,distal,1,0,1890,5.17,5,f
exp1,UJDcZB,control,drum,break,lexical,proximal,0,1,2370,6.49,6,f
exp1,UJDcZB,control,drum,break,cause,distal,1,0,2370,6.49,6,f
exp1,UJDcZB,control,balloon,pop,lexical,proximal,0,1,2370,6.49,6,f
exp1,UJDcZB,control,balloon,pop,cause,distal,1,0,2370,6.49,6,f
exp1,QYXFPT,control,balloon,pop,cause,distal,1,0,2400,6.57,6,m
exp1,QYXFPT,control,balloon,pop,lexical,distal,1,0,2400,6.57,6,m
exp1,QYXFPT,control,drum,break,cause,distal,1,0,2400,6.57,6,m
exp1,QYXFPT,control,drum,break,lexical,proximal,0,1,2400,6.57,6,m
exp1,AVcU4C,control,balloon,pop,cause,distal,1,0,1830,5.01,5,f
exp1,AVcU4C,control,balloon,pop,lexical,distal,1,0,1830,5.01,5,f
exp1,AVcU4C,control,drum,break,cause,distal,1,0,1830,5.01,5,f
exp1,AVcU4C,control,drum,break,lexical,distal,1,0,1830,5.01,5,f
exp1,QER6RR,experimental,balloon,sad,cause,distal,1,0,3030,8.3,8,f
exp1,QER6RR,experimental,balloon,sad,lexical,distal,1,0,3030,8.3,8,f
exp1,QER6RR,experimental,drum,angry,cause,distal,1,0,3030,8.3,8,f
exp1,QER6RR,experimental,drum,angry,lexical,distal,1,0,3030,8.3,8,f
exp1,GMB67C,control,balloon,pop,lexical,proximal,0,1,1380,3.78,3,f
exp1,GMB67C,control,balloon,pop,cause,proximal,0,1,1380,3.78,3,f
exp1,GMB67C,control,drum,break,lexical,proximal,0,1,1380,3.78,3,f
exp1,GMB67C,control,drum,break,cause,proximal,0,1,1380,3.78,3,f
exp1,SJESSC,experimental,balloon,sad,cause,distal,1,0,1530,4.19,4,m
exp1,SJESSC,experimental,balloon,sad,lexical,proximal,0,1,1530,4.19,4,m
exp1,SJESSC,experimental,drum,angry,cause,proximal,0,1,1530,4.19,4,m
exp1,SJESSC,experimental,drum,angry,lexical,distal,1,0,1530,4.19,4,m
exp1,c7XCTY,control,balloon,pop,lexical,proximal,0,1,3000,8.21,8,f
exp1,c7XCTY,control,balloon,pop,cause,distal,1,0,3000,8.21,8,f
exp1,c7XCTY,control,drum,break,lexical,proximal,0,1,3000,8.21,8,f
exp1,c7XCTY,control,drum,break,cause,distal,1,0,3000,8.21,8,f
exp1,5DLcKC,control,balloon,pop,lexical,proximal,0,1,1620,4.44,4,f
exp1,5DLcKC,control,balloon,pop,cause,distal,1,0,1620,4.44,4,f
exp1,5DLcKC,control,drum,break,lexical,proximal,0,1,1620,4.44,4,f
exp1,5DLcKC,control,drum,break,cause,distal,1,0,1620,4.44,4,f
exp1,C3QYSX,control,drum,break,cause,proximal,0,1,1890,5.17,5,f
exp1,C3QYSX,control,drum,break,lexical,distal,1,0,1890,5.17,5,f
exp1,C3QYSX,control,balloon,pop,cause,proximal,0,1,1890,5.17,5,f
exp1,C3QYSX,control,balloon,pop,lexical,distal,1,0,1890,5.17,5,f
exp1,3QSJBZ,experimental,drum,angry,lexical,proximal,0,1,3180,8.71,8,f
exp1,3QSJBZ,experimental,drum,angry,cause,distal,1,0,3180,8.71,8,f
exp1,3QSJBZ,experimental,balloon,sad,lexical,proximal,0,1,3180,8.71,8,f
exp1,3QSJBZ,experimental,balloon,sad,cause,distal,1,0,3180,8.71,8,f
exp1,BWMd6Q,experimental,drum,angry,cause,distal,1,0,2490,6.82,6,m
exp1,BWMd6Q,experimental,drum,angry,lexical,distal,1,0,2490,6.82,6,m
exp1,BWMd6Q,experimental,balloon,sad,cause,proximal,0,1,2490,6.82,6,m
exp1,BWMd6Q,experimental,balloon,sad,lexical,distal,1,0,2490,6.82,6,m
exp1,DYZGC7,experimental,balloon,sad,lexical,proximal,0,1,3120,8.54,8,f
exp1,DYZGC7,experimental,balloon,sad,cause,distal,1,0,3120,8.54,8,f
exp1,DYZGC7,experimental,drum,angry,lexical,proximal,0,1,3120,8.54,8,f
exp1,DYZGC7,experimental,drum,angry,cause,distal,1,0,3120,8.54,8,f
exp1,6A2ZNH,control,drum,break,lexical,proximal,0,1,2220,6.08,6,m
exp1,6A2ZNH,control,drum,break,cause,distal,1,0,2220,6.08,6,m
exp1,6A2ZNH,control,balloon,pop,lexical,proximal,0,1,2220,6.08,6,m
exp1,6A2ZNH,control,balloon,pop,cause,distal,1,0,2220,6.08,6,m
exp1,5BcCTP,control,drum,break,lexical,distal,1,0,2850,7.8,7,m
exp1,5BcCTP,control,drum,break,cause,distal,1,0,2850,7.8,7,m
exp1,5BcCTP,control,balloon,pop,lexical,proximal,0,1,2850,7.8,7,m
exp1,5BcCTP,control,balloon,pop,cause,distal,1,0,2850,7.8,7,m
exp1,LDGSG4,experimental,balloon,sad,cause,distal,1,0,3450,9.45,9,m
exp1,LDGSG4,experimental,balloon,sad,lexical,proximal,0,1,3450,9.45,9,m
exp1,LDGSG4,experimental,drum,angry,cause,distal,1,0,3450,9.45,9,m
exp1,LDGSG4,experimental,drum,angry,lexical,proximal,0,1,3450,9.45,9,m
exp1,QBYB2Z,control,balloon,pop,lexical,proximal,0,1,1320,3.61,3,m
exp1,QBYB2Z,control,balloon,pop,cause,proximal,0,1,1320,3.61,3,m
exp1,QBYB2Z,control,drum,break,lexical,proximal,0,1,1320,3.61,3,m
exp1,QBYB2Z,control,drum,break,cause,proximal,0,1,1320,3.61,3,m
exp1,75JVR5,control,drum,break,lexical,proximal,0,1,1770,4.85,4,m
exp1,75JVR5,control,drum,break,cause,distal,1,0,1770,4.85,4,m
exp1,75JVR5,control,balloon,pop,lexical,proximal,0,1,1770,4.85,4,m
exp1,75JVR5,control,balloon,pop,cause,distal,1,0,1770,4.85,4,m
exp1,EcUV4c,experimental,drum,angry,lexical,distal,1,0,3600,9.86,9,m
exp1,EcUV4c,experimental,drum,angry,cause,distal,1,0,3600,9.86,9,m
exp1,EcUV4c,experimental,balloon,sad,lexical,proximal,0,1,3600,9.86,9,m
exp1,EcUV4c,experimental,balloon,sad,cause,distal,1,0,3600,9.86,9,m
exp1,6QAWCB,control,drum,break,lexical,proximal,0,1,2850,7.8,7,m
exp1,6QAWCB,control,drum,break,cause,distal,1,0,2850,7.8,7,m
exp1,6QAWCB,control,balloon,pop,lexical,proximal,0,1,2850,7.8,7,m
exp1,6QAWCB,control,balloon,pop,cause,distal,1,0,2850,7.8,7,m
exp1,MPDDK4,control,drum,break,lexical,proximal,0,1,1470,4.02,4,f
exp1,MPDDK4,control,drum,break,cause,distal,1,0,1470,4.02,4,f
exp1,MPDDK4,control,balloon,pop,lexical,proximal,0,1,1470,4.02,4,f
exp1,MPDDK4,control,balloon,pop,cause,distal,1,0,1470,4.02,4,f
exp1,BPJJ75,control,drum,break,lexical,proximal,0,1,2970,8.13,8,m
exp1,BPJJ75,control,drum,break,cause,distal,1,0,2970,8.13,8,m
exp1,BPJJ75,control,balloon,pop,lexical,proximal,0,1,2970,8.13,8,m
exp1,BPJJ75,control,balloon,pop,cause,distal,1,0,2970,8.13,8,m
exp1,4BCCPF,experimental,drum,angry,cause,proximal,0,1,1560,4.27,4,f
exp1,4BCCPF,experimental,drum,angry,lexical,proximal,0,1,1560,4.27,4,f
exp1,4BCCPF,experimental,balloon,sad,cause,proximal,0,1,1560,4.27,4,f
exp1,4BCCPF,experimental,balloon,sad,lexical,distal,1,0,1560,4.27,4,f
exp1,S2DCND,control,balloon,pop,lexical,proximal,0,1,2580,7.06,7,m
exp1,S2DCND,control,balloon,pop,cause,distal,1,0,2580,7.06,7,m
exp1,S2DCND,control,drum,break,lexical,proximal,0,1,2580,7.06,7,m
exp1,S2DCND,control,drum,break,cause,distal,1,0,2580,7.06,7,m
exp1,cPPF6A,experimental,drum,angry,cause,proximal,0,1,2100,5.75,5,f
exp1,cPPF6A,experimental,drum,angry,lexical,distal,1,0,2100,5.75,5,f
exp1,cPPF6A,experimental,balloon,sad,cause,proximal,0,1,2100,5.75,5,f
exp1,cPPF6A,experimental,balloon,sad,lexical,distal,1,0,2100,5.75,5,f
exp1,DYWSD3,experimental,balloon,sad,cause,distal,1,0,1380,3.78,3,m
exp1,DYWSD3,experimental,balloon,sad,lexical,distal,1,0,1380,3.78,3,m
exp1,DYWSD3,experimental,drum,angry,cause,distal,1,0,1380,3.78,3,m
exp1,DYWSD3,experimental,drum,angry,lexical,distal,1,0,1380,3.78,3,m
exp1,YRYGF6,experimental,drum,angry,lexical,proximal,0,1,1200,3.29,3,m
exp1,YRYGF6,experimental,drum,angry,cause,distal,1,0,1200,3.29,3,m
exp1,YRYGF6,experimental,balloon,sad,lexical,distal,1,0,1200,3.29,3,m
exp1,YRYGF6,experimental,balloon,sad,cause,proximal,0,1,1200,3.29,3,m
exp1,EJBAFD,experimental,balloon,sad,lexical,proximal,0,1,2820,7.72,7,m
exp1,EJBAFD,experimental,balloon,sad,cause,distal,1,0,2820,7.72,7,m
exp1,EJBAFD,experimental,drum,angry,lexical,proximal,0,1,2820,7.72,7,m
exp1,EJBAFD,experimental,drum,angry,cause,distal,1,0,2820,7.72,7,m
exp1,PHHdGY,experimental,balloon,sad,lexical,proximal,0,1,3450,9.45,9,f
exp1,PHHdGY,experimental,balloon,sad,cause,proximal,0,1,3450,9.45,9,f
exp1,PHHdGY,experimental,drum,angry,lexical,distal,1,0,3450,9.45,9,f
exp1,PHHdGY,experimental,drum,angry,cause,distal,1,0,3450,9.45,9,f
exp1,XDH4NA,experimental,balloon,sad,cause,distal,1,0,2820,7.72,7,m
exp1,XDH4NA,experimental,balloon,sad,lexical,proximal,0,1,2820,7.72,7,m
exp1,XDH4NA,experimental,drum,angry,cause,distal,1,0,2820,7.72,7,m
exp1,XDH4NA,experimental,drum,angry,lexical,proximal,0,1,2820,7.72,7,m
exp1,EZJVBV,control,drum,break,lexical,proximal,0,1,3360,9.2,9,m
exp1,EZJVBV,control,drum,break,cause,distal,1,0,3360,9.2,9,m
exp1,EZJVBV,control,balloon,pop,lexical,proximal,0,1,3360,9.2,9,m
exp1,EZJVBV,control,balloon,pop,cause,distal,1,0,3360,9.2,9,m
exp1,4VdA47,control,drum,break,lexical,proximal,0,1,3510,9.61,9,m
exp1,4VdA47,control,drum,break,cause,distal,1,0,3510,9.61,9,m
exp1,4VdA47,control,balloon,pop,lexical,proximal,0,1,3510,9.61,9,m
exp1,4VdA47,control,balloon,pop,cause,distal,1,0,3510,9.61,9,m
exp1,4WJLQF,experimental,drum,angry,cause,distal,1,0,1770,4.85,4,f
exp1,4WJLQF,experimental,drum,angry,lexical,proximal,0,1,1770,4.85,4,f
exp1,4WJLQF,experimental,balloon,sad,cause,distal,1,0,1770,4.85,4,f
exp1,4WJLQF,experimental,balloon,sad,lexical,proximal,0,1,1770,4.85,4,f
exp1,YZ4d6B,experimental,drum,angry,cause,distal,1,0,3540,9.69,9,m
exp1,YZ4d6B,experimental,drum,angry,lexical,proximal,0,1,3540,9.69,9,m
exp1,YZ4d6B,experimental,balloon,sad,cause,distal,1,0,3540,9.69,9,m
exp1,YZ4d6B,experimental,balloon,sad,lexical,proximal,0,1,3540,9.69,9,m
exp1,MG4Y5Z,experimental,drum,angry,cause,distal,1,0,1740,4.76,4,f
exp1,MG4Y5Z,experimental,drum,angry,lexical,distal,1,0,1740,4.76,4,f
exp1,MG4Y5Z,experimental,balloon,sad,cause,distal,1,0,1740,4.76,4,f
exp1,MG4Y5Z,experimental,balloon,sad,lexical,proximal,0,1,1740,4.76,4,f
exp1,WYSCcR,experimental,balloon,sad,cause,proximal,0,1,1290,3.53,3,m
exp1,WYSCcR,experimental,balloon,sad,lexical,proximal,0,1,1290,3.53,3,m
exp1,WYSCcR,experimental,drum,angry,cause,distal,1,0,1290,3.53,3,m
exp1,WYSCcR,experimental,drum,angry,lexical,proximal,0,1,1290,3.53,3,m
exp1,Hd3KRU,experimental,balloon,sad,lexical,distal,1,0,1290,3.53,3,m
exp1,Hd3KRU,experimental,balloon,sad,cause,proximal,0,1,1290,3.53,3,m
exp1,Hd3KRU,experimental,drum,angry,lexical,distal,1,0,1290,3.53,3,m
exp1,Hd3KRU,experimental,drum,angry,cause,proximal,0,1,1290,3.53,3,m
exp1,5BUF5F,experimental,balloon,sad,cause,distal,1,0,2760,7.56,7,m
exp1,5BUF5F,experimental,balloon,sad,lexical,proximal,0,1,2760,7.56,7,m
exp1,5BUF5F,experimental,drum,angry,cause,distal,1,0,2760,7.56,7,m
exp1,5BUF5F,experimental,drum,angry,lexical,proximal,0,1,2760,7.56,7,m
exp1,PC3V3M,control,drum,break,lexical,distal,1,0,1710,4.68,4,m
exp1,PC3V3M,control,drum,break,cause,proximal,0,1,1710,4.68,4,m
exp1,PC3V3M,control,balloon,pop,lexical,proximal,0,1,1710,4.68,4,m
exp1,PC3V3M,control,balloon,pop,cause,distal,1,0,1710,4.68,4,m
exp1,UEQXRX,control,drum,break,cause,distal,1,0,1620,4.44,4,m
exp1,UEQXRX,control,drum,break,lexical,proximal,0,1,1620,4.44,4,m
exp1,UEQXRX,control,balloon,pop,cause,proximal,0,1,1620,4.44,4,m
exp1,UEQXRX,control,balloon,pop,lexical,proximal,0,1,1620,4.44,4,m
exp1,VB75LF,control,drum,break,cause,distal,1,0,1410,3.86,3,f
exp1,VB75LF,control,drum,break,lexical,proximal,0,1,1410,3.86,3,f
exp1,VB75LF,control,balloon,pop,cause,distal,1,0,1410,3.86,3,f
exp1,VB75LF,control,balloon,pop,lexical,proximal,0,1,1410,3.86,3,f
exp1,CFW5DC,control,balloon,pop,cause,distal,1,0,3270,8.95,8,f
exp1,CFW5DC,control,balloon,pop,lexical,proximal,0,1,3270,8.95,8,f
exp1,CFW5DC,control,drum,break,cause,distal,1,0,3270,8.95,8,f
exp1,CFW5DC,control,drum,break,lexical,proximal,0,1,3270,8.95,8,f
exp1,ACFA34,experimental,balloon,sad,cause,proximal,0,1,3480,9.53,9,f
exp1,ACFA34,experimental,balloon,sad,lexical,distal,1,0,3480,9.53,9,f
exp1,ACFA34,experimental,drum,angry,cause,distal,1,0,3480,9.53,9,f
exp1,ACFA34,experimental,drum,angry,lexical,proximal,0,1,3480,9.53,9,f
exp1,2VBWQD,experimental,balloon,sad,lexical,distal,1,0,3090,8.46,8,f
exp1,2VBWQD,experimental,balloon,sad,cause,proximal,0,1,3090,8.46,8,f
exp1,2VBWQD,experimental,drum,angry,lexical,proximal,0,1,3090,8.46,8,f
exp1,2VBWQD,experimental,drum,angry,cause,distal,1,0,3090,8.46,8,f
exp1,dU4XFM,experimental,balloon,sad,cause,proximal,0,1,1380,3.78,3,f
exp1,dU4XFM,experimental,balloon,sad,lexical,distal,1,0,1380,3.78,3,f
exp1,dU4XFM,experimental,drum,angry,cause,distal,1,0,1380,3.78,3,f
exp1,dU4XFM,experimental,drum,angry,lexical,proximal,0,1,1380,3.78,3,f
exp1,MHNDR4,experimental,drum,angry,lexical,distal,1,0,1650,4.52,4,f
exp1,MHNDR4,experimental,drum,angry,cause,distal,1,0,1650,4.52,4,f
exp1,MHNDR4,experimental,balloon,sad,lexical,proximal,0,1,1650,4.52,4,f
exp1,MHNDR4,experimental,balloon,sad,cause,proximal,0,1,1650,4.52,4,f
exp1,7FCKTD,control,drum,break,cause,proximal,0,1,2400,6.57,6,m
exp1,7FCKTD,control,drum,break,lexical,proximal,0,1,2400,6.57,6,m
exp1,7FCKTD,control,balloon,pop,cause,distal,1,0,2400,6.57,6,m
exp1,7FCKTD,control,balloon,pop,lexical,proximal,0,1,2400,6.57,6,m
exp1,WEW4Xc,experimental,drum,angry,lexical,proximal,0,1,1530,4.19,4,f
exp1,WEW4Xc,experimental,drum,angry,cause,proximal,0,1,1530,4.19,4,f
exp1,WEW4Xc,experimental,balloon,sad,lexical,distal,1,0,1530,4.19,4,f
exp1,WEW4Xc,experimental,balloon,sad,cause,proximal,0,1,1530,4.19,4,f
exp1,3cVXRR,control,balloon,pop,lexical,distal,1,0,1140,3.12,3,m
exp1,3cVXRR,control,balloon,pop,cause,proximal,0,1,1140,3.12,3,m
exp1,3cVXRR,control,drum,break,lexical,distal,1,0,1140,3.12,3,m
exp1,3cVXRR,control,drum,break,cause,proximal,0,1,1140,3.12,3,m
exp1,YXLVWU,control,balloon,pop,cause,proximal,0,1,3150,8.62,8,m
exp1,YXLVWU,control,balloon,pop,lexical,proximal,0,1,3150,8.62,8,m
exp1,YXLVWU,control,drum,break,cause,distal,1,0,3150,8.62,8,m
exp1,YXLVWU,control,drum,break,lexical,proximal,0,1,3150,8.62,8,m
exp1,ETEdBK,experimental,drum,angry,cause,proximal,0,1,2520,6.9,6,f
exp1,ETEdBK,experimental,drum,angry,lexical,distal,1,0,2520,6.9,6,f
exp1,ETEdBK,experimental,balloon,sad,cause,distal,1,0,2520,6.9,6,f
exp1,ETEdBK,experimental,balloon,sad,lexical,distal,1,0,2520,6.9,6,f
exp1,Z5QVMA,control,balloon,pop,lexical,distal,1,0,1380,3.78,3,f
exp1,Z5QVMA,control,balloon,pop,cause,distal,1,0,1380,3.78,3,f
exp1,Z5QVMA,control,drum,break,lexical,proximal,0,1,1380,3.78,3,f
exp1,Z5QVMA,control,drum,break,cause,proximal,0,1,1380,3.78,3,f
exp1,4BMG44,control,balloon,pop,cause,distal,1,0,1110,3.04,3,m
exp1,4BMG44,control,balloon,pop,lexical,proximal,0,1,1110,3.04,3,m
exp1,4BMG44,control,drum,break,cause,distal,1,0,1110,3.04,3,m
exp1,4BMG44,control,drum,break,lexical,proximal,0,1,1110,3.04,3,m
exp1,E2RLWJ,experimental,drum,angry,cause,distal,1,0,1500,4.11,4,m
exp1,E2RLWJ,experimental,drum,angry,lexical,proximal,0,1,1500,4.11,4,m
exp1,E2RLWJ,experimental,balloon,sad,cause,distal,1,0,1500,4.11,4,m
exp1,E2RLWJ,experimental,balloon,sad,lexical,proximal,0,1,1500,4.11,4,m
exp1,UcVNNP,control,drum,break,lexical,distal,1,0,2430,6.65,6,f
exp1,UcVNNP,control,drum,break,cause,distal,1,0,2430,6.65,6,f
exp1,UcVNNP,control,balloon,pop,lexical,proximal,0,1,2430,6.65,6,f
exp1,UcVNNP,control,balloon,pop,cause,distal,1,0,2430,6.65,6,f
exp1,MDF7dE,control,drum,break,cause,proximal,0,1,3330,9.12,9,f
exp1,MDF7dE,control,drum,break,lexical,proximal,0,1,3330,9.12,9,f
exp1,MDF7dE,control,balloon,pop,cause,distal,1,0,3330,9.12,9,f
exp1,MDF7dE,control,balloon,pop,lexical,proximal,0,1,3330,9.12,9,f
exp1,HdT2T2,experimental,drum,angry,lexical,proximal,0,1,1590,4.35,4,m
exp1,HdT2T2,experimental,drum,angry,cause,distal,1,0,1590,4.35,4,m
exp1,HdT2T2,experimental,balloon,sad,lexical,distal,1,0,1590,4.35,4,m
exp1,HdT2T2,experimental,balloon,sad,cause,proximal,0,1,1590,4.35,4,m
exp1,CGGHDB,control,balloon,pop,cause,distal,1,0,2880,7.89,7,m
exp1,CGGHDB,control,balloon,pop,lexical,proximal,0,1,2880,7.89,7,m
exp1,CGGHDB,control,drum,break,cause,distal,1,0,2880,7.89,7,m
exp1,CGGHDB,control,drum,break,lexical,proximal,0,1,2880,7.89,7,m
exp1,EPDWTT,control,balloon,pop,cause,proximal,0,1,1530,4.19,4,m
exp1,EPDWTT,control,balloon,pop,lexical,proximal,0,1,1530,4.19,4,m
exp1,EPDWTT,control,drum,break,cause,proximal,0,1,1530,4.19,4,m
exp1,EPDWTT,control,drum,break,lexical,proximal,0,1,1530,4.19,4,m
exp1,QFV4RT,control,balloon,pop,lexical,distal,1,0,3540,9.69,9,m
exp1,QFV4RT,control,balloon,pop,cause,distal,1,0,3540,9.69,9,m
exp1,QFV4RT,control,drum,break,lexical,proximal,0,1,3540,9.69,9,m
exp1,QFV4RT,control,drum,break,cause,distal,1,0,3540,9.69,9,m
exp1,24MPdG,experimental,balloon,sad,lexical,distal,1,0,2760,7.56,7,m
exp1,24MPdG,experimental,balloon,sad,cause,distal,1,0,2760,7.56,7,m
exp1,24MPdG,experimental,drum,angry,lexical,distal,1,0,2760,7.56,7,m
exp1,24MPdG,experimental,drum,angry,cause,distal,1,0,2760,7.56,7,m
exp1,372TAL,experimental,drum,angry,lexical,distal,1,0,1500,4.11,4,f
exp1,372TAL,experimental,drum,angry,cause,proximal,0,1,1500,4.11,4,f
exp1,372TAL,experimental,balloon,sad,lexical,proximal,0,1,1500,4.11,4,f
exp1,372TAL,experimental,balloon,sad,cause,distal,1,0,1500,4.11,4,f
exp1,QTXLEG,experimental,drum,angry,cause,distal,1,0,3570,9.77,9,f
exp1,QTXLEG,experimental,drum,angry,lexical,distal,1,0,3570,9.77,9,f
exp1,QTXLEG,experimental,balloon,sad,cause,proximal,0,1,3570,9.77,9,f
exp1,QTXLEG,experimental,balloon,sad,lexical,distal,1,0,3570,9.77,9,f
exp1,cd66HD,experimental,drum,angry,cause,proximal,0,1,1650,4.52,4,f
exp1,cd66HD,experimental,drum,angry,lexical,proximal,0,1,1650,4.52,4,f
exp1,cd66HD,experimental,balloon,sad,cause,proximal,0,1,1650,4.52,4,f
exp1,cd66HD,experimental,balloon,sad,lexical,distal,1,0,1650,4.52,4,f
exp1,MK67UA,control,drum,break,lexical,proximal,0,1,1320,3.61,3,m
exp1,MK67UA,control,drum,break,cause,distal,1,0,1320,3.61,3,m
exp1,MK67UA,control,balloon,pop,lexical,proximal,0,1,1320,3.61,3,m
exp1,MK67UA,control,balloon,pop,cause,distal,1,0,1320,3.61,3,m
exp1,PdXGVV,control,balloon,pop,lexical,proximal,0,1,2460,6.74,6,f
exp1,PdXGVV,control,balloon,pop,cause,distal,1,0,2460,6.74,6,f
exp1,PdXGVV,control,drum,break,lexical,proximal,0,1,2460,6.74,6,f
exp1,PdXGVV,control,drum,break,cause,distal,1,0,2460,6.74,6,f
exp1,B4V7DZ,experimental,drum,angry,lexical,distal,1,0,2100,5.75,5,m
exp1,B4V7DZ,experimental,drum,angry,cause,distal,1,0,2100,5.75,5,m
exp1,B4V7DZ,experimental,balloon,sad,lexical,distal,1,0,2100,5.75,5,m
exp1,B4V7DZ,experimental,balloon,sad,cause,distal,1,0,2100,5.75,5,m
exp1,XFBR2K,experimental,drum,angry,cause,proximal,0,1,2880,7.89,7,m
exp1,XFBR2K,experimental,drum,angry,lexical,distal,1,0,2880,7.89,7,m
exp1,XFBR2K,experimental,balloon,sad,cause,proximal,0,1,2880,7.89,7,m
exp1,XFBR2K,experimental,balloon,sad,lexical,distal,1,0,2880,7.89,7,m
exp1,KX63VS,experimental,drum,angry,lexical,distal,1,0,3240,8.87,8,m
exp1,KX63VS,experimental,drum,angry,cause,distal,1,0,3240,8.87,8,m
exp1,KX63VS,experimental,balloon,sad,lexical,distal,1,0,3240,8.87,8,m
exp1,KX63VS,experimental,balloon,sad,cause,distal,1,0,3240,8.87,8,m
exp1,SF3FH3,control,drum,break,lexical,proximal,0,1,2160,5.91,5,m
exp1,SF3FH3,control,drum,break,cause,distal,1,0,2160,5.91,5,m
exp1,SF3FH3,control,balloon,pop,lexical,distal,1,0,2160,5.91,5,m
exp1,SF3FH3,control,balloon,pop,cause,distal,1,0,2160,5.91,5,m
exp1,2VXUPV,control,balloon,pop,lexical,proximal,0,1,1650,4.52,4,f
exp1,2VXUPV,control,balloon,pop,cause,distal,1,0,1650,4.52,4,f
exp1,2VXUPV,control,drum,break,lexical,proximal,0,1,1650,4.52,4,f
exp1,2VXUPV,control,drum,break,cause,distal,1,0,1650,4.52,4,f
exp1,BHMWKD,control,balloon,pop,cause,distal,1,0,2610,7.15,7,f
exp1,BHMWKD,control,balloon,pop,lexical,proximal,0,1,2610,7.15,7,f
exp1,BHMWKD,control,drum,break,cause,distal,1,0,2610,7.15,7,f
exp1,BHMWKD,control,drum,break,lexical,proximal,0,1,2610,7.15,7,f
exp1,7A3RSJ,control,drum,break,cause,distal,1,0,3210,8.79,8,f
exp1,7A3RSJ,control,drum,break,lexical,proximal,0,1,3210,8.79,8,f
exp1,7A3RSJ,control,balloon,pop,cause,distal,1,0,3210,8.79,8,f
exp1,7A3RSJ,control,balloon,pop,lexical,proximal,0,1,3210,8.79,8,f
exp1,7XWWF2,experimental,balloon,sad,cause,distal,1,0,2700,7.39,7,m
exp1,7XWWF2,experimental,balloon,sad,lexical,proximal,0,1,2700,7.39,7,m
exp1,7XWWF2,experimental,drum,angry,cause,distal,1,0,2700,7.39,7,m
exp1,7XWWF2,experimental,drum,angry,lexical,proximal,0,1,2700,7.39,7,m
exp1,SUGDMS,experimental,balloon,sad,lexical,proximal,0,1,1980,5.42,5,f
exp1,SUGDMS,experimental,balloon,sad,cause,distal,1,0,1980,5.42,5,f
exp1,SUGDMS,experimental,drum,angry,lexical,distal,1,0,1980,5.42,5,f
exp1,SUGDMS,experimental,drum,angry,cause,distal,1,0,1980,5.42,5,f
exp1,YCXUK4,control,drum,break,cause,distal,1,0,1980,5.42,5,m
exp1,YCXUK4,control,drum,break,lexical,proximal,0,1,1980,5.42,5,m
exp1,YCXUK4,control,balloon,pop,cause,distal,1,0,1980,5.42,5,m
exp1,YCXUK4,control,balloon,pop,lexical,proximal,0,1,1980,5.42,5,m
exp1,PECSC4,experimental,drum,angry,lexical,distal,1,0,2100,5.75,5,f
exp1,PECSC4,experimental,drum,angry,cause,distal,1,0,2100,5.75,5,f
exp1,PECSC4,experimental,balloon,sad,lexical,proximal,0,1,2100,5.75,5,f
exp1,PECSC4,experimental,balloon,sad,cause,distal,1,0,2100,5.75,5,f
exp1,NRQBZA,control,balloon,pop,lexical,distal,1,0,1410,3.86,3,f
exp1,NRQBZA,control,balloon,pop,cause,proximal,0,1,1410,3.86,3,f
exp1,NRQBZA,control,drum,break,lexical,distal,1,0,1410,3.86,3,f
exp1,NRQBZA,control,drum,break,cause,proximal,0,1,1410,3.86,3,f
exp1,RHWYPQ,experimental,balloon,sad,cause,proximal,0,1,2760,7.56,7,f
exp1,RHWYPQ,experimental,balloon,sad,lexical,proximal,0,1,2760,7.56,7,f
exp1,RHWYPQ,experimental,drum,angry,cause,distal,1,0,2760,7.56,7,f
exp1,RHWYPQ,experimental,drum,angry,lexical,proximal,0,1,2760,7.56,7,f
exp1,NDJScE,control,drum,break,cause,distal,1,0,2040,5.59,5,f
exp1,NDJScE,control,drum,break,lexical,proximal,0,1,2040,5.59,5,f
exp1,NDJScE,control,balloon,pop,cause,distal,1,0,2040,5.59,5,f
exp1,NDJScE,control,balloon,pop,lexical,proximal,0,1,2040,5.59,5,f
exp1,NY7TcG,control,drum,break,lexical,proximal,0,1,3390,9.28,9,f
exp1,NY7TcG,control,drum,break,cause,distal,1,0,3390,9.28,9,f
exp1,NY7TcG,control,balloon,pop,lexical,proximal,0,1,3390,9.28,9,f
exp1,NY7TcG,control,balloon,pop,cause,distal,1,0,3390,9.28,9,f
exp1,UVcAZC,experimental,balloon,sad,cause,distal,1,0,2520,6.9,6,f
exp1,UVcAZC,experimental,balloon,sad,lexical,proximal,0,1,2520,6.9,6,f
exp1,UVcAZC,experimental,drum,angry,cause,distal,1,0,2520,6.9,6,f
exp1,UVcAZC,experimental,drum,angry,lexical,proximal,0,1,2520,6.9,6,f
exp1,LdVYFK,control,drum,break,cause,distal,1,0,1140,3.12,3,f
exp1,LdVYFK,control,drum,break,lexical,distal,1,0,1140,3.12,3,f
exp1,LdVYFK,control,balloon,pop,cause,distal,1,0,1140,3.12,3,f
exp1,LdVYFK,control,balloon,pop,lexical,proximal,0,1,1140,3.12,3,f
exp1,MELRGG,control,balloon,pop,cause,distal,1,0,1350,3.7,3,m
exp1,MELRGG,control,balloon,pop,lexical,distal,1,0,1350,3.7,3,m
exp1,MELRGG,control,drum,break,cause,distal,1,0,1350,3.7,3,m
exp1,MELRGG,control,drum,break,lexical,distal,1,0,1350,3.7,3,m
exp1,cdAWRC,experimental,balloon,sad,cause,distal,1,0,3540,9.69,9,m
exp1,cdAWRC,experimental,balloon,sad,lexical,distal,1,0,3540,9.69,9,m
exp1,cdAWRC,experimental,drum,angry,cause,distal,1,0,3540,9.69,9,m
exp1,cdAWRC,experimental,drum,angry,lexical,distal,1,0,3540,9.69,9,m
exp1,YcJ2AK,experimental,balloon,sad,lexical,distal,1,0,2010,5.5,5,f
exp1,YcJ2AK,experimental,balloon,sad,cause,distal,1,0,2010,5.5,5,f
exp1,YcJ2AK,experimental,drum,angry,lexical,distal,1,0,2010,5.5,5,f
exp1,YcJ2AK,experimental,drum,angry,cause,proximal,0,1,2010,5.5,5,f
exp1,KMGdKV,experimental,balloon,sad,cause,distal,1,0,1620,4.44,4,m
exp1,KMGdKV,experimental,balloon,sad,lexical,proximal,0,1,1620,4.44,4,m
exp1,KMGdKV,experimental,drum,angry,cause,distal,1,0,1620,4.44,4,m
exp1,KMGdKV,experimental,drum,angry,lexical,proximal,0,1,1620,4.44,4,m
exp1,SVd7HG,experimental,drum,angry,lexical,distal,1,0,2370,6.49,6,f
exp1,SVd7HG,experimental,drum,angry,cause,distal,1,0,2370,6.49,6,f
exp1,SVd7HG,experimental,balloon,sad,lexical,proximal,0,1,2370,6.49,6,f
exp1,SVd7HG,experimental,balloon,sad,cause,distal,1,0,2370,6.49,6,f
exp1,MKCRT7,experimental,balloon,sad,lexical,proximal,0,1,3180,8.71,8,m
exp1,MKCRT7,experimental,balloon,sad,cause,distal,1,0,3180,8.71,8,m
exp1,MKCRT7,experimental,drum,angry,lexical,distal,1,0,3180,8.71,8,m
exp1,MKCRT7,experimental,drum,angry,cause,proximal,0,1,3180,8.71,8,m
exp1,Ad4D7B,experimental,drum,angry,cause,distal,1,0,2700,7.39,7,f
exp1,Ad4D7B,experimental,drum,angry,lexical,proximal,0,1,2700,7.39,7,f
exp1,Ad4D7B,experimental,balloon,sad,cause,distal,1,0,2700,7.39,7,f
exp1,Ad4D7B,experimental,balloon,sad,lexical,proximal,0,1,2700,7.39,7,f
exp1,CJBSFX,control,balloon,pop,cause,proximal,0,1,1470,4.02,4,f
exp1,CJBSFX,control,balloon,pop,lexical,proximal,0,1,1470,4.02,4,f
exp1,CJBSFX,control,drum,break,cause,distal,1,0,1470,4.02,4,f
exp1,CJBSFX,control,drum,break,lexical,distal,1,0,1470,4.02,4,f
exp1,X6SXdT,control,balloon,pop,cause,distal,1,0,2400,6.57,6,m
exp1,X6SXdT,control,balloon,pop,lexical,proximal,0,1,2400,6.57,6,m
exp1,X6SXdT,control,drum,break,cause,distal,1,0,2400,6.57,6,m
exp1,X6SXdT,control,drum,break,lexical,proximal,0,1,2400,6.57,6,m
exp1,AG2BXS,control,balloon,pop,cause,proximal,0,1,3390,9.28,9,m
exp1,AG2BXS,control,balloon,pop,lexical,proximal,0,1,3390,9.28,9,m
exp1,AG2BXS,control,drum,break,cause,proximal,0,1,3390,9.28,9,m
exp1,AG2BXS,control,drum,break,lexical,proximal,0,1,3390,9.28,9,m
exp1,Q4SJJN,experimental,drum,angry,lexical,proximal,0,1,3120,8.54,8,m
exp1,Q4SJJN,experimental,drum,angry,cause,distal,1,0,3120,8.54,8,m
exp1,Q4SJJN,experimental,balloon,sad,lexical,distal,1,0,3120,8.54,8,m
exp1,Q4SJJN,experimental,balloon,sad,cause,proximal,0,1,3120,8.54,8,m
exp1,CJ36VS,control,drum,break,cause,distal,1,0,1680,4.6,4,m
exp1,CJ36VS,control,drum,break,lexical,proximal,0,1,1680,4.6,4,m
exp1,CJ36VS,control,balloon,pop,cause,distal,1,0,1680,4.6,4,m
exp1,CJ36VS,control,balloon,pop,lexical,proximal,0,1,1680,4.6,4,m
exp1,dAFB5F,control,balloon,pop,lexical,proximal,0,1,2070,5.67,5,f
exp1,dAFB5F,control,balloon,pop,cause,distal,1,0,2070,5.67,5,f
exp1,dAFB5F,control,drum,break,lexical,proximal,0,1,2070,5.67,5,f
exp1,dAFB5F,control,drum,break,cause,distal,1,0,2070,5.67,5,f
exp1,F24ERH,experimental,balloon,sad,cause,distal,1,0,2070,5.67,5,m
exp1,F24ERH,experimental,balloon,sad,lexical,distal,1,0,2070,5.67,5,m
exp1,F24ERH,experimental,drum,angry,cause,distal,1,0,2070,5.67,5,m
exp1,F24ERH,experimental,drum,angry,lexical,distal,1,0,2070,5.67,5,m
exp1,cKMdXN,control,balloon,pop,lexical,proximal,0,1,2250,6.16,6,m
exp1,cKMdXN,control,balloon,pop,cause,distal,1,0,2250,6.16,6,m
exp1,cKMdXN,control,drum,break,lexical,proximal,0,1,2250,6.16,6,m
exp1,cKMdXN,control,drum,break,cause,distal,1,0,2250,6.16,6,m
exp1,C3VDdG,control,drum,break,lexical,distal,1,0,3030,8.3,8,m
exp1,C3VDdG,control,drum,break,cause,distal,1,0,3030,8.3,8,m
exp1,C3VDdG,control,balloon,pop,lexical,proximal,0,1,3030,8.3,8,m
exp1,C3VDdG,control,balloon,pop,cause,distal,1,0,3030,8.3,8,m
exp1,2J6dBQ,experimental,balloon,sad,lexical,proximal,0,1,1950,5.34,5,m
exp1,2J6dBQ,experimental,balloon,sad,cause,distal,1,0,1950,5.34,5,m
exp1,2J6dBQ,experimental,drum,angry,lexical,distal,1,0,1950,5.34,5,m
exp1,2J6dBQ,experimental,drum,angry,cause,proximal,0,1,1950,5.34,5,m
exp1,UVJA46,experimental,balloon,sad,lexical,distal,1,0,2370,6.49,6,m
exp1,UVJA46,experimental,balloon,sad,cause,distal,1,0,2370,6.49,6,m
exp1,UVJA46,experimental,drum,angry,lexical,distal,1,0,2370,6.49,6,m
exp1,UVJA46,experimental,drum,angry,cause,distal,1,0,2370,6.49,6,m
exp1,3cJPX4,experimental,balloon,sad,cause,distal,1,0,2010,5.5,5,f
exp1,3cJPX4,experimental,balloon,sad,lexical,proximal,0,1,2010,5.5,5,f
exp1,3cJPX4,experimental,drum,angry,cause,proximal,0,1,2010,5.5,5,f
exp1,3cJPX4,experimental,drum,angry,lexical,distal,1,0,2010,5.5,5,f
exp1,L7dLcG,experimental,drum,angry,cause,distal,1,0,1740,4.76,4,f
exp1,L7dLcG,experimental,drum,angry,lexical,distal,1,0,1740,4.76,4,f
exp1,L7dLcG,experimental,balloon,sad,cause,proximal,0,1,1740,4.76,4,f
exp1,L7dLcG,experimental,balloon,sad,lexical,proximal,0,1,1740,4.76,4,f
exp1,BZdHK7,experimental,balloon,sad,lexical,distal,1,0,1560,4.27,4,m
exp1,BZdHK7,experimental,balloon,sad,cause,proximal,0,1,1560,4.27,4,m
exp1,BZdHK7,experimental,drum,angry,lexical,distal,1,0,1560,4.27,4,m
exp1,BZdHK7,experimental,drum,angry,cause,proximal,0,1,1560,4.27,4,m
exp1,AV4GcP,control,drum,break,lexical,proximal,0,1,1830,5.01,5,m
exp1,AV4GcP,control,drum,break,cause,proximal,0,1,1830,5.01,5,m
exp1,AV4GcP,control,balloon,pop,lexical,proximal,0,1,1830,5.01,5,m
exp1,AV4GcP,control,balloon,pop,cause,distal,1,0,1830,5.01,5,m
exp1,cKHDBB,experimental,drum,angry,lexical,distal,1,0,2610,7.15,7,m
exp1,cKHDBB,experimental,drum,angry,cause,distal,1,0,2610,7.15,7,m
exp1,cKHDBB,experimental,balloon,sad,lexical,distal,1,0,2610,7.15,7,m
exp1,cKHDBB,experimental,balloon,sad,cause,proximal,0,1,2610,7.15,7,m
exp1,Pc7T3M,control,balloon,pop,lexical,distal,1,0,1710,4.68,4,f
exp1,Pc7T3M,control,balloon,pop,cause,distal,1,0,1710,4.68,4,f
exp1,Pc7T3M,control,drum,break,lexical,distal,1,0,1710,4.68,4,f
exp1,Pc7T3M,control,drum,break,cause,distal,1,0,1710,4.68,4,f
exp1,QHJA3E,experimental,drum,angry,lexical,proximal,0,1,2730,7.47,7,m
exp1,QHJA3E,experimental,drum,angry,cause,distal,1,0,2730,7.47,7,m
exp1,QHJA3E,experimental,balloon,sad,lexical,proximal,0,1,2730,7.47,7,m
exp1,QHJA3E,experimental,balloon,sad,cause,distal,1,0,2730,7.47,7,m
exp1,4XVdXE,control,balloon,pop,lexical,distal,1,0,3510,9.61,9,f
exp1,4XVdXE,control,balloon,pop,cause,distal,1,0,3510,9.61,9,f
exp1,4XVdXE,control,drum,break,lexical,proximal,0,1,3510,9.61,9,f
exp1,4XVdXE,control,drum,break,cause,distal,1,0,3510,9.61,9,f
exp1,T756UN,control,drum,break,cause,distal,1,0,3540,9.69,9,f
exp1,T756UN,control,drum,break,lexical,proximal,0,1,3540,9.69,9,f
exp1,T756UN,control,balloon,pop,cause,proximal,0,1,3540,9.69,9,f
exp1,T756UN,control,balloon,pop,lexical,proximal,0,1,3540,9.69,9,f
exp1,WLT7YC,control,drum,break,lexical,distal,1,0,2430,6.65,6,f
exp1,WLT7YC,control,drum,break,cause,proximal,0,1,2430,6.65,6,f
exp1,WLT7YC,control,balloon,pop,lexical,distal,1,0,2430,6.65,6,f
exp1,WLT7YC,control,balloon,pop,cause,proximal,0,1,2430,6.65,6,f
exp1,3TV2Y3,control,drum,break,cause,proximal,0,1,2700,7.39,7,m
exp1,3TV2Y3,control,drum,break,lexical,proximal,0,1,2700,7.39,7,m
exp1,3TV2Y3,control,balloon,pop,cause,distal,1,0,2700,7.39,7,m
exp1,3TV2Y3,control,balloon,pop,lexical,proximal,0,1,2700,7.39,7,m
exp1,PYMEZU,experimental,balloon,sad,cause,proximal,0,1,3330,9.12,9,m
exp1,PYMEZU,experimental,balloon,sad,lexical,distal,1,0,3330,9.12,9,m
exp1,PYMEZU,experimental,drum,angry,cause,distal,1,0,3330,9.12,9,m
exp1,PYMEZU,experimental,drum,angry,lexical,proximal,0,1,3330,9.12,9,m
exp1,TW4URd,experimental,balloon,sad,cause,distal,1,0,3030,8.3,8,m
exp1,TW4URd,experimental,balloon,sad,lexical,proximal,0,1,3030,8.3,8,m
exp1,TW4URd,experimental,drum,angry,cause,distal,1,0,3030,8.3,8,m
exp1,TW4URd,experimental,drum,angry,lexical,proximal,0,1,3030,8.3,8,m
exp1,R33PFM,control,balloon,pop,cause,distal,1,0,2100,5.75,5,m
exp1,R33PFM,control,balloon,pop,lexical,proximal,0,1,2100,5.75,5,m
exp1,R33PFM,control,drum,break,cause,distal,1,0,2100,5.75,5,m
exp1,R33PFM,control,drum,break,lexical,proximal,0,1,2100,5.75,5,m
exp1,6TGDPA,control,balloon,pop,lexical,proximal,0,1,3480,9.53,9,m
exp1,6TGDPA,control,balloon,pop,cause,distal,1,0,3480,9.53,9,m
exp1,6TGDPA,control,drum,break,lexical,proximal,0,1,3480,9.53,9,m
exp1,6TGDPA,control,drum,break,cause,distal,1,0,3480,9.53,9,m
exp1,ZXPFSH,experimental,balloon,sad,cause,proximal,0,1,3060,8.38,8,f
exp1,ZXPFSH,experimental,balloon,sad,lexical,proximal,0,1,3060,8.38,8,f
exp1,ZXPFSH,experimental,drum,angry,cause,distal,1,0,3060,8.38,8,f
exp1,ZXPFSH,experimental,drum,angry,lexical,distal,1,0,3060,8.38,8,f
exp1,cDS43d,experimental,drum,angry,lexical,proximal,0,1,3150,8.62,8,f
exp1,cDS43d,experimental,drum,angry,cause,distal,1,0,3150,8.62,8,f
exp1,cDS43d,experimental,balloon,sad,lexical,distal,1,0,3150,8.62,8,f
exp1,cDS43d,experimental,balloon,sad,cause,proximal,0,1,3150,8.62,8,f
exp1,XGRG2P,control,drum,break,lexical,proximal,0,1,2730,7.47,7,m
exp1,XGRG2P,control,drum,break,cause,distal,1,0,2730,7.47,7,m
exp1,XGRG2P,control,balloon,pop,lexical,proximal,0,1,2730,7.47,7,m
exp1,XGRG2P,control,balloon,pop,cause,distal,1,0,2730,7.47,7,m
exp1,76YYE3,experimental,balloon,sad,lexical,proximal,0,1,2490,6.82,6,f
exp1,76YYE3,experimental,balloon,sad,cause,distal,1,0,2490,6.82,6,f
exp1,76YYE3,experimental,drum,angry,lexical,proximal,0,1,2490,6.82,6,f
exp1,76YYE3,experimental,drum,angry,cause,distal,1,0,2490,6.82,6,f
exp1,dYZHJD,experimental,drum,angry,cause,distal,1,0,2460,6.74,6,m
exp1,dYZHJD,experimental,drum,angry,lexical,proximal,0,1,2460,6.74,6,m
exp1,dYZHJD,experimental,balloon,sad,cause,distal,1,0,2460,6.74,6,m
exp1,dYZHJD,experimental,balloon,sad,lexical,proximal,0,1,2460,6.74,6,m
exp1,AdCVCE,experimental,balloon,sad,cause,distal,1,0,3390,9.28,9,f
exp1,AdCVCE,experimental,balloon,sad,lexical,proximal,0,1,3390,9.28,9,f
exp1,AdCVCE,experimental,drum,angry,cause,distal,1,0,3390,9.28,9,f
exp1,AdCVCE,experimental,drum,angry,lexical,distal,1,0,3390,9.28,9,f
exp1,5KJN5W,control,balloon,pop,lexical,proximal,0,1,3300,9.03,9,m
exp1,5KJN5W,control,balloon,pop,cause,proximal,0,1,3300,9.03,9,m
exp1,5KJN5W,control,drum,break,lexical,proximal,0,1,3300,9.03,9,m
exp1,5KJN5W,control,drum,break,cause,distal,1,0,3300,9.03,9,m
exp1,CWEPG7,experimental,drum,angry,lexical,distal,1,0,3180,8.71,8,m
exp1,CWEPG7,experimental,drum,angry,cause,proximal,0,1,3180,8.71,8,m
exp1,CWEPG7,experimental,balloon,sad,lexical,distal,1,0,3180,8.71,8,m
exp1,CWEPG7,experimental,balloon,sad,cause,distal,1,0,3180,8.71,8,m
exp1,MZAEFQ,control,balloon,pop,lexical,proximal,0,1,1920,5.26,5,f
exp1,MZAEFQ,control,balloon,pop,cause,distal,1,0,1920,5.26,5,f
exp1,MZAEFQ,control,drum,break,lexical,proximal,0,1,1920,5.26,5,f
exp1,MZAEFQ,control,drum,break,cause,distal,1,0,1920,5.26,5,f
exp1,AAT5FC,control,drum,break,lexical,proximal,0,1,3000,8.21,8,f
exp1,AAT5FC,control,drum,break,cause,distal,1,0,3000,8.21,8,f
exp1,AAT5FC,control,balloon,pop,lexical,proximal,0,1,3000,8.21,8,f
exp1,AAT5FC,control,balloon,pop,cause,distal,1,0,3000,8.21,8,f
exp1,7QCdW2,control,drum,break,cause,distal,1,0,2760,7.56,7,f
exp1,7QCdW2,control,drum,break,lexical,proximal,0,1,2760,7.56,7,f
exp1,7QCdW2,control,balloon,pop,cause,distal,1,0,2760,7.56,7,f
exp1,7QCdW2,control,balloon,pop,lexical,proximal,0,1,2760,7.56,7,f
exp1,PHTEFZ,experimental,balloon,sad,cause,distal,1,0,2940,8.05,8,m
exp1,PHTEFZ,experimental,balloon,sad,lexical,proximal,0,1,2940,8.05,8,m
exp1,PHTEFZ,experimental,drum,angry,cause,distal,1,0,2940,8.05,8,m
exp1,PHTEFZ,experimental,drum,angry,lexical,distal,1,0,2940,8.05,8,m
exp1,4VdA47,control,balloon,pop,lexical,proximal,0,1,3540,9.69,9,m
exp1,4VdA47,control,balloon,pop,cause,distal,1,0,3540,9.69,9,m
exp1,4VdA47,control,drum,break,lexical,proximal,0,1,3540,9.69,9,m
exp1,4VdA47,control,drum,break,cause,distal,1,0,3540,9.69,9,m
exp1,J7cP6H,control,balloon,pop,cause,distal,1,0,3090,8.46,8,m
exp1,J7cP6H,control,balloon,pop,lexical,proximal,0,1,3090,8.46,8,m
exp1,J7cP6H,control,drum,break,cause,distal,1,0,3090,8.46,8,m
exp1,J7cP6H,control,drum,break,lexical,proximal,0,1,3090,8.46,8,m
exp1,HBSCBA,experimental,drum,angry,cause,proximal,0,1,3180,8.71,8,m
exp1,HBSCBA,experimental,drum,angry,lexical,proximal,0,1,3180,8.71,8,m
exp1,HBSCBA,experimental,balloon,sad,cause,proximal,0,1,3180,8.71,8,m
exp1,HBSCBA,experimental,balloon,sad,lexical,proximal,0,1,3180,8.71,8,m
exp1,WT5AMG,experimental,drum,angry,cause,distal,1,0,2910,7.97,7,f
exp1,WT5AMG,experimental,drum,angry,lexical,proximal,0,1,2910,7.97,7,f
exp1,WT5AMG,experimental,balloon,sad,cause,proximal,0,1,2910,7.97,7,f
exp1,WT5AMG,experimental,balloon,sad,lexical,distal,1,0,2910,7.97,7,f
exp1,7ccHRN,experimental,balloon,sad,cause,distal,1,0,3510,9.61,9,m
exp1,7ccHRN,experimental,balloon,sad,lexical,distal,1,0,3510,9.61,9,m
exp1,7ccHRN,experimental,drum,angry,cause,distal,1,0,3510,9.61,9,m
exp1,7ccHRN,experimental,drum,angry,lexical,distal,1,0,3510,9.61,9,m
exp1,6JQ2Vc,control,balloon,pop,cause,distal,1,0,2310,6.32,6,f
exp1,6JQ2Vc,control,balloon,pop,lexical,proximal,0,1,2310,6.32,6,f
exp1,6JQ2Vc,control,drum,break,cause,distal,1,0,2310,6.32,6,f
exp1,6JQ2Vc,control,drum,break,lexical,proximal,0,1,2310,6.32,6,f
exp1,BXWNUK,experimental,drum,angry,cause,distal,1,0,1890,5.17,5,f
exp1,BXWNUK,experimental,drum,angry,lexical,proximal,0,1,1890,5.17,5,f
exp1,BXWNUK,experimental,balloon,sad,cause,distal,1,0,1890,5.17,5,f
exp1,BXWNUK,experimental,balloon,sad,lexical,proximal,0,1,1890,5.17,5,f
exp1,SQSPVA,control,drum,break,lexical,distal,1,0,3300,9.03,9,f
exp1,SQSPVA,control,drum,break,cause,distal,1,0,3300,9.03,9,f
exp1,SQSPVA,control,balloon,pop,lexical,proximal,0,1,3300,9.03,9,f
exp1,SQSPVA,control,balloon,pop,cause,distal,1,0,3300,9.03,9,f
exp1,L7K6DX,experimental,balloon,sad,cause,distal,1,0,2220,6.08,6,m
exp1,L7K6DX,experimental,balloon,sad,lexical,distal,1,0,2220,6.08,6,m
exp1,L7K6DX,experimental,drum,angry,cause,distal,1,0,2220,6.08,6,m
exp1,L7K6DX,experimental,drum,angry,lexical,distal,1,0,2220,6.08,6,m
exp1,KdTPBM,control,drum,break,lexical,proximal,0,1,1980,5.42,5,f
exp1,KdTPBM,control,drum,break,cause,distal,1,0,1980,5.42,5,f
exp1,KdTPBM,control,balloon,pop,lexical,proximal,0,1,1980,5.42,5,f
exp1,KdTPBM,control,balloon,pop,cause,distal,1,0,1980,5.42,5,f
exp1,BQVEQ6,control,drum,break,cause,distal,1,0,2130,5.83,5,f
exp1,BQVEQ6,control,drum,break,lexical,proximal,0,1,2130,5.83,5,f
exp1,BQVEQ6,control,balloon,pop,cause,distal,1,0,2130,5.83,5,f
exp1,BQVEQ6,control,balloon,pop,lexical,proximal,0,1,2130,5.83,5,f
exp1,FdTNGS,experimental,balloon,sad,cause,proximal,0,1,2370,6.49,6,m
exp1,FdTNGS,experimental,balloon,sad,lexical,proximal,0,1,2370,6.49,6,m
exp1,FdTNGS,experimental,drum,angry,cause,proximal,0,1,2370,6.49,6,m
exp1,FdTNGS,experimental,drum,angry,lexical,proximal,0,1,2370,6.49,6,m
exp1,Z2FA4U,control,balloon,pop,cause,proximal,0,1,1830,5.01,5,f
exp1,Z2FA4U,control,balloon,pop,lexical,proximal,0,1,1830,5.01,5,f
exp1,Z2FA4U,control,drum,break,cause,proximal,0,1,1830,5.01,5,f
exp1,Z2FA4U,control,drum,break,lexical,proximal,0,1,1830,5.01,5,f
exp1,T6BGVT,experimental,drum,angry,cause,proximal,0,1,2310,6.32,6,f
exp1,T6BGVT,experimental,drum,angry,lexical,proximal,0,1,2310,6.32,6,f
exp1,T6BGVT,experimental,balloon,sad,cause,distal,1,0,2310,6.32,6,f
exp1,T6BGVT,experimental,balloon,sad,lexical,proximal,0,1,2310,6.32,6,f
exp1,E6AR2W,control,drum,break,lexical,distal,1,0,2490,6.82,6,m
exp1,E6AR2W,control,drum,break,cause,proximal,0,1,2490,6.82,6,m
exp1,E6AR2W,control,balloon,pop,lexical,distal,1,0,2490,6.82,6,m
exp1,E6AR2W,control,balloon,pop,cause,proximal,0,1,2490,6.82,6,m
exp1,PCYTAM,control,drum,break,lexical,distal,1,0,1860,5.09,5,f
exp1,PCYTAM,control,drum,break,cause,proximal,0,1,1860,5.09,5,f
exp1,PCYTAM,control,balloon,pop,lexical,distal,1,0,1860,5.09,5,f
exp1,PCYTAM,control,balloon,pop,cause,proximal,0,1,1860,5.09,5,f
exp1,GBFKWd,experimental,drum,angry,cause,proximal,0,1,1830,5.01,5,f
exp1,GBFKWd,experimental,drum,angry,lexical,proximal,0,1,1830,5.01,5,f
exp1,GBFKWd,experimental,balloon,sad,cause,proximal,0,1,1830,5.01,5,f
exp1,GBFKWd,experimental,balloon,sad,lexical,distal,1,0,1830,5.01,5,f
exp1,F2cJEX,control,drum,break,lexical,distal,1,0,2400,6.57,6,m
exp1,F2cJEX,control,drum,break,cause,distal,1,0,2400,6.57,6,m
exp1,F2cJEX,control,balloon,pop,lexical,proximal,0,1,2400,6.57,6,m
exp1,F2cJEX,control,balloon,pop,cause,distal,1,0,2400,6.57,6,m
exp1,3TLZdB,control,balloon,pop,cause,proximal,0,1,2130,5.83,5,m
exp1,3TLZdB,control,balloon,pop,lexical,proximal,0,1,2130,5.83,5,m
exp1,3TLZdB,control,drum,break,cause,distal,1,0,2130,5.83,5,m
exp1,3TLZdB,control,drum,break,lexical,proximal,0,1,2130,5.83,5,m
exp1,P7Y3HS,control,drum,break,lexical,proximal,0,1,2310,6.32,6,m
exp1,P7Y3HS,control,drum,break,cause,distal,1,0,2310,6.32,6,m
exp1,P7Y3HS,control,balloon,pop,lexical,proximal,0,1,2310,6.32,6,m
exp1,P7Y3HS,control,balloon,pop,cause,distal,1,0,2310,6.32,6,m
exp1,C3L5HE,control,balloon,pop,lexical,proximal,0,1,2430,6.65,6,m
exp1,C3L5HE,control,balloon,pop,cause,distal,1,0,2430,6.65,6,m
exp1,C3L5HE,control,drum,break,lexical,proximal,0,1,2430,6.65,6,m
exp1,C3L5HE,control,drum,break,cause,distal,1,0,2430,6.65,6,m
exp1,cWRJdH,experimental,balloon,sad,lexical,proximal,0,1,1950,5.34,5,m
exp1,cWRJdH,experimental,balloon,sad,cause,distal,1,0,1950,5.34,5,m
exp1,cWRJdH,experimental,drum,angry,lexical,proximal,0,1,1950,5.34,5,m
exp1,cWRJdH,experimental,drum,angry,cause,distal,1,0,1950,5.34,5,m
exp1,ZEGJN2,experimental,balloon,sad,cause,distal,1,0,2550,6.98,6,f
exp1,ZEGJN2,experimental,balloon,sad,lexical,proximal,0,1,2550,6.98,6,f
exp1,ZEGJN2,experimental,drum,angry,cause,distal,1,0,2550,6.98,6,f
exp1,ZEGJN2,experimental,drum,angry,lexical,distal,1,0,2550,6.98,6,f
exp1,VBHLYQ,control,drum,break,lexical,distal,1,0,2250,6.16,6,f
exp1,VBHLYQ,control,drum,break,cause,distal,1,0,2250,6.16,6,f
exp1,VBHLYQ,control,balloon,pop,lexical,proximal,0,1,2250,6.16,6,f
exp1,VBHLYQ,control,balloon,pop,cause,distal,1,0,2250,6.16,6,f
exp1,K6BC2R,control,balloon,pop,cause,distal,1,0,2010,5.5,5,m
exp1,K6BC2R,control,balloon,pop,lexical,proximal,0,1,2010,5.5,5,m
exp1,K6BC2R,control,drum,break,cause,proximal,0,1,2010,5.5,5,m
exp1,K6BC2R,control,drum,break,lexical,distal,1,0,2010,5.5,5,m
exp1,X4SMdD,control,drum,break,lexical,proximal,0,1,2070,5.67,5,m
exp1,X4SMdD,control,drum,break,cause,distal,1,0,2070,5.67,5,m
exp1,X4SMdD,control,balloon,pop,lexical,proximal,0,1,2070,5.67,5,m
exp1,X4SMdD,control,balloon,pop,cause,distal,1,0,2070,5.67,5,m
exp1,2C5Ucc,control,balloon,pop,cause,distal,1,0,2460,6.74,6,f
exp1,2C5Ucc,control,balloon,pop,lexical,proximal,0,1,2460,6.74,6,f
exp1,2C5Ucc,control,drum,break,cause,distal,1,0,2460,6.74,6,f
exp1,2C5Ucc,control,drum,break,lexical,proximal,0,1,2460,6.74,6,f
exp1,PMLAS5,control,drum,break,cause,distal,1,0,2100,5.75,5,m
exp1,PMLAS5,control,drum,break,lexical,proximal,0,1,2100,5.75,5,m
exp1,PMLAS5,control,balloon,pop,cause,distal,1,0,2100,5.75,5,m
exp1,PMLAS5,control,balloon,pop,lexical,proximal,0,1,2100,5.75,5,m
exp1,2KM3AD,experimental,drum,angry,lexical,distal,1,0,2130,5.83,5,f
exp1,2KM3AD,experimental,drum,angry,cause,distal,1,0,2130,5.83,5,f
exp1,2KM3AD,experimental,balloon,sad,lexical,distal,1,0,2130,5.83,5,f
exp1,2KM3AD,experimental,balloon,sad,cause,distal,1,0,2130,5.83,5,f
exp1,cKSTNB,experimental,balloon,sad,lexical,distal,1,0,2220,6.08,6,m
exp1,cKSTNB,experimental,balloon,sad,cause,distal,1,0,2220,6.08,6,m
exp1,cKSTNB,experimental,drum,angry,lexical,distal,1,0,2220,6.08,6,m
exp1,cKSTNB,experimental,drum,angry,cause,proximal,0,1,2220,6.08,6,m
exp1,BV2S3F,control,drum,break,lexical,proximal,0,1,2340,6.41,6,m
exp1,BV2S3F,control,drum,break,cause,distal,1,0,2340,6.41,6,m
exp1,BV2S3F,control,balloon,pop,lexical,proximal,0,1,2340,6.41,6,m
exp1,BV2S3F,control,balloon,pop,cause,distal,1,0,2340,6.41,6,m
exp1,UVJA46,control,balloon,pop,lexical,proximal,0,1,2400,6.57,6,m
exp1,UVJA46,control,balloon,pop,cause,distal,1,0,2400,6.57,6,m
exp1,UVJA46,control,drum,break,lexical,proximal,0,1,2400,6.57,6,m
exp1,UVJA46,control,drum,break,cause,distal,1,0,2400,6.57,6,m
exp1,QCAY46,control,drum,break,lexical,proximal,0,1,2430,6.65,6,m
exp1,QCAY46,control,drum,break,cause,distal,1,0,2430,6.65,6,m
exp1,QCAY46,control,balloon,pop,lexical,proximal,0,1,2430,6.65,6,m
exp1,QCAY46,control,balloon,pop,cause,distal,1,0,2430,6.65,6,m
exp1,QcUTJS,control,drum,break,cause,proximal,0,1,2460,6.74,6,m
exp1,QcUTJS,control,drum,break,lexical,proximal,0,1,2460,6.74,6,m
exp1,QcUTJS,control,balloon,pop,cause,proximal,0,1,2460,6.74,6,m
exp1,QcUTJS,control,balloon,pop,lexical,proximal,0,1,2460,6.74,6,m
exp1,JCJ5dD,experimental,balloon,sad,cause,distal,1,0,2310,6.32,6,f
exp1,JCJ5dD,experimental,balloon,sad,lexical,distal,1,0,2310,6.32,6,f
exp1,JCJ5dD,experimental,drum,angry,cause,distal,1,0,2310,6.32,6,f
exp1,JCJ5dD,experimental,drum,angry,lexical,distal,1,0,2310,6.32,6,f
exp1,JdM5Ac,control,balloon,pop,cause,distal,1,0,2220,6.08,6,m
exp1,JdM5Ac,control,balloon,pop,lexical,proximal,0,1,2220,6.08,6,m
exp1,JdM5Ac,control,drum,break,cause,distal,1,0,2220,6.08,6,m
exp1,JdM5Ac,control,drum,break,lexical,proximal,0,1,2220,6.08,6,m
exp1,c7ddHV,experimental,drum,angry,cause,distal,1,0,2220,6.08,6,f
exp1,c7ddHV,experimental,drum,angry,lexical,distal,1,0,2220,6.08,6,f
exp1,c7ddHV,experimental,balloon,sad,cause,proximal,0,1,2220,6.08,6,f
exp1,c7ddHV,experimental,balloon,sad,lexical,distal,1,0,2220,6.08,6,f
exp1,EAXAL4,control,drum,break,lexical,proximal,0,1,2370,6.49,6,f
exp1,EAXAL4,control,drum,break,cause,distal,1,0,2370,6.49,6,f
exp1,EAXAL4,control,balloon,pop,lexical,proximal,0,1,2370,6.49,6,f
exp1,EAXAL4,control,balloon,pop,cause,distal,1,0,2370,6.49,6,f
exp1,2JRGT5,control,balloon,pop,cause,distal,1,0,2520,6.9,6,m
exp1,2JRGT5,control,balloon,pop,lexical,proximal,0,1,2520,6.9,6,m
exp1,2JRGT5,control,drum,break,cause,distal,1,0,2520,6.9,6,m
exp1,2JRGT5,control,drum,break,lexical,proximal,0,1,2520,6.9,6,m
exp1,YMTQ6H,control,balloon,pop,cause,proximal,0,1,2310,6.32,6,f
exp1,YMTQ6H,control,balloon,pop,lexical,distal,1,0,2310,6.32,6,f
exp1,YMTQ6H,control,drum,break,cause,distal,1,0,2310,6.32,6,f
exp1,YMTQ6H,control,drum,break,lexical,proximal,0,1,2310,6.32,6,f
exp1,HDZCZK,experimental,balloon,sad,lexical,distal,1,0,2400,6.57,6,f
exp1,HDZCZK,experimental,balloon,sad,cause,distal,1,0,2400,6.57,6,f
exp1,HDZCZK,experimental,drum,angry,lexical,proximal,0,1,2400,6.57,6,f
exp1,HDZCZK,experimental,drum,angry,cause,distal,1,0,2400,6.57,6,f
exp1,TEEQP7,experimental,balloon,sad,lexical,distal,1,0,2070,5.67,5,f
exp1,TEEQP7,experimental,balloon,sad,cause,distal,1,0,2070,5.67,5,f
exp1,TEEQP7,experimental,drum,angry,lexical,distal,1,0,2070,5.67,5,f
exp1,TEEQP7,experimental,drum,angry,cause,distal,1,0,2070,5.67,5,f
exp1,ZNG4PF,control,balloon,pop,cause,distal,1,0,2640,7.23,7,f
exp1,ZNG4PF,control,balloon,pop,lexical,proximal,0,1,2640,7.23,7,f
exp1,ZNG4PF,control,drum,break,cause,distal,1,0,2640,7.23,7,f
exp1,ZNG4PF,control,drum,break,lexical,proximal,0,1,2640,7.23,7,f
exp1,24AASE,control,balloon,pop,cause,proximal,0,1,3510,9.61,9,m
exp1,24AASE,control,balloon,pop,lexical,proximal,0,1,3510,9.61,9,m
exp1,24AASE,control,drum,break,cause,distal,1,0,3510,9.61,9,m
exp1,24AASE,control,drum,break,lexical,distal,1,0,3510,9.61,9,m
exp1,N7QGUP,control,drum,break,lexical,proximal,0,1,2790,7.64,7,f
exp1,N7QGUP,control,drum,break,cause,distal,1,0,2790,7.64,7,f
exp1,N7QGUP,control,balloon,pop,lexical,proximal,0,1,2790,7.64,7,f
exp1,N7QGUP,control,balloon,pop,cause,distal,1,0,2790,7.64,7,f
exp1,2dLGT2,experimental,drum,angry,lexical,distal,1,0,1290,3.53,3,m
exp1,2dLGT2,experimental,drum,angry,cause,proximal,0,1,1290,3.53,3,m
exp1,2dLGT2,experimental,balloon,sad,lexical,distal,1,0,1290,3.53,3,m
exp1,2dLGT2,experimental,balloon,sad,cause,proximal,0,1,1290,3.53,3,m
exp1,XZYFKN,experimental,drum,angry,lexical,distal,1,0,3600,9.86,9,m
exp1,XZYFKN,experimental,drum,angry,cause,distal,1,0,3600,9.86,9,m
exp1,XZYFKN,experimental,balloon,sad,lexical,proximal,0,1,3600,9.86,9,m
exp1,XZYFKN,experimental,balloon,sad,cause,distal,1,0,3600,9.86,9,m
exp1,B3BQST,experimental,drum,angry,cause,distal,1,0,1980,5.42,5,f
exp1,B3BQST,experimental,drum,angry,lexical,proximal,0,1,1980,5.42,5,f
exp1,B3BQST,experimental,balloon,sad,cause,distal,1,0,1980,5.42,5,f
exp1,B3BQST,experimental,balloon,sad,lexical,proximal,0,1,1980,5.42,5,f
exp1,HWcQKH,experimental,balloon,sad,cause,proximal,0,1,3630,9.94,9,f
exp1,HWcQKH,experimental,balloon,sad,lexical,distal,1,0,3630,9.94,9,f
exp1,HWcQKH,experimental,drum,angry,cause,distal,1,0,3630,9.94,9,f
exp1,HWcQKH,experimental,drum,angry,lexical,proximal,0,1,3630,9.94,9,f
exp1,WBZZTd,experimental,balloon,sad,lexical,proximal,0,1,1410,3.86,3,m
exp1,WBZZTd,experimental,balloon,sad,cause,distal,1,0,1410,3.86,3,m
exp1,WBZZTd,experimental,drum,angry,lexical,proximal,0,1,1410,3.86,3,m
exp1,WBZZTd,experimental,drum,angry,cause,distal,1,0,1410,3.86,3,m
exp1,KFFH7U,experimental,drum,angry,cause,proximal,0,1,1380,3.78,3,m
exp1,KFFH7U,experimental,drum,angry,lexical,distal,1,0,1380,3.78,3,m
exp1,KFFH7U,experimental,balloon,sad,cause,proximal,0,1,1380,3.78,3,m
exp1,KFFH7U,experimental,balloon,sad,lexical,distal,1,0,1380,3.78,3,m
exp1,H4FJdS,control,drum,break,lexical,proximal,0,1,2340,6.41,6,m
exp1,H4FJdS,control,drum,break,cause,proximal,0,1,2340,6.41,6,m
exp1,H4FJdS,control,balloon,pop,lexical,proximal,0,1,2340,6.41,6,m
exp1,H4FJdS,control,balloon,pop,cause,proximal,0,1,2340,6.41,6,m
exp1,PUJ7YN,control,balloon,pop,cause,distal,1,0,2520,6.9,6,m
exp1,PUJ7YN,control,balloon,pop,lexical,proximal,0,1,2520,6.9,6,m
exp1,PUJ7YN,control,drum,break,cause,distal,1,0,2520,6.9,6,m
exp1,PUJ7YN,control,drum,break,lexical,proximal,0,1,2520,6.9,6,m
exp1,TTP5Xc,experimental,balloon,sad,cause,distal,1,0,2550,6.98,6,m
exp1,TTP5Xc,experimental,balloon,sad,lexical,distal,1,0,2550,6.98,6,m
exp1,TTP5Xc,experimental,drum,angry,cause,proximal,0,1,2550,6.98,6,m
exp1,TTP5Xc,experimental,drum,angry,lexical,distal,1,0,2550,6.98,6,m
exp1,MFFAA2,control,balloon,pop,lexical,proximal,0,1,3180,8.71,8,f
exp1,MFFAA2,control,balloon,pop,cause,distal,1,0,3180,8.71,8,f
exp1,MFFAA2,control,drum,break,lexical,proximal,0,1,3180,8.71,8,f
exp1,MFFAA2,control,drum,break,cause,distal,1,0,3180,8.71,8,f
exp1,PYKNJE,control,drum,break,lexical,proximal,0,1,3030,8.3,8,m
exp1,PYKNJE,control,drum,break,cause,distal,1,0,3030,8.3,8,m
exp1,PYKNJE,control,balloon,pop,lexical,proximal,0,1,3030,8.3,8,m
exp1,PYKNJE,control,balloon,pop,cause,distal,1,0,3030,8.3,8,m
exp1,U6TWT2,experimental,balloon,sad,cause,proximal,0,1,3090,8.46,8,m
exp1,U6TWT2,experimental,balloon,sad,lexical,proximal,0,1,3090,8.46,8,m
exp1,U6TWT2,experimental,drum,angry,cause,distal,1,0,3090,8.46,8,m
exp1,U6TWT2,experimental,drum,angry,lexical,distal,1,0,3090,8.46,8,m
exp1,NUcHA3,experimental,balloon,sad,cause,distal,1,0,3060,8.38,8,m
exp1,NUcHA3,experimental,balloon,sad,lexical,proximal,0,1,3060,8.38,8,m
exp1,NUcHA3,experimental,drum,angry,cause,distal,1,0,3060,8.38,8,m
exp1,NUcHA3,experimental,drum,angry,lexical,proximal,0,1,3060,8.38,8,m
exp1,4GQH4K,control,balloon,pop,lexical,distal,1,0,2910,7.97,7,m
exp1,4GQH4K,control,balloon,pop,cause,distal,1,0,2910,7.97,7,m
exp1,4GQH4K,control,drum,break,lexical,distal,1,0,2910,7.97,7,m
exp1,4GQH4K,control,drum,break,cause,distal,1,0,2910,7.97,7,m
exp1,DTY3dQ,control,balloon,pop,cause,distal,1,0,2880,7.89,7,f
exp1,DTY3dQ,control,balloon,pop,lexical,proximal,0,1,2880,7.89,7,f
exp1,DTY3dQ,control,drum,break,cause,distal,1,0,2880,7.89,7,f
exp1,DTY3dQ,control,drum,break,lexical,proximal,0,1,2880,7.89,7,f
exp1,YRVDH6,control,balloon,pop,lexical,distal,1,0,2190,6.0,5,f
exp1,YRVDH6,control,balloon,pop,cause,proximal,0,1,2190,6.0,5,f
exp1,YRVDH6,control,drum,break,lexical,distal,1,0,2190,6.0,5,f
exp1,YRVDH6,control,drum,break,cause,proximal,0,1,2190,6.0,5,f
exp1,BEMD67,control,drum,break,cause,distal,1,0,2460,6.74,6,m
exp1,BEMD67,control,drum,break,lexical,proximal,0,1,2460,6.74,6,m
exp1,BEMD67,control,balloon,pop,cause,proximal,0,1,2460,6.74,6,m
exp1,BEMD67,control,balloon,pop,lexical,proximal,0,1,2460,6.74,6,m
exp1,Tc5KEH,control,drum,break,lexical,distal,1,0,2790,7.64,7,m
exp1,Tc5KEH,control,drum,break,cause,distal,1,0,2790,7.64,7,m
exp1,Tc5KEH,control,balloon,pop,lexical,distal,1,0,2790,7.64,7,m
exp1,Tc5KEH,control,balloon,pop,cause,distal,1,0,2790,7.64,7,m
exp1,PEE6XH,control,balloon,pop,cause,distal,1,0,2370,6.49,6,m
exp1,PEE6XH,control,balloon,pop,lexical,proximal,0,1,2370,6.49,6,m
exp1,PEE6XH,control,drum,break,cause,distal,1,0,2370,6.49,6,m
exp1,PEE6XH,control,drum,break,lexical,proximal,0,1,2370,6.49,6,m
exp1,GcEGRC,control,balloon,pop,lexical,distal,1,0,2670,7.31,7,m
exp1,GcEGRC,control,balloon,pop,cause,proximal,0,1,2670,7.31,7,m
exp1,GcEGRC,control,drum,break,lexical,proximal,0,1,2670,7.31,7,m
exp1,GcEGRC,control,drum,break,cause,proximal,0,1,2670,7.31,7,m
exp1,ZDcTBV,control,drum,break,lexical,proximal,0,1,2580,7.06,7,f
exp1,ZDcTBV,control,drum,break,cause,distal,1,0,2580,7.06,7,f
exp1,ZDcTBV,control,balloon,pop,lexical,proximal,0,1,2580,7.06,7,f
exp1,ZDcTBV,control,balloon,pop,cause,distal,1,0,2580,7.06,7,f
exp1,J45HUW,experimental,balloon,sad,cause,distal,1,0,3090,8.46,8,f
exp1,J45HUW,experimental,balloon,sad,lexical,distal,1,0,3090,8.46,8,f
exp1,J45HUW,experimental,drum,angry,cause,distal,1,0,3090,8.46,8,f
exp1,J45HUW,experimental,drum,angry,lexical,distal,1,0,3090,8.46,8,f
exp1,YAGGTV,control,balloon,pop,lexical,proximal,0,1,2820,7.72,7,m
exp1,YAGGTV,control,balloon,pop,cause,distal,1,0,2820,7.72,7,m
exp1,YAGGTV,control,drum,break,lexical,proximal,0,1,2820,7.72,7,m
exp1,YAGGTV,control,drum,break,cause,distal,1,0,2820,7.72,7,m
exp1,YJEWY6,control,drum,break,cause,distal,1,0,3000,8.21,8,f
exp1,YJEWY6,control,drum,break,lexical,proximal,0,1,3000,8.21,8,f
exp1,YJEWY6,control,balloon,pop,cause,distal,1,0,3000,8.21,8,f
exp1,YJEWY6,control,balloon,pop,lexical,proximal,0,1,3000,8.21,8,f
exp1,5J2U3S,control,drum,break,lexical,distal,1,0,2760,7.56,7,f
exp1,5J2U3S,control,drum,break,cause,distal,1,0,2760,7.56,7,f
exp1,5J2U3S,control,balloon,pop,lexical,proximal,0,1,2760,7.56,7,f
exp1,5J2U3S,control,balloon,pop,cause,distal,1,0,2760,7.56,7,f
exp1,HWVSZX,control,drum,break,cause,distal,1,0,2910,7.97,7,m
exp1,HWVSZX,control,drum,break,lexical,proximal,0,1,2910,7.97,7,m
exp1,HWVSZX,control,balloon,pop,cause,distal,1,0,2910,7.97,7,m
exp1,HWVSZX,control,balloon,pop,lexical,proximal,0,1,2910,7.97,7,m
exp1,VUDGKB,control,drum,break,cause,distal,1,0,2700,7.39,7,m
exp1,VUDGKB,control,drum,break,lexical,proximal,0,1,2700,7.39,7,m
exp1,VUDGKB,control,balloon,pop,cause,distal,1,0,2700,7.39,7,m
exp1,VUDGKB,control,balloon,pop,lexical,proximal,0,1,2700,7.39,7,m
exp1,LHKBTE,control,drum,break,cause,distal,1,0,2640,7.23,7,f
exp1,LHKBTE,control,drum,break,lexical,proximal,0,1,2640,7.23,7,f
exp1,LHKBTE,control,balloon,pop,cause,distal,1,0,2640,7.23,7,f
exp1,LHKBTE,control,balloon,pop,lexical,proximal,0,1,2640,7.23,7,f
exp1,FF7ZBW,control,balloon,pop,cause,distal,1,0,2610,7.15,7,m
exp1,FF7ZBW,control,balloon,pop,lexical,proximal,0,1,2610,7.15,7,m
exp1,FF7ZBW,control,drum,break,cause,distal,1,0,2610,7.15,7,m
exp1,FF7ZBW,control,drum,break,lexical,proximal,0,1,2610,7.15,7,m
exp1,YJEWY6,experimental,drum,angry,cause,distal,1,0,3000,8.21,8,f
exp1,YJEWY6,experimental,drum,angry,lexical,proximal,0,1,3000,8.21,8,f
exp1,YJEWY6,experimental,balloon,sad,cause,distal,1,0,3000,8.21,8,f
exp1,YJEWY6,experimental,balloon,sad,lexical,proximal,0,1,3000,8.21,8,f
exp1,SYQHCC,control,drum,break,lexical,proximal,0,1,3060,8.38,8,f
exp1,SYQHCC,control,drum,break,cause,distal,1,0,3060,8.38,8,f
exp1,SYQHCC,control,balloon,pop,lexical,proximal,0,1,3060,8.38,8,f
exp1,SYQHCC,control,balloon,pop,cause,distal,1,0,3060,8.38,8,f
exp1,PS2KQY,control,drum,break,lexical,proximal,0,1,3150,8.62,8,m
exp1,PS2KQY,control,drum,break,cause,distal,1,0,3150,8.62,8,m
exp1,PS2KQY,control,balloon,pop,lexical,proximal,0,1,3150,8.62,8,m
exp1,PS2KQY,control,balloon,pop,cause,distal,1,0,3150,8.62,8,m
exp1,4K3Zc4,experimental,drum,angry,cause,distal,1,0,3060,8.38,8,m
exp1,4K3Zc4,experimental,drum,angry,lexical,distal,1,0,3060,8.38,8,m
exp1,4K3Zc4,experimental,balloon,sad,cause,distal,1,0,3060,8.38,8,m
exp1,4K3Zc4,experimental,balloon,sad,lexical,distal,1,0,3060,8.38,8,m
exp1,D57dWM,experimental,drum,angry,cause,proximal,0,1,3240,8.87,8,m
exp1,D57dWM,experimental,drum,angry,lexical,distal,1,0,3240,8.87,8,m
exp1,D57dWM,experimental,balloon,sad,cause,distal,1,0,3240,8.87,8,m
exp1,D57dWM,experimental,balloon,sad,lexical,proximal,0,1,3240,8.87,8,m
exp1,5Ec24G,control,balloon,pop,cause,distal,1,0,2610,7.15,7,f
exp1,5Ec24G,control,balloon,pop,lexical,proximal,0,1,2610,7.15,7,f
exp1,5Ec24G,control,drum,break,cause,distal,1,0,2610,7.15,7,f
exp1,5Ec24G,control,drum,break,lexical,proximal,0,1,2610,7.15,7,f
exp1,ADDLdE,control,drum,break,cause,proximal,0,1,2610,7.15,7,f
exp1,ADDLdE,control,drum,break,lexical,proximal,0,1,2610,7.15,7,f
exp1,ADDLdE,control,balloon,pop,cause,distal,1,0,2610,7.15,7,f
exp1,ADDLdE,control,balloon,pop,lexical,proximal,0,1,2610,7.15,7,f
exp1,TR7cFM,control,drum,break,cause,distal,1,0,2970,8.13,8,f
exp1,TR7cFM,control,drum,break,lexical,proximal,0,1,2970,8.13,8,f
exp1,TR7cFM,control,balloon,pop,cause,proximal,0,1,2970,8.13,8,f
exp1,TR7cFM,control,balloon,pop,lexical,proximal,0,1,2970,8.13,8,f
exp1,66S6GM,experimental,drum,angry,lexical,distal,1,0,3090,8.46,8,m
exp1,66S6GM,experimental,drum,angry,cause,distal,1,0,3090,8.46,8,m
exp1,66S6GM,experimental,balloon,sad,lexical,proximal,0,1,3090,8.46,8,m
exp1,66S6GM,experimental,balloon,sad,cause,distal,1,0,3090,8.46,8,m
exp1,ZDW6GF,control,drum,break,cause,proximal,0,1,3030,8.3,8,m
exp1,ZDW6GF,control,drum,break,lexical,proximal,0,1,3030,8.3,8,m
exp1,ZDW6GF,control,balloon,pop,cause,distal,1,0,3030,8.3,8,m
exp1,ZDW6GF,control,balloon,pop,lexical,distal,1,0,3030,8.3,8,m
exp1,VW62YC,control,drum,break,lexical,proximal,0,1,3210,8.79,8,m
exp1,VW62YC,control,drum,break,cause,distal,1,0,3210,8.79,8,m
exp1,VW62YC,control,balloon,pop,lexical,proximal,0,1,3210,8.79,8,m
exp1,VW62YC,control,balloon,pop,cause,distal,1,0,3210,8.79,8,m
exp1,7cYYTL,control,balloon,pop,lexical,proximal,0,1,3180,8.71,8,f
exp1,7cYYTL,control,balloon,pop,cause,distal,1,0,3180,8.71,8,f
exp1,7cYYTL,control,drum,break,lexical,proximal,0,1,3180,8.71,8,f
exp1,7cYYTL,control,drum,break,cause,distal,1,0,3180,8.71,8,f
exp1,5DL3M3,control,balloon,pop,lexical,proximal,0,1,2730,7.47,7,f
exp1,5DL3M3,control,balloon,pop,cause,distal,1,0,2730,7.47,7,f
exp1,5DL3M3,control,drum,break,lexical,proximal,0,1,2730,7.47,7,f
exp1,5DL3M3,control,drum,break,cause,distal,1,0,2730,7.47,7,f
exp1,4NSW3F,experimental,balloon,sad,lexical,distal,1,0,3060,8.38,8,m
exp1,4NSW3F,experimental,balloon,sad,cause,proximal,0,1,3060,8.38,8,m
exp1,4NSW3F,experimental,drum,angry,lexical,distal,1,0,3060,8.38,8,m
exp1,4NSW3F,experimental,drum,angry,cause,distal,1,0,3060,8.38,8,m
exp1,SBdDS4,experimental,balloon,sad,lexical,proximal,0,1,3030,8.3,8,m
exp1,SBdDS4,experimental,balloon,sad,cause,distal,1,0,3030,8.3,8,m
exp1,SBdDS4,experimental,drum,angry,lexical,proximal,0,1,3030,8.3,8,m
exp1,SBdDS4,experimental,drum,angry,cause,distal,1,0,3030,8.3,8,m
exp1,LMBSRG,experimental,drum,angry,lexical,distal,1,0,3180,8.71,8,m
exp1,LMBSRG,experimental,drum,angry,cause,proximal,0,1,3180,8.71,8,m
exp1,LMBSRG,experimental,balloon,sad,lexical,distal,1,0,3180,8.71,8,m
exp1,LMBSRG,experimental,balloon,sad,cause,proximal,0,1,3180,8.71,8,m
exp1,TW4URd,experimental,drum,angry,cause,distal,1,0,3120,8.54,8,m
exp1,TW4URd,experimental,drum,angry,lexical,proximal,0,1,3120,8.54,8,m
exp1,TW4URd,experimental,balloon,sad,cause,distal,1,0,3120,8.54,8,m
exp1,TW4URd,experimental,balloon,sad,lexical,proximal,0,1,3120,8.54,8,m
exp1,U6TWT2,experimental,balloon,sad,cause,distal,1,0,3120,8.54,8,m
exp1,U6TWT2,experimental,balloon,sad,lexical,proximal,0,1,3120,8.54,8,m
exp1,U6TWT2,experimental,drum,angry,cause,distal,1,0,3120,8.54,8,m
exp1,U6TWT2,experimental,drum,angry,lexical,distal,1,0,3120,8.54,8,m
exp1,RHcS3c,control,drum,break,cause,distal,1,0,3150,8.62,8,f
exp1,RHcS3c,control,drum,break,lexical,proximal,0,1,3150,8.62,8,f
exp1,RHcS3c,control,balloon,pop,cause,distal,1,0,3150,8.62,8,f
exp1,RHcS3c,control,balloon,pop,lexical,proximal,0,1,3150,8.62,8,f
exp1,3NXTQB,control,drum,break,lexical,proximal,0,1,2970,8.13,8,m
exp1,3NXTQB,control,drum,break,cause,distal,1,0,2970,8.13,8,m
exp1,3NXTQB,control,balloon,pop,lexical,proximal,0,1,2970,8.13,8,m
exp1,3NXTQB,control,balloon,pop,cause,distal,1,0,2970,8.13,8,m
exp1,UADRUE,control,balloon,pop,cause,distal,1,0,2940,8.05,8,m
exp1,UADRUE,control,balloon,pop,lexical,proximal,0,1,2940,8.05,8,m
exp1,UADRUE,control,drum,break,cause,distal,1,0,2940,8.05,8,m
exp1,UADRUE,control,drum,break,lexical,proximal,0,1,2940,8.05,8,m
exp1,CPFKL5,experimental,balloon,sad,lexical,distal,1,0,3210,8.79,8,m
exp1,CPFKL5,experimental,balloon,sad,cause,proximal,0,1,3210,8.79,8,m
exp1,CPFKL5,experimental,drum,angry,lexical,distal,1,0,3210,8.79,8,m
exp1,CPFKL5,experimental,drum,angry,cause,distal,1,0,3210,8.79,8,m
exp1,KGKS3X,control,balloon,pop,lexical,distal,1,0,3240,8.87,8,f
exp1,KGKS3X,control,balloon,pop,cause,distal,1,0,3240,8.87,8,f
exp1,KGKS3X,control,drum,break,lexical,proximal,0,1,3240,8.87,8,f
exp1,KGKS3X,control,drum,break,cause,distal,1,0,3240,8.87,8,f
exp1,UHJ7F4,experimental,balloon,sad,cause,distal,1,0,3270,8.95,8,f
exp1,UHJ7F4,experimental,balloon,sad,lexical,proximal,0,1,3270,8.95,8,f
exp1,UHJ7F4,experimental,drum,angry,cause,distal,1,0,3270,8.95,8,f
exp1,UHJ7F4,experimental,drum,angry,lexical,distal,1,0,3270,8.95,8,f
